MetricID,Page,Group,Metric,Classification,RealSource,Formula,Unit,TimeWindow,OrgScoped,Joins,DrillDownSource,AttributionDependency,Status,Category(A/B/C/D),PlausibleExternalSource,DuplicateOf,Notes,StatusNorm,CategoryNorm
MAIN-0001,Main Hub,Filters bar,Social Platform,DIMENSION,static enum SOCIAL_PLATFORMS in src/lib/social-platform.ts:1-13; applied as a real client-side filter against leads.source_platform/source_campaign and calls.source_platform/source_campaign via normalizeSocialPlatform() (src/routes/_authenticated.dashboard.tsx:363-368),n/a - dimension filter not a metric,count (enum of values),selected date range via DateRangeProvider,"yes - filters rows already fetched with .eq('org_id', orgId) (dashboard.tsx:304-341)",leads/calls,none (drives Main Hub content),n/a,LIVE,A,n/a,none,"Given status(PLACEHOLDER) is wrong: this is a real filter against real columns, not a static label with no backing data. Values are a fixed 11-item taxonomy, not pulled from DB distinct values, but matching is real.",LIVE,A
MAIN-0002,Main Hub,Filters bar,Acquisition Source,DIMENSION,static enum ACQUISITION_SOURCES in src/lib/acquisition-source.ts:15-27; applied via acquisitionSourceMatches() against leads/calls.source_platform (dashboard.tsx:372-391; comment at 378-386 explains this uses source_platform not source_campaign after a prior bugfix),n/a - dimension filter,count (enum of values),selected date range via DateRangeProvider,"yes - filters rows already fetched with .eq('org_id', orgId)",leads/calls,none,n/a,LIVE,A,n/a,none,"Real filter, real column evidence. Comment at dashboard.tsx:378-386 documents this deliberately has no traffic_sources.category join at this query level (unlike Attribution Command Center), so results may differ slightly from /attribution page - an honest limitation, not fabrication.",LIVE,A
MAIN-0003,Main Hub,Filters bar,Webinar,DIMENSION,"public.webinars table via useWebinars() hook (src/hooks/use-webinars.ts:29-51); nested branch of Acquisition Source filter, matched via matchesWebinarFilter (dashboard.tsx:372-377) against calls.source_webinar_id",n/a - dimension filter,count (enum of real webinar records),all webinars regardless of range (dropdown population); filtering itself scoped to page date range,"yes - .eq('org_id', orgId) use-webinars.ts:41",calls (source_webinar_id) fetched only when this branch is selected (dashboard.tsx:342-349),Webinar Analytics page (/webinar-analytics),n/a,LIVE,A,n/a,none,"Real org-scoped webinars table, RLS-protected (supabase/migrations/20260827090000_analytics_expansion_foundation.sql:31-50). devBypass-only mock fixture used solely when no real session exists (local dev), not a production fallback.",LIVE,A
MAIN-0004,Main Hub,Cash hero,Cash Collected,DERIVED,dashboard.tsx fetchPeriod() lines 403-422,"Math.max(paymentsCash, callsCash+setterCash) where paymentsCash=sum(payments.amount_cents), callsCash=sum(calls.cash_collected_cents), setterCash=sum(setter_activity.cash_collected_cents)","$ (cents in DB, formatted as dollars)",selected date range via DateRangeProvider,"yes - all 3 source queries .eq('org_id', orgId) (dashboard.tsx:304,325,339)","payments + calls + setter_activity (unioned via max, not joined)",none direct - underlying record tables are /payments and /closer,n/a,LIVE,A,n/a,"near-dup of ADMI-0798 (Admin-Home Cash Collected, window=today only) and ADMI-0812/ADMI-0817 (Closer/Manager cash, per-role scoped)","Comment at dashboard.tsx:409-411: max() avoids double-counting when both a payments record and a sales-team self-report exist for the same dollars, and surfaces sales data when payments integration isn't wired.",LIVE,A
MAIN-0005,Main Hub,Cash hero,Revenue Generated,RAW,dashboard.tsx fetchPeriod() line 431: sum of calls.contract_value_cents for calls matching filters,"curr.contractValue = callList.reduce((s,c)=>s+(c.contract_value_cents??0),0)",$ (unit given as % is wrong),selected date range,yes,calls,none direct,n/a,LIVE,A,n/a,none,"Given unit=% is incorrect per actual code: CashHero renders this via money() formatting (dashboard.tsx:2609-2611), a dollar figure. Given type=DERIVED is also off: it's a raw column sum, not a ratio.",LIVE,A
MAIN-0006,Main Hub,Cash hero,Cash collected rate,DERIVED,"CashHero component, dashboard.tsx:2549",cashRate = (Cash Collected / Revenue Generated) * 100,%,selected date range (same as curr/revenue above),yes (inherits from curr/revenue's org-scoped queries),none additional,none direct,n/a,LIVE,A,n/a,none,Simple ratio of two already-verified LIVE numbers (MAIN-0004/MAIN-0005). prevCashRatePct computed identically for the prior period for the delta shown.,LIVE,A
MAIN-0007,Main Hub,Cash hero,Pace .../day,DERIVED,dashboard.tsx lines 1012-1022 (pace predictor) and CashHero render at line 2696,"dailyPace = monthCash / dayOfMonth; monthCash = max(sum(payments.amount_cents for current calendar month), sum(calls.cash_collected_cents)+sum(setter_activity.cash_collected_cents) for current calendar month)",$ per day,current calendar month to date (NOT the page's date-range filter; anchored to today's month per dashboard.tsx:664-669),"yes - monthPays/monthCalls/monthSetters all .eq('org_id', orgId) (dashboard.tsx:704-730)",payments + calls + setter_activity,none direct,n/a,LIVE,A,n/a,"duplicate value also shown as ""Per day"" in Month-end pace (MAIN-0010)","Deliberately independent of the page's selected date-range filter: always calendar-month-to-date, documented in code comments.",LIVE,A
MAIN-0008,Main Hub,Month-end pace,Projected close,DERIVED,dashboard.tsx line 1022 and PaceTallCard render at line 2759,projection = dailyPace * daysInMonth (linear extrapolation of month-to-date daily pace across the full calendar month),$,current calendar month (daysInMonth = calendar days in month; not the page date-range filter),yes (inherits monthCash's org-scoped queries),payments + calls + setter_activity,none direct,n/a,LIVE,A,n/a,none,Simple linear projection - no confidence interval or trend adjustment; an honest but naive extrapolation.,LIVE,A
MAIN-0009,Main Hub,Month-end pace,Collected so far,RAW,dashboard.tsx line 1020 monthCash,"monthCash = Math.max(monthPaymentsCash, monthReportedCash) for current calendar month",$,current calendar month to date,yes,payments + calls + setter_activity,none direct,n/a,LIVE,A,n/a,none,Same underlying number family as MAIN-0007/MAIN-0008.,LIVE,A
MAIN-0010,Main Hub,Month-end pace,Per day,RAW,dashboard.tsx line 1021 dailyPace,dailyPace = monthCash / dayOfMonth,$ per day,current calendar month to date,yes,payments + calls + setter_activity,none direct,n/a,LIVE,A,n/a,"MAIN-0007 (identical value: ""Pace .../day"" in Cash hero footer is the same dailyPace shown here as ""Per day"")",Exact duplicate value rendered in two places on the same page.,LIVE,A
MAIN-0011,Main Hub,Month-end pace,Target status (No Target/Insufficient Data/Ahead/On Pace/Behind/At Risk),STATUS,"src/lib/kpi-targets.ts computeTargetProgress() (lines 260-376); target sourced from rep_kpi_targets table via fetchRepKpiTargets(orgId,'closer') (src/lib/rep-kpi-targets.ts:39-51), filtered to metricKey='cash_collected_cents', period='monthly', summed across active closer targets (dashboard.tsx:1354-1364)",Deterministic rules: status='no_target' if no target row exists; 'ahead' if attainment>=1 (period complete) or relativeToExpected>=0.05; 'on_pace' if attainment>=0.9 or relativeToExpected>=-0.1; 'at_risk' if requiredDailyPace > 2x normal target daily rate; else 'behind'. Full logic kpi-targets.ts:329-361,status enum (6 values); given unit=% is wrong,"current calendar month (periodWindow anchored to today, independent of page date-range filter)","yes - rep_kpi_targets query .eq('org_id', orgId) rep-kpi-targets.ts:45",rep_kpi_targets (sum of active closer 'cash_collected_cents'/'monthly' rows) vs monthCash actual,"Team -> KPI Targets page (referenced in empty-state copy, dashboard.tsx:2825)",n/a,LIVE,A,n/a,none,"Pure, well-tested calculation module (header states 'no Supabase imports here on purpose'). Honestly renders 'No monthly Cash Collected target configured' when no target row exists rather than fabricating a status.",LIVE,A
MAIN-0012,Main Hub,Executive KPI row,Total Cash Collected,RAW,same as MAIN-0004: dashboard.tsx c.cash rendered at line 1968,= Cash Collected (MAIN-0004),$,selected date range,yes,payments + calls + setter_activity,none direct,n/a,LIVE,A,n/a,MAIN-0004 (exact duplicate: same value rendered twice on the page - Cash hero and this KpiCard row),"Comment at dashboard.tsx:1955-1963 claims 'Cash Collected/Total Revenue aren't repeated as plain KpiCards here' - contradicted by the code, which DOES render both. Confirmed literal duplicate.",LIVE,A
MAIN-0013,Main Hub,Executive KPI row,Total Revenue Generated,RAW,same as MAIN-0005: dashboard.tsx c.contractValue rendered at line 1974,= Revenue Generated (MAIN-0005),$ (given unit=% is wrong),selected date range,yes,calls,none direct,n/a,LIVE,A,n/a,MAIN-0005 (exact duplicate),Same duplicate pattern as MAIN-0012.,LIVE,A
MAIN-0014,Main Hub,Executive KPI row,MRR — Low Ticket,OTHER,"dashboard.tsx lines 1978-1983: hardcoded string, no query","value=""Not tracked"" literal string; supporting text: ""Requires a client-level recurring-revenue field this schema doesn't have yet.""",n/a,n/a,n/a,none,none,n/a,NOT AVAILABLE,D,no evidence of intended source,none,Explicitly and honestly hardcoded as unavailable: no MRR/recurring-revenue field exists anywhere in the clients schema. Cleanest example in the file of the app's 'never fabricate' discipline: it could have shown a fake number but shows 'Not tracked' instead.,NOT AVAILABLE,D
MAIN-0015,Main Hub,Executive KPI row,Low Ticket Active,RAW,"dashboard.tsx activeTierCounts query lines 523-550: supabase.from('clients').select('id, leads(ticket_tier)').eq('org_id', orgId).eq('status','active')",count of active clients whose linked leads.ticket_tier === 'low',count,none/point-in-time (deliberately NOT scoped to page date range; comment at dashboard.tsx:519-522 explains 'Active' is a current-state snapshot),"yes - .eq('org_id', orgId) dashboard.tsx:541",clients joined to leads (via leads(ticket_tier) embedded select),/payments (onClick navigates there),n/a,LIVE,A,n/a,none,Deliberately date-range-independent by design (documented rationale in code comment).,LIVE,A
MAIN-0016,Main Hub,Executive KPI row,High Ticket Active,RAW,same query as MAIN-0015,count of active clients whose linked leads.ticket_tier === 'high',count,none/point-in-time,yes,clients joined to leads,/payments,n/a,LIVE,A,n/a,none,Same source query as MAIN-0015 (single query produces low/high/unclassified/total).,LIVE,A
MAIN-0017,Main Hub,Company KPIs,New Leads,RAW,dashboard.tsx fetchPeriod() line 426: c.newLeads = leadList.length,count of leads rows matching filters,count,selected date range,"yes - leads query .eq('org_id', orgId) dashboard.tsx:317",leads,"funnel diagnostic 'Leads' stage drilldown (funnelPanel, dashboard.tsx:1633-1640)",n/a,LIVE,A,n/a,MAIN-0064/MAIN-0065 funnel diagnostic 'Leads' stage uses the same curr.newLeads value,none,LIVE,A
MAIN-0018,Main Hub,Company KPIs,Total Views,RAW,dashboard.tsx fetchPeriod() line 432: contentList.reduce(...views),sum of content_metrics.views for the period (only when no platform/source filter active; contentList is empty otherwise per line 399-400),count,selected date range,"yes - content_metrics query .eq('org_id', orgId) dashboard.tsx:331",content_metrics,none direct,n/a,LIVE,A,n/a,MAIN-0064 funnel diagnostic 'Views' stage,"Silently returns 0 when Social Platform or Acquisition Source filter is active (content_metrics has no platform/source columns to filter by) - not indicated to the user in the UI, an honest-data-but-confusing-UX edge case worth flagging.",LIVE,A
MAIN-0019,Main Hub,Paid Ad Performance,Ad Cash Collected,RAW,"dashboard.tsx adAttributed query lines 587-625: calls (closed=true) joined to leads.traffic_source_id joined to traffic_sources.category, filtered to category IN ('Meta Ads','Google')",sum of cash_collected_cents for closed calls whose lead's traffic_source category is Meta Ads or Google,$,selected date range,"yes - all 3 queries .eq('org_id', orgId) (dashboard.tsx:598,602,603)",calls joined to leads joined to traffic_sources,none direct,"last-touch-like (uses lead's single traffic_source_id, not a multi-touch model)",PARTIALLY CONNECTED,A,"Meta Ads / Google Ads (traffic_sources.category values already exist in schema, but the ad-platform connector/webhook that populates traffic_source_id per lead is not evidenced in src/routes/api/public/*)",MAIN-0020 shares the same query/join,"Renders 'Not tracked' (adAttributed.hasData===false) when no lead has a traffic_source_id set: honest empty state, not a fake number. Comment at dashboard.tsx:576-586 confirms this is deliberately narrower than Total Cash Collected.",PARTIALLY CONNECTED,A
MAIN-0020,Main Hub,Paid Ad Performance,Ad Total Revenue,RAW,same query as MAIN-0019 (dashboard.tsx:587-625),sum of contract_value_cents for the same paid-attributed closed calls,$,selected date range,yes,calls joined to leads joined to traffic_sources,none direct,last-touch-like,PARTIALLY CONNECTED,A,Meta Ads / Google Ads,MAIN-0019,Same caveats as MAIN-0019.,PARTIALLY CONNECTED,A
MAIN-0021,Main Hub,Paid Ad Performance,Ad Spend,RAW,"dashboard.tsx adSpend query lines 558-574: supabase.from('acquisition_spend').select('spend_amount_cents').eq('org_id', orgId).gte/lte(spend_date, range)",sum of acquisition_spend.spend_amount_cents in range,$,selected date range,yes,acquisition_spend,none direct,n/a,PARTIALLY CONNECTED,B,"Meta Ads Manager / Google Ads (acquisition_spend is the same real table Webinar Analytics reads per-webinar; no webhook/connector route under src/routes/api/public/* was found feeding it, so spend appears to be manually entered)",none,"Renders 'Not tracked' when no rows exist (adSpend.hasData===false): honest, not fabricated. Schema exists and is queried for real; whether spend is entered manually or via an integration wasn't confirmed - no ad-platform connector route found in src/routes/api/public/*.",PARTIALLY CONNECTED,B
MAIN-0022,Main Hub,Paid Ad Performance,ROAS,DERIVED,dashboard.tsx lines 2092-2114,"(adAttributed.revenueCents / adSpend.spendCents), rendered e.g. '2.35x'; only computed when both adSpend.hasData and adAttributed.hasData and both >0, else 'Not tracked'",ratio rendered as 'x' (given unit=% is wrong),selected date range,"yes (inherits from MAIN-0020 and MAIN-0021, both org-scoped)",calls joined to leads joined to traffic_sources + acquisition_spend,none direct,last-touch-like (via Ad Total Revenue),PARTIALLY CONNECTED,A/B (depends on whether spend feed is connected),Meta Ads / Google Ads,MAIN-0019/MAIN-0020/MAIN-0021 (composed from all three),"Given unit=% is wrong: rendered as a multiplier ('x'), not a percentage.",PARTIALLY CONNECTED,A
MAIN-0023,Main Hub,Traffic → VSL,VSL Page Visits,RAW,"src/components/hub-operating-metrics.tsx query lines 593-598: supabase.from('vsl_metric_snapshots').select(...).eq('org_id', orgId), summed at line 156",sum of vsl_metric_snapshots.page_loads,count,"selected date range (via useDateRange, independent query from main dashboard)","yes - .eq('org_id', orgId) hub-operating-metrics.tsx:596",vsl_metric_snapshots,none direct (no drilldown UI wired for this KpiBand item),n/a,PARTIALLY CONNECTED,B,"Wistia / VSL hosting platform (vsl_metric_snapshots is a real, queried table but no connector/webhook route under src/routes/api/public/* was found populating it - likely requires the un-built VSL analytics integration)",none,Query and aggregation are real; whether this table is actually populated by any integration in this org was not verifiable from code alone. Empty-state text ('No VSL page visits logged in this range') is honest.,PARTIALLY CONNECTED,B
MAIN-0024,Main Hub,Traffic → VSL,VSL Plays,RAW,hub-operating-metrics.tsx line 157: plays = sum of total_plays,sum of vsl_metric_snapshots.total_plays,count,selected date range,yes,vsl_metric_snapshots,none direct,n/a,PARTIALLY CONNECTED,B,Wistia / VSL hosting platform,none,Same table/caveats as MAIN-0023.,PARTIALLY CONNECTED,B
MAIN-0025,Main Hub,Traffic → VSL,Unique Viewers,RAW,hub-operating-metrics.tsx line 158: viewers = sum of unique_viewers,sum of vsl_metric_snapshots.unique_viewers,count,selected date range,yes,vsl_metric_snapshots,none direct,n/a,PARTIALLY CONNECTED,B,Wistia / VSL hosting platform,none,Same table/caveats as MAIN-0023.,PARTIALLY CONNECTED,B
MAIN-0026,Main Hub,Traffic → VSL,Engagement Rate,AGGREGATED,hub-operating-metrics.tsx lines 159-162,"average of vsl_metric_snapshots.avg_percent_watched across rows with a nonzero value (arithmetic mean of an already-averaged per-row percentage, not a count ratio)",%,selected date range,yes,vsl_metric_snapshots,none direct,n/a,PARTIALLY CONNECTED,B,Wistia / VSL hosting platform,none,"Code comment (hub-operating-metrics.tsx:221-225) explicitly notes this is an average of a per-row percentage, deliberately not forced into the day-bucketed ratio shape used for other rates, to avoid misrepresenting it.",PARTIALLY CONNECTED,B
MAIN-0027,Main Hub,Traffic → VSL,Play Rate,DERIVED,hub-operating-metrics.tsx rateCharts 'playrate' (lines 736-745),"ratePct(plays,visits) = (VSL Plays / VSL Page Visits) * 100",%,selected date range,yes (inherits from MAIN-0023/24),vsl_metric_snapshots,none direct,n/a,PARTIALLY CONNECTED,B,Wistia / VSL hosting platform,MAIN-0033 (identical chart object rendered again under Operating Rates -> Marketing efficiency),Exact duplicate render of the same computed chart (hub-operating-metrics.tsx:442-443 includes 'playrate' key in the marketing-efficiency subset of OperatingRatesPipeline).,PARTIALLY CONNECTED,B
MAIN-0028,Main Hub,Applications,Applications Submitted,RAW,hub-operating-metrics.tsx: appRows = leadRows.filter(isCompleteApp) (line 657); isCompleteApp() at lines 120-123 checks leads.application_data is a non-empty object,count of leads whose application_data JSON has at least one key,count,selected date range,"yes - leads query .eq('org_id', orgId) hub-operating-metrics.tsx:602",leads,none direct,n/a,LIVE,A,n/a,MAIN-0039 ('New inbound leads' in Rep Efficiency card reuses this exact same totals.apps count under a different label),"IMPORTANT: totals.apps (this metric) is reused verbatim as 'New inbound leads' in the Rep Efficiency & Inbound Velocity card (InboundVelocityCard, hub-operating-metrics.tsx:236: inboundLeads = totals.apps). Same number, two different labels/sections on the same page - likely to confuse a reader into thinking they are different populations.",LIVE,A
MAIN-0029,Main Hub,Applications,Completion Rate,AGGREGATED,hub-operating-metrics.tsx appCompleteness() lines 125-131 and aggregate() line 164-166,"average of appCompleteness(lead) across all apps, where appCompleteness = min(1, (count of APP_FIELDS with non-empty value in application_data) / 13); APP_FIELDS is a fixed list of 13 expected Typeform question keys (lines 51-65)",%,selected date range,yes,leads,none direct,n/a,LIVE,A,n/a,none,"Formula ported verbatim from a deleted module per code comment (lines 48-50, 209-213: Part 6 deleted the old flat HubMetrics bands, restored here). Depends on APP_FIELDS key names actually matching the real Typeform field mapping - not independently verified in this pass.",LIVE,A
MAIN-0030,Main Hub,Applications,Application Quality,AGGREGATED,hub-operating-metrics.tsx appQuality() lines 133-140,"average of appQuality(lead) across apps; appQuality = intent_score-derived 1-5 score if leads.intent_score>0 (scaled /20 if >5), else a 1-4 score from (answered fields/13)*3 + 1, +1 bonus if leads.priority==='diamond', rendered e.g. '3.2/5'",score 1-5 (given unit=count is wrong),selected date range,yes,leads,none direct,n/a,LIVE,A,n/a,none,"Given unit=count is wrong: it's a 1-5 composite score, not a count. Formula is a heuristic blend of intent_score/answered-field-count/priority-flag, not a single canonical field.",LIVE,A
MAIN-0031,Main Hub,Applications,Pre-call Vids Watched,RAW,hub-operating-metrics.tsx line 168: leads.filter(l=>l.precall_video_watched).length,count of leads rows in range with precall_video_watched=true,count,selected date range,yes,leads,none direct,n/a,LIVE,A,n/a,none,Straightforward boolean-column count.,LIVE,A
MAIN-0032,Main Hub,Applications,Application → Booked Call Rate,DERIVED,hub-operating-metrics.tsx rateItem('appbooked') using rateCharts 'appbooked' (lines 746-754),"ratePct(booked,apps) = (calls booked in range / Applications Submitted) * 100",%,selected date range,yes,leads (apps) + calls (booked),none direct,n/a,LIVE,A,n/a,MAIN-0034 (identical chart rendered again under Operating Rates as 'App -> Booked'),Exact duplicate of MAIN-0034: same rateCharts entry (key 'appbooked') rendered in both the Applications band and the Operating Rates pipeline.,LIVE,A
MAIN-0033,Main Hub,Operating Rates,Play Rate,DERIVED,hub-operating-metrics.tsx OperatingRatesPipeline marketing filter includes key 'playrate' (line 443),= Play Rate (MAIN-0027),%,selected date range,yes,vsl_metric_snapshots,none direct,n/a,PARTIALLY CONNECTED,B,Wistia / VSL hosting platform,MAIN-0027 (exact duplicate),See MAIN-0027 notes.,PARTIALLY CONNECTED,B
MAIN-0034,Main Hub,Operating Rates,App → Booked,DERIVED,hub-operating-metrics.tsx OperatingRatesPipeline marketing filter includes key 'appbooked' (line 443),= Application → Booked Call Rate (MAIN-0032),% (given unit=count is wrong; RateProgress renders currentPct.toFixed(1)+'%' at line 417),selected date range,yes,leads + calls,none direct,n/a,LIVE,A,n/a,MAIN-0032 (exact duplicate),"Given unit=count is wrong; given type=RAW is also wrong (it's the same DERIVED ratio as MAIN-0032, just relabeled).",LIVE,A
MAIN-0035,Main Hub,Operating Rates,Qualified Convo Rate,DERIVED,hub-operating-metrics.tsx rateCharts 'qualrate' (lines 764-772),"ratePct(qualified,contacted) = (sum setter_activity.qualified_convos / sum setter_activity.leads_contacted) * 100",%,selected date range,"yes - setter_activity query .eq('org_id', orgId) hub-operating-metrics.tsx:590",setter_activity,none direct,n/a,LIVE,A,n/a,none,Straightforward ratio of two setter_activity columns.,LIVE,A
MAIN-0036,Main Hub,Operating Rates,Pick-up Rate,DERIVED,hub-operating-metrics.tsx rateCharts 'pickuprate' (lines 755-763),"ratePct(connections,dials) = (sum setter_activity.connections / sum setter_activity.dials) * 100",%,selected date range,yes,setter_activity,none direct,n/a,LIVE,A,n/a,none,none,LIVE,A
MAIN-0037,Main Hub,Operating Rates,Show Rate,DERIVED,hub-operating-metrics.tsx rateCharts 'showrate' (lines 773-781),"ratePct(showed,booked) = (calls.showed=true count / calls booked count) * 100",%,selected date range,"yes - calls query .eq('org_id', orgId) hub-operating-metrics.tsx:607",calls,none direct,n/a,LIVE,A,n/a,none,none,LIVE,A
MAIN-0038,Main Hub,Operating Rates,Close Rate (on show),DERIVED,hub-operating-metrics.tsx rateCharts 'closerate' (lines 782-790),"ratePct(closed,showed) = (calls.closed=true count / calls.showed=true count) * 100",%,selected date range,yes,calls,none direct,n/a,LIVE,A,n/a,none,"Labeled '(on show)' meaning denominator is Showed, not Booked - matches code (closed/showed, not closed/booked).",LIVE,A
MAIN-0039,Main Hub,Rep Efficiency & Inbound Velocity,New inbound leads,RAW,hub-operating-metrics.tsx InboundVelocityCard line 236: inboundLeads = totals.apps,= totals.apps (same value as Applications Submitted MAIN-0028),count,selected date range,yes,leads,none direct,n/a,LIVE,A,n/a,MAIN-0028 (exact duplicate value under a different label),"See MAIN-0028 Notes: this is the same number relabeled, not an independent 'new inbound leads' figure. Likely to mislead a reader comparing the two sections.",LIVE,A
MAIN-0040,Main Hub,Rep Efficiency & Inbound Velocity,Qualified convos,RAW,hub-operating-metrics.tsx InboundVelocityCard line 237: qualified = totals.qualified,sum of setter_activity.qualified_convos,count,selected date range,yes,setter_activity,none direct,n/a,LIVE,A,n/a,same underlying sum as the numerator of MAIN-0035 Qualified Convo Rate,none,LIVE,A
MAIN-0041,Main Hub,Rep Efficiency & Inbound Velocity,Links sent,RAW,hub-operating-metrics.tsx InboundVelocityCard line 238: links = totals.linksSent,sum of setter_activity.links_sent,count,selected date range,yes,setter_activity,none direct,n/a,LIVE,A,n/a,none,none,LIVE,A
MAIN-0042,Main Hub,Rep Efficiency & Inbound Velocity,Avg first response time,OTHER,"hub-operating-metrics.tsx lines 242-243, inside velocityRows array literal","HARDCODED: { label: 'Avg first response time', value: '< 4 mins', pct: 82 } - a literal string and literal number, not computed from any query result or column",n/a (fake unit - claims minutes),n/a - static,no,none,none,n/a,PLACEHOLDER,D,"no evidence of intended source (no speed-to-lead timestamp columns referenced here at all; a separate real speed-to-lead.ts module exists elsewhere in the app for the Inbound Dialer flow, but this card does not call it)",none,"CONFIRMED FABRICATED METRIC: this literally hardcodes '< 4 mins' and pct: 82 in the component source - it never varies regardless of real data. This LOOKS like a real live KPI card with a progress bar, identical visual treatment to the real Convo-to-link sent rate and Daily inbound volume pace rows right next to it, making it the most deceptive fabricated number found in this domain.",PLACEHOLDER,D
MAIN-0043,Main Hub,Rep Efficiency & Inbound Velocity,Convo-to-link sent rate,DERIVED,hub-operating-metrics.tsx InboundVelocityCard line 240: linkRate = qualified>0 ? (links/qualified)*100 : 0,(Links sent / Qualified convos) * 100,%,selected date range,yes (inherits setter_activity org scope),setter_activity,none direct,n/a,LIVE,A,n/a,none,"Real ratio of two real setter_activity sums (MAIN-0040/MAIN-0041), rendered with the same progress-bar visual as the fabricated MAIN-0042 next to it.",LIVE,A
MAIN-0044,Main Hub,Rep Efficiency & Inbound Velocity,Daily inbound volume pace,DERIVED,hub-operating-metrics.tsx InboundVelocityCard line 241: volumePace = series.length>0 ? inboundLeads/series.length : 0,totals.apps / number of days in the daily series (i.e. average apps/day over the selected range),count per day (given unit=% is wrong),selected date range,yes,leads,none direct,n/a,LIVE,A,n/a,inherits duplicate concern from MAIN-0039/MAIN-0028 (uses the same totals.apps numerator),"Given unit=% is wrong: rendered as e.g. '3.2 leads/day', a rate-per-day not a percentage.",LIVE,A
MAIN-0045,Main Hub,Rep Efficiency & Inbound Velocity,Top inbound setter,OTHER,"hub-operating-metrics.tsx InboundVelocityCard prop topSetter (lines 230-234, 381-393 render block), but the ONLY call site (HubOperatingMetrics render at line 996) invokes <InboundVelocityCard totals={t} series={inboundSeries} /> with NO topSetter prop passed","the render block is gated on {topSetter && (...)}; since topSetter is always undefined at the one call site, this block never renders",n/a,n/a,no query exists for this,none,none,n/a,NOT AVAILABLE,C,no evidence of intended source,none,"CONFIRMED DEAD CODE: the component supports a 'Top inbound setter' display but it is never wired up - no query anywhere computes a top-setter-by-links-sent figure, and the one place that could pass the prop doesn't. This UI element is effectively invisible to every user today, despite existing in the source.",NOT AVAILABLE,C
MAIN-0046,Main Hub,Client Momentum,Active Clients,RAW,hub-operating-metrics.tsx line 667: clientRows.filter(c=>c.status==='active').length,count of clients rows where status='active',count,none/point-in-time (query has no date filter; hub-operating-metrics.tsx:617 fetches all clients for the org),"yes - .eq('org_id', orgId) hub-operating-metrics.tsx:617",clients,"MetricDetailPanel client roster (hub-operating-metrics.tsx:998-1030, real row-level clients table)",n/a,LIVE,A,n/a,"near-dup of ADMI-0800 Active Mentees (same clients.status='active' count, different page)",Has a real drilldown to the actual client roster (not just a number).,LIVE,A
MAIN-0047,Main Hub,Client Momentum,Client Health,AGGREGATED,hub-operating-metrics.tsx lines 668-671: avg of clients.health_score for rows with health_score>0,"average of clients.health_score across active-query result set (all clients, not just active)",score (unitless 0-100),none/point-in-time,yes,clients,MetricDetailPanel (sorted by health ascending),n/a,PARTIALLY CONNECTED,C (schema exists but the underlying column is inert),n/a,none,"IMPORTANT FINDING: src/lib/client-risk.ts:1-11 explicitly documents that clients.health_score is a 'dead DB column - default 100 at creation, never computed or written by any app code, no edit UI anywhere' and that the app's OWN risk logic (clientAtRiskReason) deliberately stopped reading it for exactly this reason. This Main Hub tile still reads that same dead column and presents an average as if it were a live health signal. The query and math are real (mechanically LIVE), but the underlying data is effectively a constant/never-updated default for any client that hasn't had this field hand-edited via direct DB access - status downgraded to PARTIALLY CONNECTED to reflect that the number is real-but-meaningless in practice.",PARTIALLY CONNECTED,C
MAIN-0048,Main Hub,Client Momentum,Daily W Logs,RAW,hub-operating-metrics.tsx totals.wins = wins.length (line 198); wins query lines 611-616,count of daily_wins rows in range,count,selected date range,"yes - .eq('org_id', orgId) hub-operating-metrics.tsx:614",daily_wins,none direct,n/a,LIVE,A,n/a,none,none,LIVE,A
MAIN-0049,Main Hub,Client Momentum,Financial Wins,RAW,hub-operating-metrics.tsx line 174: wins.filter(w=>(w.win_types??[]).includes('financial')).length,count of daily_wins rows whose win_types array includes 'financial',count,selected date range,yes,daily_wins,none direct,n/a,LIVE,A,n/a,none,none,LIVE,A
MAIN-0050,Main Hub,Client Momentum,Student Cash Logged,RAW,hub-operating-metrics.tsx line 175: winCash = wins.reduce(...financial_amount_cents),sum of daily_wins.financial_amount_cents,$,selected date range,yes,daily_wins,none direct,n/a,LIVE,A,n/a,none,none,LIVE,A
MAIN-0051,Main Hub,Client Momentum,Avg Energy,AGGREGATED,hub-operating-metrics.tsx lines 176-179: avg of daily_wins.energy_score for rows>0,average of daily_wins.energy_score across win rows in range,score 1-10 (given unit=% is wrong),selected date range,yes,daily_wins,none direct,n/a,LIVE,A,n/a,none,Given unit=% is wrong: rendered as e.g. '7.4/10'.,LIVE,A
MAIN-0052,Main Hub,Content attribution (Level 3),Revenue by Source (by platform),AGGREGATED,"dashboard.tsx revenueBySourceRows useMemo (lines 1573-1618), built via aggregateCashByPlatform (src/lib/content-attribution.ts:259)",revenue/cash grouped by content_pieces platform (resolved via normalizeSocialPlatform on content_pieces.platform/source_platform) across the selected attribution model's canonical paths,"$ (the row itself is a grouping, not one scalar)",selected date range,"yes - underlying leads/calls/lead_content_touches/content_metrics queries all .eq('org_id', orgId) (dashboard.tsx:1235,1247,1253,1261,1269)",leads joined to calls joined to lead_content_touches joined to content_metrics joined to content_pieces,per-content table below (attributionRows) and /attribution page,"selectable: first_touch / last_touch / assisted_touch (ATTRIBUTION_MODELS, src/lib/acquisition.ts)",LIVE,A,n/a,none,"Uses the same canonical multi-touch attribution engine as the dedicated Attribution Command Center page (buildAttributionPathsForModel), not a second/divergent engine, per code comment dashboard.tsx:1563-1571.",LIVE,A
MAIN-0053,Main Hub,Content attribution (Level 3),confidence,STATUS,src/lib/acquisition.ts evaluateAttributionEvidence() lines 173-215 (strength computation lines 194-201); surfaced per-platform via modalStrength() in dashboard.tsx lines 1601-1607,strength = 'high' if coverage='direct' AND knownTouchpoints>=3; 'medium' if coverage is 'direct' or 'partial'; 'low' if coverage='inferred'; else 'unknown'. coverage derives from directOutcomeLinked + supportingEvents.length + inferred flags. Per-platform value shown is the MODAL (most common) strength across that platform's own attribution paths.,enum (high/medium/low/unknown); given unit=count is wrong,selected date range,yes (inherits from MAIN-0052's queries),leads joined to calls joined to lead_content_touches,per-content table / Attribution page,"model-dependent (first/last/assisted touch, each with different coverage/strength characteristics)",LIVE,A,n/a,none,Given unit=count is wrong: it's a categorical confidence label.,LIVE,A
MAIN-0054,Main Hub,Content attribution (Level 3),closes,RAW,dashboard.tsx revenueBySourceRows line 1613: closes = row.callCount from aggregateCashByPlatform,count of closed calls attributed to each platform under the selected model,count,selected date range,yes,leads joined to calls joined to lead_content_touches,per-content table,model-dependent,LIVE,A,n/a,none,none,LIVE,A
MAIN-0055,Main Hub,Content attribution (Level 3),rev,RAW,dashboard.tsx revenueBySourceRows line 1612 (revenueCents from aggregateCashByPlatform over contract_value_cents),sum of calls.contract_value_cents attributed to each platform under the selected model,$ (given unit=count is wrong),selected date range,yes,leads joined to calls,per-content table,model-dependent,LIVE,A,n/a,none,"Given unit=count is wrong: it's a dollar figure (labeled 'rev' in the compact Revenue by Source rows, dashboard.tsx:2202).",LIVE,A
MAIN-0056,Main Hub,Content attribution (Level 3),cash,RAW,dashboard.tsx revenueBySourceRows (cashCents from aggregateCashByPlatform over cash_collected_cents),sum of calls.cash_collected_cents attributed to each platform under the selected model,$,selected date range,yes,leads joined to calls,per-content table,model-dependent,LIVE,A,n/a,none,none,LIVE,A
MAIN-0057,Main Hub,Content attribution (Level 3),Content table — Views,RAW,"dashboard.tsx attributionRows useMemo (lines 1513-1561); meta.views from contentMeta map built off content_metrics joined to content_pieces (lines 1266-1267,1294-1309)",sum of content_metrics.views per content piece,count,selected date range,yes,content_metrics joined to content_pieces (content_pieces!inner join),clicking a row opens attribution detail panel (kind:'attribution'),model-independent (Views is a direct content-performance fact),LIVE,A,n/a,none,none,LIVE,A
MAIN-0058,Main Hub,Content attribution (Level 3),Leads,RAW,dashboard.tsx attributionRows line 1550: leadsByContent (distinct personKey count per content from canonical attribution paths),count of distinct leads whose canonical attribution path resolves to this content under the selected model,count,selected date range,yes,leads joined to lead_content_touches,attribution detail panel,model-dependent,LIVE,A,n/a,none,none,LIVE,A
MAIN-0059,Main Hub,Content attribution (Level 3),Booked,RAW,"dashboard.tsx attributionRows line 1551: attribution.bookedByContent, built from ALL calls' own direct source_content_id field (lines 1310-1317)",count of calls whose calls.source_content_id equals this content id,count,selected date range,yes,calls,attribution detail panel,model-INDEPENDENT (explicit UI note at dashboard.tsx:2277-2280: Booked/Shows reflect each call's own logged source and stay the same across every attribution model),LIVE,A,n/a,none,Uses calls.source_content_id directly: a call-level fact independent of the multi-touch model selector.,LIVE,A
MAIN-0060,Main Hub,Content attribution (Level 3),Shows,RAW,dashboard.tsx attributionRows line 1552: attribution.showedByContent (calls.showed=true grouped by source_content_id),count of calls with showed=true whose source_content_id equals this content id,count,selected date range,yes,calls,attribution detail panel,model-independent,LIVE,A,n/a,none,none,LIVE,A
MAIN-0061,Main Hub,Content attribution (Level 3),Closes,RAW,dashboard.tsx attributionRows line 1553: closesByContent (distinct callId count from canonical paths where closed),count of distinct closed calls per content under the selected model,count,selected date range,yes,leads joined to calls joined to lead_content_touches,attribution detail panel,model-dependent,LIVE,A,n/a,none,none,LIVE,A
MAIN-0062,Main Hub,Content attribution (Level 3),Cash,RAW,dashboard.tsx attributionRows line 1554 (cashByContent from aggregateCashByContent over cash_collected_cents),sum of calls.cash_collected_cents attributed per content under the selected model,$,selected date range,yes,leads joined to calls,attribution detail panel,model-dependent,LIVE,A,n/a,none,none,LIVE,A
MAIN-0063,Main Hub,Content attribution (Level 3),Revenue,RAW,dashboard.tsx attributionRows line 1555 (revenueByContent from aggregateCashByContent over contract_value_cents),sum of calls.contract_value_cents attributed per content under the selected model,$,selected date range,yes,leads joined to calls,attribution detail panel,model-dependent,LIVE,A,n/a,none,none,LIVE,A
MAIN-0064,Main Hub,Funnel diagnostic (Level 4),Views,RAW,dashboard.tsx funnel array line 973: curr.views (= MAIN-0018 Total Views),= content_metrics.views sum,count,selected date range,yes,content_metrics,funnelPanel (dashboard.tsx:1660-1663: honestly says 'no individual records here' for Views since it's an aggregate),n/a,LIVE,A,n/a,MAIN-0018 (exact duplicate value),Funnel stage reuses the exact same curr.views number as the Company KPIs Total Views tile.,LIVE,A
MAIN-0065,Main Hub,Funnel diagnostic (Level 4),Leads,RAW,dashboard.tsx funnel array line 975: curr.newLeads (= MAIN-0017 New Leads),= leads count,count,selected date range,yes,leads,funnelPanel row-level lead list,n/a,LIVE,A,n/a,MAIN-0017 (exact duplicate value),none,LIVE,A
MAIN-0066,Main Hub,Funnel diagnostic (Level 4),Booked,RAW,"dashboard.tsx funnel array line 981: curr.totalCalls = Math.max(callsBooked, setterBooked) (fetchPeriod line 427)","Math.max(count of calls rows, sum of setter_activity.calls_on_calendar/sets)",count,selected date range,yes,calls + setter_activity,funnelPanel row-level call list,n/a,LIVE,A,n/a,none,Same max()-of-two-sources honesty pattern as Cash Collected (MAIN-0004).,LIVE,A
MAIN-0067,Main Hub,Funnel diagnostic (Level 4),Showed,RAW,"dashboard.tsx funnel array line 986: curr.showed = Math.max(callsShowed, setterShowed)","Math.max(calls.showed=true count, sum of setter_activity.live_calls)",count,selected date range,yes,calls + setter_activity,funnelPanel row-level call list (filtered to showed=true),n/a,LIVE,A,n/a,none,none,LIVE,A
MAIN-0068,Main Hub,Funnel diagnostic (Level 4),Offers,RAW,dashboard.tsx funnel array line 990: curr.offers = callsOffers = callList.filter(c=>c.offer_made).length,count of calls.offer_made=true,count,selected date range,yes,calls,funnelPanel row-level call list (filtered offer_made||closed),n/a,LIVE,A,n/a,none,"Unlike Booked/Showed/Closed, Offers has no setter_activity fallback: calls-table only.",LIVE,A
MAIN-0069,Main Hub,Funnel diagnostic (Level 4),Disqualified,RAW,"src/lib/disqualification.ts disqualifiedLeadCount()/computeDisqualified(), called at dashboard.tsx:439",count of distinct leads with leads.status='disqualified' OR a linked calls.status='disqualified' row (deduped by lead id); a separate 'unattributed' count covers disqualified calls with no lead_id,count,selected date range,yes (inherits from leads/calls org-scoped queries),leads joined to calls (dedup by lead_id),disqualifiedPanel (dashboard.tsx:1382 kind:'disqualified'),n/a,LIVE,A,n/a,none,"Canonical single-source rollup explicitly designed to match Closer's own 'Post-call disposition mix' figure (disqualification.ts header comment), not a duplicate engine.",LIVE,A
MAIN-0070,Main Hub,Funnel diagnostic (Level 4),Closed,RAW,"dashboard.tsx funnel array line 1006: curr.closed = Math.max(callsClosed, setterClosed)","Math.max(calls.closed=true count, sum of setter_activity.closes)",count,selected date range,yes,calls + setter_activity,funnelPanel row-level call list (filtered closed=true),n/a,LIVE,A,n/a,none,none,LIVE,A
MAIN-0071,Main Hub,Funnel diagnostic (Level 4),Largest funnel leak,DERIVED,"src/lib/funnel-derivation.ts deriveCap() (lines 35-65), invoked via leakCapIndex/leakCap useMemo in dashboard.tsx lines 1485-1499","finds the adjacent stage pair (within Leads -> Booked -> Showed -> Offers -> Closed, excluding Views and Disqualified) with the LOWEST conversion rate, gated on the upstream stage clearing minCapSample (workspace_settings.funnel_instrument.minCapSample); deriveCap() then computes lost=PP.value-P.value and estimate=lost*(N.value/P.value), framed as an explicit upper bound ('up to approx X, if converted at Y%')",text sentence + implied count/$ estimate,selected date range,"yes (inherits from funnel stage values, all org-scoped)",leads + calls,none direct (links to Funnel Diagnostic instrument above it),n/a,LIVE,A,n/a,none,"Well-designed honest-uncertainty module: explicitly frames the estimate as an upper bound assuming optimistic conversion, not a bare forecast (funnel-derivation.ts:26-34 doc comment). minCapSample threshold is configurable per-workspace via getWorkspaceSettingsFn.",LIVE,A
MAIN-0072,Main Hub,Executive insights,at-risk/behind-pace flags,ALERT,"dashboard.tsx ExecutiveInsights() function (lines 2855+), specifically the pace insight at lines 2882-2904",deterministic rule: IF targetProgress.status is 'behind' or 'at_risk' (from MAIN-0011's computeTargetProgress) THEN push an insight card; if list is empty renders 'All clear',text (status-driven UI condition); given unit=% is wrong,current calendar month (inherits targetProgress's window),yes (inherits from MAIN-0011),rep_kpi_targets + payments/calls/setter_activity,Funnel Diagnostic (action text links there),n/a,LIVE,A,n/a,none,"Explicitly NOT an AI-generated insight: code comment (dashboard.tsx:2350-2353, 2848-2854) states 'Deterministic rules over already-computed real numbers, never a generic AI claim.' The funnel-leak insight was removed from this list (comment at 2875-2880) to avoid duplicating the Largest Funnel Leak card; only the pace/target insight remains here today.",LIVE,A
MAIN-0073,Main Hub,Team efficiency,Top closers (Closes),AGGREGATED,"dashboard.tsx lbData query (lines 1053-1123), closerMap built from calls.closer_name grouping",groups calls by closer_name; Closes = count where closed=true; ranked and sliced by whichever metric (closes/cash/revenue) is selected via closerMetric state,count,"independently-overridable leaderboard date range (defaults to page range, lbOverride state)","yes - .eq('org_id', orgId) dashboard.tsx:1086",calls,none direct (leaderboard rows only),n/a,LIVE,A,n/a,none,"Leaderboard has its OWN independent date-range override, separate from the page's main DateRangeProvider range: documented as the 'C3 pattern' shared with rep dashboards.",LIVE,A
MAIN-0074,Main Hub,Team efficiency,Cash Collected,RAW,same lbData query as MAIN-0073: r.cash += c.cash_collected_cents,sum of calls.cash_collected_cents grouped by closer_name,$,leaderboard's own independent date range,yes,calls,none direct,n/a,LIVE,A,n/a,"near-dup family (same underlying calls.cash_collected_cents column as MAIN-0004/0012, but grouped per-closer over a possibly different range)","Per-closer breakdown, not the same aggregate as the page-level Cash Collected figures.",LIVE,A
MAIN-0075,Main Hub,Team efficiency,Revenue Generated,RAW,same lbData query: r.revenue += c.contract_value_cents,sum of calls.contract_value_cents grouped by closer_name,$ (given unit=% is wrong),leaderboard's own independent date range,yes,calls,none direct,n/a,LIVE,A,n/a,none,Given unit=% is wrong; given type=DERIVED is also wrong: it's a raw column sum grouped by closer.,LIVE,A
MAIN-0076,Main Hub,Team efficiency,Top setters (Sets),AGGREGATED,"dashboard.tsx lbData query, setterMap built from setter_activity.team_member_name grouping (lines 1106-1120)",groups setter_activity rows by team_member_name; Sets = sum of setter_activity.sets; ranked/sliced by selected metric,count,leaderboard's own independent date range,"yes - .eq('org_id', orgId) dashboard.tsx:1093",setter_activity,none direct,n/a,LIVE,A,n/a,none,none,LIVE,A
MAIN-0077,Main Hub,Team efficiency,Cash Collected,RAW,same lbData query: r.cash += a.cash_collected_cents,sum of setter_activity.cash_collected_cents grouped by team_member_name,$,leaderboard's own independent date range,yes,setter_activity,none direct,n/a,LIVE,A,n/a,none,none,LIVE,A
MAIN-0078,Main Hub,Team efficiency,Revenue Generated,RAW,same lbData query: r.revenue += a.total_revenue_cents,sum of setter_activity.total_revenue_cents grouped by team_member_name,$ (given unit=% is wrong),leaderboard's own independent date range,yes,setter_activity,none direct,n/a,LIVE,A,n/a,none,Given unit=% is wrong.,LIVE,A
ADMI-0798,Admin → Home,Admin,Cash Collected,RAW,"src/components/home/home-admin.tsx paymentsToday query (lines 36-51): supabase.from('payments').select(...).eq('org_id', orgId).eq('status','paid').gte/lte(collected_at, today)",sum of payments.amount_cents where status='paid' and collected_at is today,$,"today only (hardcoded TODAY constant, not date-range-picker driven; Admin Home has no date range selector)","yes - .eq('org_id', orgId) home-admin.tsx:44",payments,none direct,n/a,LIVE,A,n/a,"near-dup of MAIN-0004 (same payments table, different window: today-only vs page date range)",Admin Home has no DateRangeProvider integration: always 'today' by design (a daily snapshot dashboard).,LIVE,A
ADMI-0799,Admin → Home,Admin,Closes,RAW,"home-admin.tsx calls query (lines 53-68): supabase.from('calls').select(...).eq('org_id', orgId).gte/lte(scheduled_for, today)",count of today's calls where closed=true OR status='closed',count,"today only (scheduled_for, not created_at)",yes,calls,none direct,n/a,LIVE,A,n/a,none,none,LIVE,A
ADMI-0800,Admin → Home,Admin,Active Mentees,RAW,"home-admin.tsx clients query (lines 70-86): .eq('org_id', orgId).eq('status','active').limit(500)",count of clients rows with status='active' (capped at 500 by query limit),count,none/point-in-time,yes,clients,none direct,n/a,LIVE,A,n/a,MAIN-0046 Active Clients (same clients.status='active' count on Main Hub),"Query has a hard .limit(500): if an org has more than 500 active clients this count would be silently wrong/capped, a real (if unlikely) data-integrity edge case.",LIVE,A
ADMI-0801,Admin → Home,Admin,overdue-installment/renewal-risk alerts,ALERT,"home-admin.tsx lines 128-155: clientAtRiskReason (src/lib/client-risk.ts:38-48) for renewals, buildRecoveryQueue (src/lib/mentee-payments.ts:164+) for overdue installments",two combined real signals: (1) renewalsAtRisk = clients where renewal_date is overdue OR (due within DEFAULT_RENEWAL_AT_RISK_DAYS=14 AND no renewal_conv_started); (2) overdueRows = buildRecoveryQueue() rows in buckets overdue_1_7/8_30/30_plus (days past expected_next_payment_date),count + $ (atRiskCents),none/point-in-time (computed from current date vs stored renewal_date/expected_next_payment_date; no date-range filter),yes (inherits from clients + payments org-scoped queries),clients joined to payments (client_id match),/payments (FocusRow links there with client search param),n/a,LIVE,A,n/a,none,Two genuinely different real risk signals combined into one alert section: both fully traced to real columns/logic modules also used elsewhere (client-risk.ts is the single canonical definition per its own header comment).,LIVE,A
ADMI-0802,Admin → Home,Admin,Calls Today,RAW,same calls query as ADMI-0799: calls.length,count of all calls scheduled today (regardless of outcome),count,today only,yes,calls,none direct,n/a,LIVE,A,n/a,none,none,LIVE,A
ADMI-0803,Admin → Home,Admin,Hiring Needs Grading,RAW,"home-admin.tsx hiringCounts query (lines 106-123): supabase.from('hiring_applicants').select('stage').eq('org_id', orgId)",count of hiring_applicants rows where stage='needs_grading',count,none/point-in-time,yes,hiring_applicants,none direct (no onClick/Link wired on this HomeStat),n/a,LIVE,A,n/a,none,hiring_applicants accessed via 'as never' cast (not in generated Supabase types): same documented pattern as other additive-migration tables in this codebase.,LIVE,A
ADMI-0804,Admin → Home,Admin,Hiring Interview-Worthy,RAW,same hiringCounts query: stage==='interview_worthy' count,count of hiring_applicants rows where stage='interview_worthy',count,none/point-in-time,yes,hiring_applicants,none direct,n/a,LIVE,A,n/a,none,none,LIVE,A
ADMI-0805,Admin → Home,Admin,at-risk renewals,ALERT,"home-admin.tsx renewalsAtRisk (lines 128-133), rendered in the dedicated 'Renewals' HomeSection (lines 242-262)",= same renewalsAtRisk array as the renewal half of ADMI-0801,count,none/point-in-time,yes,clients,/payments (per-client FocusRow links),n/a,LIVE,A,n/a,ADMI-0801 (renewals half is the same computed array reused in two sections),Rendered twice on the same page: once folded into the combined 'Attention Required' alert (ADMI-0801) and again as its own full list in the 'Renewals' section; same underlying renewalsAtRisk array both times.,LIVE,A
ADMI-0806,Admin → Home,Closer,Calls on Calendar,RAW,"src/components/home/home-closer.tsx calls query (lines 87-105): .eq('org_id', orgId).eq('closer_name', repName).gte(scheduled_for, rangeFrom)","count of calls today (todayCalls, filtered scheduled_for=today && !cancelled) attributed to the self-selected closer_name",count,"today or last-7-days (user-selectable timeframe toggle, home-closer.tsx:37-38)","yes - .eq('org_id', orgId) home-closer.tsx:97",calls,/team-calendar,n/a,LIVE,A,n/a,none,"Rep identity is a self-service NAME PICKER (repName, matched loosely against calls.closer_name), not a verified user_id->closer link. Comment at home-closer.tsx:100-104 documents this is a best-effort match, editable by the user via a dropdown, not a hard FK relationship. Worth noting: any closer could technically pick any name.",LIVE,A
ADMI-0807,Admin → Home,Closer,no-show/awaiting-payment alerts,ALERT,home-closer.tsx lines 109-117,two combined signals: noShows = calls where status='no_show' && !no_show_recovered && !recovered_from_call_id; awaitingPayment = calls where payment_plan=true && contract_value_cents>cash_collected_cents && !deposit_cents,count,same rangeFrom as ADMI-0806 (today or last 7 days),yes,calls,/closer,n/a,LIVE,A,n/a,none,none,LIVE,A
ADMI-0808,Admin → Home,Closer,Booked,RAW,home-closer.tsx line 119: booked = calls.length,count of calls attributed to repName in the selected timeframe,count,today or last-7-days (user toggle),yes,calls,none direct (stat tile only),n/a,LIVE,A,n/a,none,none,LIVE,A
ADMI-0809,Admin → Home,Closer,Showed,RAW,home-closer.tsx line 120: showed = calls.filter(c=>c.showed).length,count of calls.showed=true for repName in timeframe,count,today or last-7-days,yes,calls,none direct,n/a,LIVE,A,n/a,none,none,LIVE,A
ADMI-0810,Admin → Home,Closer,Offers,RAW,home-closer.tsx line 121: offers = calls.filter(c=>c.offer_made).length,count of calls.offer_made=true for repName in timeframe,count,today or last-7-days,yes,calls,none direct,n/a,LIVE,A,n/a,none,none,LIVE,A
ADMI-0811,Admin → Home,Closer,Closes,RAW,home-closer.tsx line 122: closes = calls.filter(c=>c.closed||c.status==='closed').length,count of closed calls for repName in timeframe,count,today or last-7-days,yes,calls,none direct,n/a,LIVE,A,n/a,none,none,LIVE,A
ADMI-0812,Admin → Home,Closer,Cash,RAW,home-closer.tsx line 123: cashCents = calls.reduce(...cash_collected_cents),sum of calls.cash_collected_cents for repName in timeframe,$,today or last-7-days,yes,calls,none direct,n/a,LIVE,A,n/a,"near-dup family (same column as MAIN-0004/ADMI-0798, scoped to one closer)",none,LIVE,A
ADMI-0813,Admin → Home,Manager,Calls Booked,RAW,"src/components/home/home-manager.tsx calls query (lines 27-44): .eq('org_id', orgId).gte/lte(scheduled_for, today)","count of all calls scheduled today (team-wide, not per-rep)",count,today only,yes,calls,none direct,n/a,LIVE,A,n/a,"near-dup of ADMI-0802 Calls Today (same table/window, same page group 'Admin -> Home' but different role view)",none,LIVE,A
ADMI-0814,Admin → Home,Manager,Showed,RAW,home-manager.tsx line 87: showed = calls.filter(c=>c.showed).length,count of today's calls with showed=true (team-wide),count,today only,yes,calls,none direct,n/a,LIVE,A,n/a,none,none,LIVE,A
ADMI-0815,Admin → Home,Manager,Offers,RAW,home-manager.tsx line 88: offers = calls.filter(c=>c.offer_made).length,count of today's calls with offer_made=true (team-wide),count,today only,yes,calls,none direct,n/a,LIVE,A,n/a,none,none,LIVE,A
ADMI-0816,Admin → Home,Manager,Closes,RAW,home-manager.tsx line 89: closes = calls.filter(c=>c.closed||c.status==='closed').length,count of today's closed calls (team-wide),count,today only,yes,calls,none direct,n/a,LIVE,A,n/a,none,none,LIVE,A
ADMI-0817,Admin → Home,Manager,Cash Collected,RAW,"home-manager.tsx line 90: cashToday = calls.reduce(...cash_collected_cents); cashWeek also shown as supporting text (line 91-92, query lines 46-62)",sum of today's calls.cash_collected_cents (team-wide); a secondary 'last 7 days' total also computed and shown as supporting text,$,today (primary tile) + last 7 days (supporting text line),yes,calls,none direct,n/a,LIVE,A,n/a,"near-dup of ADMI-0798/ADMI-0812 (same column, different scope/window)","Two time windows on one tile: the big number is today-only, with a 7-day total as a footnote.",LIVE,A
ADMI-0818,Admin → Home,Manager,Closer Performance table,AGGREGATED,"home-manager.tsx byCloser map (lines 93-106), built from weekCalls query (lines 46-62)",groups last-7-days calls by closer_name; columns Booked/Showed/Closes/Cash are per-closer counts/sums of the same fields as ADMI-0813-0817 but scoped per rep over 7 days instead of team-wide today,table (count/count/count/$ columns),last 7 days (hardcoded from .setDate(-6) to today),"yes - .eq('org_id', orgId) home-manager.tsx:53",calls,table rows only (no further drilldown),n/a,LIVE,A,n/a,"near-dup of MAIN-0073-0075 Top closers (same calls table, same fields, different window/UI)",none,LIVE,A
ADMI-0819,Admin → Home,DM Setter,DMs Sent,RAW,"src/components/home/home-rep-dashboard.tsx activityRows query (lines 144-161): .eq('org_id', orgId).eq('team_member_name', repName).gte/lte(activity_date, rangeFrom, TODAY)",sum(setter_activity.inbound_dms_sent) + sum(setter_activity.outbound_dms_sent) for repName,count,today or last-7-days (user toggle),"yes - .eq('org_id', orgId) home-rep-dashboard.tsx:154",setter_activity,none direct,n/a,LIVE,A,n/a,none,"Self-service name-picker rep identity (repName), same pattern/caveat as ADMI-0806.",LIVE,A
ADMI-0820,Admin → Home,DM Setter,Replies,RAW,home-rep-dashboard.tsx sum('replies') (line 320),sum of setter_activity.replies for repName,count,today or last-7-days,yes,setter_activity,none direct,n/a,LIVE,A,n/a,none,none,LIVE,A
ADMI-0821,Admin → Home,DM Setter,Qualified,RAW,home-rep-dashboard.tsx sum('qualified_convos') (line 326),sum of setter_activity.qualified_convos for repName,count,today or last-7-days,yes,setter_activity,none direct,n/a,LIVE,A,n/a,near-dup family (same column aggregated org-wide in MAIN-0040/MAIN-0035),none,LIVE,A
ADMI-0822,Admin → Home,DM Setter,Sets,RAW,home-rep-dashboard.tsx sum('sets') (line 332),sum of setter_activity.sets for repName,count,today or last-7-days,yes,setter_activity,none direct,n/a,LIVE,A,n/a,"near-dup family (MAIN-0076 Top setters Sets, org-wide vs per-rep here)",none,LIVE,A
ADMI-0823,Admin → Home,DM Setter,Booked,RAW,home-rep-dashboard.tsx sum('calls_on_calendar') (line 338),sum of setter_activity.calls_on_calendar for repName,count,today or last-7-days,yes,setter_activity,none direct,n/a,LIVE,A,n/a,none,none,LIVE,A
ADMI-0824,Admin → Home,Inbound Dialer,Dials,RAW,home-rep-dashboard.tsx sum('dials') (line 347); same activityRows query as ADMI-0819 but flavor='inbound_dialer',sum of setter_activity.dials for repName,count,today or last-7-days,yes,setter_activity,none direct,n/a,LIVE,A,n/a,near-dup family (org-wide dials sum is the denominator of MAIN-0036 Pick-up Rate),"Same underlying table/query pattern as DM Setter (setter_activity), branching on role-derived flavor to pick which columns to sum/display.",LIVE,A
ADMI-0825,Admin → Home,Inbound Dialer,Connections,RAW,home-rep-dashboard.tsx sum('connections') (line 353),sum of setter_activity.connections for repName,count,today or last-7-days,yes,setter_activity,none direct,n/a,LIVE,A,n/a,none,none,LIVE,A
ADMI-0826,Admin → Home,Inbound Dialer,Qualified,RAW,home-rep-dashboard.tsx sum('qualified_convos') (line 359),sum of setter_activity.qualified_convos for repName,count,today or last-7-days,yes,setter_activity,none direct,n/a,LIVE,A,n/a,"near-dup of ADMI-0821 (same column, different role flavor)",none,LIVE,A
ADMI-0827,Admin → Home,Inbound Dialer,Booked,RAW,home-rep-dashboard.tsx sum('calls_on_calendar') (line 365),sum of setter_activity.calls_on_calendar for repName,count,today or last-7-days,yes,setter_activity,none direct,n/a,LIVE,A,n/a,"near-dup of ADMI-0823 (same column, different role flavor)",none,LIVE,A
ADMI-0828,Admin → Home,Inbound Dialer,SLA breaches,ALERT,"home-rep-dashboard.tsx DialerAttentionRow() (lines 439-452): untypedDb.from('sla_breach_records').select('id',{count:'exact',head:true}).eq('org_id', orgId).eq('status','open')","count of sla_breach_records rows with status='open' (team-wide, not per-rep; subtitle explicitly says so)",count,"none/point-in-time (all currently-open breaches, no date filter)","yes - .eq('org_id', orgId) home-rep-dashboard.tsx:447",sla_breach_records,/inbound-dialer,n/a,LIVE,A,n/a,near-dup of ADMI-0802-family manager SLA breach count (home-manager.tsx:64-77 queries the identical table/condition),"Explicit UI subtitle (home-rep-dashboard.tsx:271): 'Team-wide - Inbound Dialer leads have no per-rep assignment field to scope this to you specifically' - an honest disclosed limitation, not silently mislabeled as personal.",LIVE,A
ADMI-0829,Admin → Home,Inbound Dialer,callbacks,RAW,"home-rep-dashboard.tsx DialerAttentionRow() (lines 453-471): untypedDb.from('operational_work_items').select(...).eq('org_id', orgId).eq('entity_type','dialer_callback').neq('state','completed')",two sub-counts: dueToday = rows where due_at is today; overdue = rows where due_at < today,count (two buckets: due today / overdue),"none/point-in-time (all open callback work items, no date-range filter beyond due_at comparison)",yes,operational_work_items,/inbound-dialer,n/a,LIVE,A,n/a,none,"Team-wide, same scoping caveat as ADMI-0828 (no per-rep assignment field). Also see DialerFollowUpRows component (src/components/dialer-followup-list.tsx, not read in this pass) which renders the same underlying data as a row list.",LIVE,A
ADMI-0830,Admin → Home,Growth,Leads Generated,RAW,"src/components/home/home-growth.tsx leadsToday query (lines 16-30): .eq('org_id', orgId).gte/lte(created_at, today)",count of leads created today (org-wide),count (given type=DERIVED and unit=% are both wrong),today only,"yes - .eq('org_id', orgId) home-growth.tsx:24",leads,none direct,n/a,LIVE,A,n/a,"near-dup family (MAIN-0017 New Leads is the same leads table, page-range-scoped rather than today-only)","Given type=DERIVED unit=% is wrong: this is a plain RAW count (leadsToday.length), not a computed ratio.",LIVE,A
ADMI-0831,Admin → Home,Growth,Paid Leads,DERIVED,home-growth.tsx line 51: paid = leadsToday.length - organic,Leads Generated minus Organic Leads (i.e. every lead NOT classified Direct/Organic by normalizeAcquisitionSource),count,today only,yes (inherits from ADMI-0830's query),leads,none direct,n/a,LIVE,A,n/a,none,"Computed by subtraction rather than an explicit 'paid' filter: anything not recognized as Direct/Organic (including Unknown/Unattributed) counts as 'paid', which may overstate true paid-channel leads.",LIVE,A
ADMI-0832,Admin → Home,Growth,Organic Leads,DERIVED,"home-growth.tsx lines 48-50: leadsToday.filter(l=>normalizeAcquisitionSource(null,l.source_platform)==='Direct / Organic').length",count of today's leads whose source_platform normalizes to the 'Direct / Organic' acquisition-source category,count,today only,yes,leads,none direct,n/a,LIVE,A,n/a,none,"Uses the same normalizeAcquisitionSource() function from src/lib/acquisition-source.ts that backs the Main Hub's Acquisition Source filter (MAIN-0002), applied here only to classify Direct/Organic vs everything-else.",LIVE,A
ADMI-0833,Admin → Home,Growth,high-reach/no-lead content flags,ALERT,home-growth.tsx contentToday query (lines 32-46) + filter at line 55: contentToday.filter(c=>(c.views??0)>1000 && !c.leads_generated),count of content_metrics rows captured today with views>1000 AND leads_generated is falsy (0/null),count,today only,"yes - .eq('org_id', orgId) home-growth.tsx:40",content_metrics,/content,n/a,LIVE,A,n/a,none,"Threshold (1000 views) is a hardcoded constant in the component, not a workspace-configurable setting (unlike e.g. minCapSample elsewhere in the app): a real signal but with a fixed, non-tunable bar.",LIVE,A
ADMI-0834,Admin → Home,Growth,tracked webinars,RAW,"home-growth.tsx useWebinars() hook (= MAIN-0003's source, src/hooks/use-webinars.ts), webinars.length rendered at line 100",count of all webinars rows for the org (paid + organic + unclassified breakdown shown in the label text),count,none/point-in-time (all webinars regardless of date),"yes - .eq('org_id', orgId) use-webinars.ts:41",webinars,/webinar-analytics,n/a,LIVE,A,n/a,"MAIN-0003 (same underlying webinars table/query, different page)",none,LIVE,A
SALE-0079,Sales Tracking → Leads,Hero pills,Total leads,AGGREGATED,"leads.* rows via src/routes/_authenticated.leads.tsx:538-546 (supabase.from('leads').select(...).eq('org_id', orgId!).order('created_at',{ascending:false}).limit(500)); count of client-filtered `view` array",stats.total = view.length (src/routes/_authenticated.leads.tsx:785),count,"entryRange filter (default 'All time', a local date-range control distinct from the global DateRangeProvider) + all active table filters","yes — .eq('org_id', orgId!) leads.tsx:543","calls (embedded select calls(closer_id,closer_name,scheduled_for)) for callCount/closerName only, not needed for this count",Leads table below (same page),,LIVE,A,,"SALE-0083 (identical value, Stat row's 'Total leads')","Hero pill and Stat row 'Total leads' are the exact same `stats.total` value rendered twice (leads.tsx:913 and :940). devBypass mock fallback (mockLeads()) exists but is DEV-only, gated by import.meta.env.DEV + sessionStorage flag (use-auth.tsx:24,68) — dead in production, does not affect LIVE status.",LIVE,A
SALE-0080,Sales Tracking → Leads,Hero pills,Diamond,AGGREGATED,same `view` array as above,stats.diamond = view.filter(l => l.priority==='diamond' || l.pipeline_stage==='diamond').length (leads.tsx:788-789),count,same as SALE-0079,yes (inherited from leads query),none,"Leads table filtered to diamond (MetricDetailPanel, kind='diamond')",,LIVE,A,,"SALE-0087 (identical value, Stat row's 'Diamond leads')",leads.priority and leads.pipeline_stage are both real columns; a lead counts as diamond if EITHER is set to 'diamond'.,LIVE,A
SALE-0081,Sales Tracking → Leads,Hero pills,Awaiting show,AGGREGATED,same `view` array as above,"stats.booked = view.filter(l => l.status==='call_booked').length, rendered conditionally only when >0 (leads.tsx:786,915-917)",count,same as SALE-0079,yes,none,"Leads table filtered to booked (MetricDetailPanel, kind='booked')",,LIVE,A,,SALE-0085 (identical value/label difference: 'awaiting show' pill vs 'Call booked' stat card),Label says 'awaiting show' but the underlying field is literally leads.status='call_booked' — no distinct 'showed but not yet closed' state is computed here.,LIVE,A
SALE-0082,Sales Tracking → Leads,Pipeline chart,Leads by Pipeline Stage,AGGREGATED,"same `view` array, grouped by pipelineStageInfo(l.status).label (src/lib/lead-pipeline.ts:76-85)","stageComposition: Map<stageLabel,count> built by iterating `view` and bucketing via the real `lead_status` Postgres enum → PIPELINE_STAGE_INFO lookup (leads.tsx:799-808)",count (donut share),same entryRange/filters as `view`,yes (inherited),none,LeadsPipelineDonut click-through sets detailStageFilter → opens leads table filtered to that stage label (leads.tsx:924-930),,LIVE,A,,,"Real donut off the actual lead_status enum (dm_received/qualified/pre_call_assets_sent/call_booked/showed/closed/disqualified/follow_up/no_show/ghosted), NOT the page's separate STATUS_OPTIONS/BUCKET_STATUSES vocabulary (opt_in/rescheduling/lt_closed/etc) — the two vocabularies only partially overlap (lead-pipeline.ts:1-14 documents this as a known, pre-existing data-integrity mismatch).",LIVE,A
SALE-0083,Sales Tracking → Leads,Stat row,Total leads,AGGREGATED,same as SALE-0079,stats.total = view.length,count,same as SALE-0079,yes,none,click → MetricDetailPanel(kind='total'),,LIVE,A,,SALE-0079,Duplicate of the hero pill value.,LIVE,A
SALE-0084,Sales Tracking → Leads,Stat row,Available to call,AGGREGATED,view + deriveLeadAvailability (src/lib/lead-pipeline.ts:132-168) + operational_work_items (dialer_callback rows),"stats.available = view.filter(l => availabilityByLeadId.get(l.id)?.bucket !== 'unavailable').length (leads.tsx:790-791). Availability bucket derived purely from lead_status ('unavailable' if stage.availability==='unavailable', else 'followup'/'new'/'attempted' based on status + calls.count + callback due date)",count,same as SALE-0079,"yes — operational_work_items query .eq('org_id',orgId!) leads.tsx:611","calls (embedded, for callCount/lastCallAt) + operational_work_items (entity_type='dialer_callback', keyed by entity_id=lead.id)","AvailableToCallDrawer (leads.tsx:377-...) — dedicated worklist component, not the generic MetricDetailPanel",,LIVE,A,,,"Pure derivation, unit-testable (lead-pipeline.ts header comment) — no dial-attempt table exists so 'available' is inferred from real per-lead calls-join count, not a raw dial-attempt log.",LIVE,A
SALE-0085,Sales Tracking → Leads,Stat row,Call booked,AGGREGATED,same as SALE-0081,stats.booked = view.filter(l=>l.status==='call_booked').length,count,same as SALE-0079,yes,none,click → MetricDetailPanel(kind='booked'),,LIVE,A,,SALE-0081,,LIVE,A
SALE-0086,Sales Tracking → Leads,Stat row,Closed,AGGREGATED,same `view`,stats.closed = view.filter(l=>l.status==='closed').length (leads.tsx:787),count,same as SALE-0079,yes,none,click → MetricDetailPanel(kind='closed'),,LIVE,A,,,,LIVE,A
SALE-0087,Sales Tracking → Leads,Stat row,Diamond leads,AGGREGATED,same as SALE-0080,stats.diamond,count,same as SALE-0079,yes,none,click → MetricDetailPanel(kind='diamond'),,LIVE,A,,SALE-0080,,LIVE,A
SALE-0088,Sales Tracking → Leads,Lead AI Insights,Bottlenecks,OTHER,"src/lib/lead-insights.functions.ts:46-75 (analyzeLeads createServerFn, requireSupabaseAuth-gated) — Gemini (google/gemini-2.5-flash via Lovable AI Gateway) reading real `leads` rows","AI-generated list (up to 3) of friction points from a Gemini prompt over leads(full_name,status,pipeline_stage,priority,application_data,qualification_notes,intent_score,estimated_close_probability,created_at), limit 300, ordered by created_at desc; no numeric formula — free-text analysis, not a computed statistic","count (list length, capped ~3)",orgId + optional from/to passed by caller (LeadInsightsPanel) — not fully confirmed which range LeadInsightsPanel passes,"yes — .eq('org_id', data.orgId) lead-insights.functions.ts:56",none beyond the single leads select,Rendered inline in LeadInsightsPanel (no drill-down to underlying records),,PARTIALLY CONNECTED,A,,"SALE-0089/SALE-0090 (same AI call, different output fields)","Requires LOVABLE_API_KEY env var; throws 'LOVABLE_API_KEY not configured' if unset, and 'AI is not configured'-style error surfaces to UI rather than fabricating output — so classified PARTIALLY CONNECTED (real query + real AI call, but availability depends on an env var and AI content is inherently non-deterministic prose, not a hard metric).",PARTIALLY CONNECTED,A
SALE-0089,Sales Tracking → Leads,Lead AI Insights,Double down,OTHER,"src/lib/lead-insights.functions.ts:46-75 (analyzeLeads createServerFn, requireSupabaseAuth-gated)","Same call as SALE-0088; 'double_down' field — top winning patterns, free-text, no numeric formula","count (list length, capped ~3)",same as SALE-0088,yes,none,none,,PARTIALLY CONNECTED,A,,SALE-0088,Same AI response object as Bottlenecks/Priority leads.,PARTIALLY CONNECTED,A
SALE-0090,Sales Tracking → Leads,Lead AI Insights,Priority leads,OTHER,"src/lib/lead-insights.functions.ts:46-75 (analyzeLeads createServerFn, requireSupabaseAuth-gated)","Same call; 'priority_leads' field — up to 5 {{name,reason}} objects, free-text reason, no score threshold formula","count (list length, capped 5)",same as SALE-0088,yes,none,none,,PARTIALLY CONNECTED,A,,SALE-0088,,PARTIALLY CONNECTED,A
SALE-0091,Sales Tracking → Leads,Table columns,Date/Time,RAW,leads.first_touch_at ?? leads.created_at,,date/timestamp,none/point-in-time (per row),yes (inherited),none,Lead detail dialog on row click,,LIVE,A,,,"Fallback pattern: prefers first_touch_at, falls back to created_at.",LIVE,A
SALE-0092,Sales Tracking → Leads,Table columns,Diamond flag,DIMENSION,"leads.priority (editable <select>, PRIORITY_OPTIONS incl. 'diamond')",,enum,point-in-time,yes,none,inline editable; also feeds isDiamond row highlight,,LIVE,A,,,Writable in-place via updateLead mutation (leads.tsx:581-598).,LIVE,A
SALE-0093,Sales Tracking → Leads,Table columns,Name,RAW,leads.full_name || leads.handle || leads.email (fallback chain) + leads.tags[],,text,point-in-time,yes,none,opens Lead detail dialog,,LIVE,A,,,,LIVE,A
SALE-0094,Sales Tracking → Leads,Table columns,Stage,DIMENSION,leads.pipeline_stage (editable <select>: cold/warm/hot/diamond),,enum,point-in-time,yes,none,inline editable,,LIVE,A,,,"Distinct column from 'Lead Status' below — leads.tsx:1305-1312 comments this is a separate, legacy vocabulary from the real lead_status enum shown as the chip.",LIVE,A
SALE-0095,Sales Tracking → Leads,Table columns,Lead Status,DIMENSION,"leads.status (chip via pipelineStageInfo() showing real lead_status enum, + editable <select> writing the page's separate STATUS_OPTIONS vocabulary)",,enum,point-in-time,yes,none,inline editable,,LIVE,A,,,"Two overlapping vocabularies on one column, documented as a known data-integrity gap (lead-pipeline.ts:1-14).",LIVE,A
SALE-0096,Sales Tracking → Leads,Table columns,Pre-call vid,STATUS,leads.precall_video_watched (boolean toggle) + generatePreCallVideoLinkFn (copy-link action),,boolean,point-in-time,yes,none,toggle button + copy pre-call video link,,LIVE,A,,,,LIVE,A
SALE-0097,Sales Tracking → Leads,Table columns,Qualification,AGGREGATED,leads.application_data (JSONB) — count of APPLICATION_FIELD_LABELS keys present,"`${APP_COLS.filter(c=>app[c.key]).length}/${APP_COLS.length} filled` (leads.tsx:1418-1421), collapsed view; expands into 11 individual columns below",count (fraction filled),point-in-time,yes,none,ColumnGroupToggle expands to individual answer columns,,LIVE,A,,,Toggle group header for the next 11 rows.,LIVE,A
SALE-0098,Sales Tracking → Leads,Table columns,Experience,RAW,leads.application_data->>'experience' (src/lib/application-fields.ts:9),,text,point-in-time,yes (parent leads row is org-scoped),none,expanded qualification column,,LIVE,A,,,Populated by Typeform ingestion (routes/api/public/typeform.ts per application-fields.ts:3-6).,LIVE,A
SALE-0099,Sales Tracking → Leads,Table columns,Work/School,RAW,leads.application_data->>'work_school',,text,point-in-time,yes,none,expanded qualification column,,LIVE,A,,,,LIVE,A
SALE-0100,Sales Tracking → Leads,Table columns,Focus,RAW,leads.application_data->>'focus',,text,point-in-time,yes,none,expanded qualification column,,LIVE,A,,,,LIVE,A
SALE-0101,Sales Tracking → Leads,Table columns,Goal,RAW,leads.application_data->>'goal',,text,point-in-time,yes,none,expanded qualification column,,LIVE,A,,,,LIVE,A
SALE-0102,Sales Tracking → Leads,Table columns,Candidate Fit,RAW,leads.application_data->>'candidate_fit',,text,point-in-time,yes,none,expanded qualification column,,LIVE,A,,,,LIVE,A
SALE-0103,Sales Tracking → Leads,Table columns,Serious,RAW,leads.application_data->>'serious_status',,text,point-in-time,yes,none,expanded qualification column,,LIVE,A,,,,LIVE,A
SALE-0104,Sales Tracking → Leads,Table columns,Time,RAW,leads.application_data->>'time',,text,point-in-time,yes,none,expanded qualification column,,LIVE,A,,,,LIVE,A
SALE-0105,Sales Tracking → Leads,Table columns,Income,RAW,leads.application_data->>'income',,text,point-in-time,yes,none,expanded qualification column,,LIVE,A,,,,LIVE,A
SALE-0106,Sales Tracking → Leads,Table columns,Capital,RAW,leads.application_data->>'capital',,text,point-in-time,yes,none,expanded qualification column,,LIVE,A,,,,LIVE,A
SALE-0107,Sales Tracking → Leads,Table columns,Credit,RAW,leads.application_data->>'credit',,text,point-in-time,yes,none,expanded qualification column,,LIVE,A,,,,LIVE,A
SALE-0108,Sales Tracking → Leads,Table columns,Commit,RAW,leads.application_data->>'commitment',,text,point-in-time,yes,none,expanded qualification column,,LIVE,A,,,,LIVE,A
SALE-0109,Sales Tracking → Leads,Table columns,Email,RAW,leads.email,,text,point-in-time,yes,none,Lead detail,,LIVE,A,,,,LIVE,A
SALE-0110,Sales Tracking → Leads,Table columns,Setter,DIMENSION,leads.assigned_setter_id resolved via profiles.display_name (src/routes/_authenticated.leads.tsx:639-651),,text (resolved name),point-in-time,yes — profiles query has no org filter itself but ids come from an org-scoped lead set,"profiles (id, display_name) on assigned_setter_id",Lead detail,,LIVE,A,,,"Falls back to 'Unknown' if no matching profile row; 'assigned_setter_id' is an auth.users uuid, a different identity space from team_members.name used elsewhere (leads.tsx:626-631).",LIVE,A
SALE-0111,Sales Tracking → Leads,Table columns,Closer,DIMENSION,"calls.closer_name via the embedded calls(...) join on the leads query, resolved to most-recent-call's closer_name (leads.tsx:554-568)",,text,point-in-time (latest scheduled call),yes (calls rows come from the same org-scoped leads query's embedded join),"calls (closer_id, closer_name, scheduled_for)",Lead detail,,LIVE,A,,,"Explicit code comment: calls.closer_name is preferred over calls.closer_id because the native EOD form never sets closer_id (leads.tsx:141,680-685).",LIVE,A
SALE-0112,Sales Tracking → Leads,Table columns,Phone,RAW,leads.phone,,text,point-in-time,yes,none,Lead detail,,LIVE,A,,,Comment at leads.tsx:1214-1216 notes this was a real fetched-but-unshown column before this build made it its own visible column.,LIVE,A
SALE-0113,Sales Tracking → Leads,Table columns,Handle,RAW,leads.handle,,text,point-in-time,yes,none,Lead detail,,LIVE,A,,,,LIVE,A
SALE-0114,Sales Tracking → Leads,Lead detail,Stage,DIMENSION,pipelineStageInfo(lead.status) — src/routes/_authenticated.leads.tsx:1790-2049 (LeadDetail component):1786,,enum,point-in-time,yes (parent lead row),none,n/a (this IS the drill-down),,LIVE,A,,SALE-0095,Same derivation as the table's Lead Status chip.,LIVE,A
SALE-0115,Sales Tracking → Leads,Lead detail,Source,DIMENSION,"normalizeSocialPlatform(lead.source_connector, lead.source_platform) — leads.tsx:1788,1806-1809",,text (normalized platform),point-in-time,yes,none,n/a,,LIVE,A,,,"Distinct from 'Captured via' (source_connector shown separately, e.g. 'typeform'/'ingest_api') — leads.tsx:1873-1881 comment explains the split.",LIVE,A
SALE-0116,Sales Tracking → Leads,Lead detail,Assigned setter,DIMENSION,"setterName prop, resolved from profiles.display_name as in SALE-0110",,text,point-in-time,yes,profiles,n/a,,LIVE,A,,SALE-0110,,LIVE,A
SALE-0117,Sales Tracking → Leads,Lead detail,Assigned closer,DIMENSION,"lead.closerName (calls.closer_name), as in SALE-0111",,text,point-in-time,yes,calls,n/a,,LIVE,A,,SALE-0111,,LIVE,A
SALE-0118,Sales Tracking → Leads,Lead detail,Lead age,DERIVED,"formatLeadAge(entryAt, now) — src/lib/lead-pipeline.ts:101-108","now - (first_touch_at ?? created_at), coarse one-unit output ('<1h'/'Xh'/'Xd')",duration (text),computed at render time ('now'),yes (inherited),none,n/a,,LIVE,A,,,"Pure function, unit-tested per lead-pipeline.test.ts.",LIVE,A
SALE-0119,Sales Tracking → Leads,Lead detail,Calls on record,AGGREGATED,lead.callCount — count of calls rows embedded-joined per lead (leads.tsx:565),"calls.length for this lead_id (via the leads query's embedded calls(...) select, not a separate per-lead query)",count,all-time (no date filter on the calls join),yes (parent lead is org-scoped; calls join is unfiltered by org but implicitly scoped via lead ownership),calls,n/a (Timeline tab's 'Calls' section shows the actual rows),,LIVE,A,,,Comment at leads.tsx:112-113/lead-pipeline.ts:112 explicitly distinguishes this real per-lead calls count from a raw 'dial attempts' concept this schema does not track per lead.,LIVE,A
SALE-0120,Sales Tracking → Leads,Lead detail,Availability,DERIVED,"deriveLeadAvailability() — src/lib/lead-pipeline.ts:132-168, same function as SALE-0084",bucket + headline text from lead_status + callCount + lastCallAt + operational_work_items callback due date,text (status headline),computed at render time,yes (inherited),operational_work_items,n/a,,LIVE,A,,SALE-0084,,LIVE,A
SALE-0121,Sales Tracking → Leads,Lead detail,Content touches,AGGREGATED,count(lead_content_touches) for this lead_id — leads.tsx:1646-1652,timeline.touches.length,count,"all-time (no range filter, limit 50)","yes — .eq('org_id',orgId!) leads.tsx:1650",content_pieces (inner join for title/platform),"Timeline tab, 'Content path' list","first-touch/last-touch ordering shown (touched_at desc, limited to 50) but no attribution model applied beyond raw chronological list",LIVE,A,,,Capped at 50 most recent touches — a lead with >50 touches would undercount.,LIVE,A
SALE-0122,Sales Tracking → Leads,Lead detail,Conversations,AGGREGATED,count(conversations) for this lead_id — leads.tsx:1660-1665,timeline.convs.length,count,all-time (limit 10),"yes — .eq('org_id',orgId!) leads.tsx:1664",none,Timeline tab stat tile (no further drill-down beyond the count),,LIVE,A,,,"Capped at 10 rows for the count tile, so exact totals >10 are undercounted (label just shows the capped length).",LIVE,A
SALE-0123,Sales Tracking → Leads,Lead detail,Content path,EVENT,"lead_content_touches joined to content_pieces(title,platform) — leads.tsx:1646-1652,1995-2021","Chronological list (touched_at desc) of touch_type + content title/platform, 'first → last' framing",list of events,all-time (limit 50),yes,content_pieces,n/a (this IS the drill-down for SALE-0121),"raw chronological order shown, not a formal first-touch/last-touch attribution computation",LIVE,A,,"SALE-0121 (same query, list view of the same count)",,LIVE,A
SALE-0124,Sales Tracking → Leads,Lead detail,Calls,EVENT,calls table for this lead_id — leads.tsx:1653-1659,"List of calls(status, scheduled_for, showed, closed, cash_collected_cents, call_summary), plus totalCash = sum(cash_collected_cents) (leads.tsx:1784)",list of events + $ sum,all-time (limit 20),"yes — .eq('org_id',orgId!) leads.tsx:1657",none,n/a (this IS the drill-down for SALE-0119),,LIVE,A,,SALE-0119,,LIVE,A
SALE-0125,Sales Tracking → EOD Reports,DM Setter EOD fields,Inbound DMs Sent,RAW,"public.setter_activity (org_id uuid not null, RLS: is_org_member — supabase/migrations/20260518160304_....sql:2-31).inbound_dms_sent, written by buildSetterActivityPayload() — src/lib/eod-reports.ts:440-479",,count,"'today' at submission time (activity_date, defaults to today)",yes — payload.org_id set from caller's current org (eod-reports.tsx:181-227),none (single-table insert),no drill-down UI in EOD Reports itself; aggregated on Team/Home dashboards,,LIVE,A,,,,LIVE,A
SALE-0126,Sales Tracking → EOD Reports,DM Setter EOD fields,Outbound DMs Sent,RAW,"public.setter_activity (org_id uuid not null, RLS: is_org_member — supabase/migrations/20260518160304_....sql:2-31).outbound_dms_sent, written by buildSetterActivityPayload() — src/lib/eod-reports.ts:440-479",,count,"'today' at submission time (activity_date, defaults to today)",yes — payload.org_id set from caller's current org (eod-reports.tsx:181-227),none (single-table insert),no drill-down UI in EOD Reports itself; aggregated on Team/Home dashboards,,LIVE,A,,,,LIVE,A
SALE-0127,Sales Tracking → EOD Reports,DM Setter EOD fields,Replies,RAW,"public.setter_activity (org_id uuid not null, RLS: is_org_member — supabase/migrations/20260518160304_....sql:2-31).replies, written by buildSetterActivityPayload() — src/lib/eod-reports.ts:440-479",,count,"'today' at submission time (activity_date, defaults to today)",yes — payload.org_id set from caller's current org (eod-reports.tsx:181-227),none (single-table insert),no drill-down UI in EOD Reports itself; aggregated on Team/Home dashboards,,LIVE,A,,,,LIVE,A
SALE-0128,Sales Tracking → EOD Reports,DM Setter EOD fields,Leads Contacted,RAW,"public.setter_activity (org_id uuid not null, RLS: is_org_member — supabase/migrations/20260518160304_....sql:2-31).leads_contacted, written by buildSetterActivityPayload() — src/lib/eod-reports.ts:440-479",,count,"'today' at submission time (activity_date, defaults to today)",yes — payload.org_id set from caller's current org (eod-reports.tsx:181-227),none (single-table insert),no drill-down UI in EOD Reports itself; aggregated on Team/Home dashboards,,LIVE,A,,,,LIVE,A
SALE-0129,Sales Tracking → EOD Reports,DM Setter EOD fields,Qualified Convos,RAW,"public.setter_activity (org_id uuid not null, RLS: is_org_member — supabase/migrations/20260518160304_....sql:2-31).qualified_convos, written by buildSetterActivityPayload() — src/lib/eod-reports.ts:440-479",,count,"'today' at submission time (activity_date, defaults to today)",yes — payload.org_id set from caller's current org (eod-reports.tsx:181-227),none (single-table insert),no drill-down UI in EOD Reports itself; aggregated on Team/Home dashboards,,LIVE,A,,,,LIVE,A
SALE-0130,Sales Tracking → EOD Reports,DM Setter EOD fields,Follow-ups,RAW,"public.setter_activity (org_id uuid not null, RLS: is_org_member — supabase/migrations/20260518160304_....sql:2-31).followups_sent, written by buildSetterActivityPayload() — src/lib/eod-reports.ts:440-479",,count,"'today' at submission time (activity_date, defaults to today)",yes — payload.org_id set from caller's current org (eod-reports.tsx:181-227),none (single-table insert),no drill-down UI in EOD Reports itself; aggregated on Team/Home dashboards,,LIVE,A,,,,LIVE,A
SALE-0131,Sales Tracking → EOD Reports,DM Setter EOD fields,VSL Page Links Sent,RAW,"public.setter_activity (org_id uuid not null, RLS: is_org_member — supabase/migrations/20260518160304_....sql:2-31).links_sent, written by buildSetterActivityPayload() — src/lib/eod-reports.ts:440-479",,count,"'today' at submission time (activity_date, defaults to today)",yes — payload.org_id set from caller's current org (eod-reports.tsx:181-227),none (single-table insert),no drill-down UI in EOD Reports itself; aggregated on Team/Home dashboards,,LIVE,A,,,,LIVE,A
SALE-0132,Sales Tracking → EOD Reports,DM Setter EOD fields,VSL Page Links Clicked,RAW,"public.setter_activity (org_id uuid not null, RLS: is_org_member — supabase/migrations/20260518160304_....sql:2-31).links_clicked, written by buildSetterActivityPayload() — src/lib/eod-reports.ts:440-479",,count,"'today' at submission time (activity_date, defaults to today)",yes — payload.org_id set from caller's current org (eod-reports.tsx:181-227),none (single-table insert),no drill-down UI in EOD Reports itself; aggregated on Team/Home dashboards,,LIVE,A,,,,LIVE,A
SALE-0133,Sales Tracking → EOD Reports,DM Setter EOD fields,Sets,RAW,"public.setter_activity (org_id uuid not null, RLS: is_org_member — supabase/migrations/20260518160304_....sql:2-31).sets, written by buildSetterActivityPayload() — src/lib/eod-reports.ts:440-479",,count,"'today' at submission time (activity_date, defaults to today)",yes — payload.org_id set from caller's current org (eod-reports.tsx:181-227),none (single-table insert),no drill-down UI in EOD Reports itself; aggregated on Team/Home dashboards,,LIVE,A,,,,LIVE,A
SALE-0134,Sales Tracking → EOD Reports,DM Setter EOD fields,Calls On Calendar,RAW,"public.setter_activity (org_id uuid not null, RLS: is_org_member — supabase/migrations/20260518160304_....sql:2-31).calls_on_calendar, written by buildSetterActivityPayload() — src/lib/eod-reports.ts:440-479",,count,"'today' at submission time (activity_date, defaults to today)",yes — payload.org_id set from caller's current org (eod-reports.tsx:181-227),none (single-table insert),no drill-down UI in EOD Reports itself; aggregated on Team/Home dashboards,,LIVE,A,,,,LIVE,A
SALE-0135,Sales Tracking → EOD Reports,DM Setter EOD fields,Live Calls,RAW,"public.setter_activity (org_id uuid not null, RLS: is_org_member — supabase/migrations/20260518160304_....sql:2-31).live_calls, written by buildSetterActivityPayload() — src/lib/eod-reports.ts:440-479",,count,"'today' at submission time (activity_date, defaults to today)",yes — payload.org_id set from caller's current org (eod-reports.tsx:181-227),none (single-table insert),no drill-down UI in EOD Reports itself; aggregated on Team/Home dashboards,,LIVE,A,,,,LIVE,A
SALE-0136,Sales Tracking → EOD Reports,DM Setter EOD fields,Closes,RAW,"public.setter_activity (org_id uuid not null, RLS: is_org_member — supabase/migrations/20260518160304_....sql:2-31).closes, written by buildSetterActivityPayload() — src/lib/eod-reports.ts:440-479",,count,"'today' at submission time (activity_date, defaults to today)",yes — payload.org_id set from caller's current org (eod-reports.tsx:181-227),none (single-table insert),no drill-down UI in EOD Reports itself; aggregated on Team/Home dashboards,,LIVE,A,,,,LIVE,A
SALE-0137,Sales Tracking → EOD Reports,DM Setter EOD fields,Downsells,RAW,"public.setter_activity (org_id uuid not null, RLS: is_org_member — supabase/migrations/20260518160304_....sql:2-31).downsells, written by buildSetterActivityPayload() — src/lib/eod-reports.ts:440-479",,count,"'today' at submission time (activity_date, defaults to today)",yes — payload.org_id set from caller's current org (eod-reports.tsx:181-227),none (single-table insert),no drill-down UI in EOD Reports itself; aggregated on Team/Home dashboards,,LIVE,A,,,,LIVE,A
SALE-0138,Sales Tracking → EOD Reports,DM Setter EOD fields,Cash Collected,RAW,"public.setter_activity (org_id uuid not null, RLS: is_org_member — supabase/migrations/20260518160304_....sql:2-31).cash_collected_cents (bigint), plus .original_currency (text, added 20260912090000_eod_original_currency.sql)",Math.round(Number(input)*100) → cents (eod-reports.ts:460),"$ (currency, as-entered — no FX conversion applied)",'today' (activity_date),yes,none,no drill-down UI here,,LIVE,A,,,"Stored in whatever currency the rep selected at entry (original_currency), never converted — mixed-currency totals must be aggregated currency-aware, not summed blindly as USD.",LIVE,A
SALE-0139,Sales Tracking → EOD Reports,DM Setter EOD fields,Total Revenue,RAW,"public.setter_activity (org_id uuid not null, RLS: is_org_member — supabase/migrations/20260518160304_....sql:2-31).total_revenue_cents",Math.round(Number(input)*100),$ (as-entered currency),'today',yes,none,no drill-down UI here,,LIVE,A,,,Same original_currency caveat as Cash Collected.,LIVE,A
SALE-0140,Sales Tracking → EOD Reports,DM Setter EOD fields,Rate Today,RAW,"public.setter_activity (org_id uuid not null, RLS: is_org_member — supabase/migrations/20260518160304_....sql:2-31).rate_today (int, CHECK 1..10 — migration 20260518160304...sql:20)","None — a self-reported 1-10 scale rating the rep types in, NOT a computed ratio","count (1-10 scale, not %)",'today',yes,none,none,,LIVE,A,,,"IMPORTANT CORRECTION to the earlier unverified pass: this is a RAW self-rating field (type:'scale', min 1 max 10 — eod-reports.ts:195,308), not a DERIVED percentage as the earlier pass guessed. Unit is a 1-10 scale, not %.",LIVE,A
SALE-0141,Sales Tracking → EOD Reports,DM Setter EOD fields,Objections,RAW,"public.setter_activity (org_id uuid not null, RLS: is_org_member — supabase/migrations/20260518160304_....sql:2-31).objections (text, freeform)",,text,'today',yes,none,none,,LIVE,A,,,"Freeform text field on this form (distinct from the Closer form's structured objections_categories multiselect, which maps to the separate call_objections table — see SALE-0154 area).",LIVE,A
SALE-0142,Sales Tracking → EOD Reports,Dialer EOD fields,Dials,RAW,"public.setter_activity (org_id uuid not null, RLS: is_org_member — supabase/migrations/20260518160304_....sql:2-31).dials, written by buildSetterActivityPayload(role='inbound_dialer') — eod-reports.ts:440-479",,count,'today' (activity_date),yes,none,no drill-down UI in EOD Reports itself,,LIVE,A,,,,LIVE,A
SALE-0143,Sales Tracking → EOD Reports,Dialer EOD fields,Connections,RAW,"public.setter_activity (org_id uuid not null, RLS: is_org_member — supabase/migrations/20260518160304_....sql:2-31).connections, written by buildSetterActivityPayload(role='inbound_dialer') — eod-reports.ts:440-479",,count,'today' (activity_date),yes,none,no drill-down UI in EOD Reports itself,,LIVE,A,,,,LIVE,A
SALE-0144,Sales Tracking → EOD Reports,Dialer EOD fields,Qualified Convos,RAW,"public.setter_activity (org_id uuid not null, RLS: is_org_member — supabase/migrations/20260518160304_....sql:2-31).qualified_convos, written by buildSetterActivityPayload(role='inbound_dialer') — eod-reports.ts:440-479",,count,'today' (activity_date),yes,none,no drill-down UI in EOD Reports itself,,LIVE,A,,,,LIVE,A
SALE-0145,Sales Tracking → EOD Reports,Dialer EOD fields,Sets,RAW,"public.setter_activity (org_id uuid not null, RLS: is_org_member — supabase/migrations/20260518160304_....sql:2-31).sets, written by buildSetterActivityPayload(role='inbound_dialer') — eod-reports.ts:440-479",,count,'today' (activity_date),yes,none,no drill-down UI in EOD Reports itself,,LIVE,A,,,,LIVE,A
SALE-0146,Sales Tracking → EOD Reports,Dialer EOD fields,Calls On Calendar,RAW,"public.setter_activity (org_id uuid not null, RLS: is_org_member — supabase/migrations/20260518160304_....sql:2-31).calls_on_calendar, written by buildSetterActivityPayload(role='inbound_dialer') — eod-reports.ts:440-479",,count,'today' (activity_date),yes,none,no drill-down UI in EOD Reports itself,,LIVE,A,,,,LIVE,A
SALE-0147,Sales Tracking → EOD Reports,Dialer EOD fields,Live Calls,RAW,"public.setter_activity (org_id uuid not null, RLS: is_org_member — supabase/migrations/20260518160304_....sql:2-31).live_calls, written by buildSetterActivityPayload(role='inbound_dialer') — eod-reports.ts:440-479",,count,'today' (activity_date),yes,none,no drill-down UI in EOD Reports itself,,LIVE,A,,,,LIVE,A
SALE-0148,Sales Tracking → EOD Reports,Dialer EOD fields,Closes,RAW,"public.setter_activity (org_id uuid not null, RLS: is_org_member — supabase/migrations/20260518160304_....sql:2-31).closes, written by buildSetterActivityPayload(role='inbound_dialer') — eod-reports.ts:440-479",,count,'today' (activity_date),yes,none,no drill-down UI in EOD Reports itself,,LIVE,A,,,,LIVE,A
SALE-0149,Sales Tracking → EOD Reports,Dialer EOD fields,Downsells,RAW,"public.setter_activity (org_id uuid not null, RLS: is_org_member — supabase/migrations/20260518160304_....sql:2-31).downsells, written by buildSetterActivityPayload(role='inbound_dialer') — eod-reports.ts:440-479",,count,'today' (activity_date),yes,none,no drill-down UI in EOD Reports itself,,LIVE,A,,,,LIVE,A
SALE-0150,Sales Tracking → EOD Reports,Dialer EOD fields,Cash Collected,RAW,"public.setter_activity (org_id uuid not null, RLS: is_org_member — supabase/migrations/20260518160304_....sql:2-31).cash_collected_cents + original_currency",Math.round(Number(input)*100),$ (as-entered currency),'today',yes,none,none,,LIVE,A,,SALE-0138,"Same field/table as DM Setter's Cash Collected, differing only by role='inbound_dialer'.",LIVE,A
SALE-0151,Sales Tracking → EOD Reports,Dialer EOD fields,Total Revenue,RAW,"public.setter_activity (org_id uuid not null, RLS: is_org_member — supabase/migrations/20260518160304_....sql:2-31).total_revenue_cents",Math.round(Number(input)*100),$ (as-entered currency),'today',yes,none,none,,LIVE,A,,SALE-0139,,LIVE,A
SALE-0152,Sales Tracking → EOD Reports,Dialer EOD fields,Rate Today,RAW,"public.setter_activity (org_id uuid not null, RLS: is_org_member — supabase/migrations/20260518160304_....sql:2-31).rate_today (CHECK 1..10)","self-reported scale, no formula","count (1-10 scale, not %)",'today',yes,none,none,,LIVE,A,,SALE-0140,"Same correction as SALE-0140: RAW self-rating, not a derived %.",LIVE,A
SALE-0153,Sales Tracking → EOD Reports,Dialer EOD fields,Objections,RAW,"public.setter_activity (org_id uuid not null, RLS: is_org_member — supabase/migrations/20260518160304_....sql:2-31).objections (text)",,text,'today',yes,none,none,,LIVE,A,,SALE-0141,,LIVE,A
SALE-0154,Sales Tracking → EOD Reports,Closer Post-Call fields,Lead Status,RAW,"public.calls (org_id uuid, RLS org-scoped).eod_lead_status (raw submitted text, migration 20260906090000_eod_native_forms.sql) — also mapped into calls.status/closed/disposition/showed via LEAD_STATUS_MAP (eod-reports.ts:503-527)","buildClosureCallPayload() maps the 11-choice select onto status/closed/disposition/showed while eod_lead_status preserves the raw choice verbatim; 'IGNORE' → null, no row written at all (eod-reports.ts:530-579)",enum (11 choices),point-in-time (one call log),yes — payload.org_id (eod-reports.tsx:193-198),"call_objections (one row per selected objection category, written alongside)",no drill-down here; feeds Leads table Lead Status / Team roster closes,,LIVE,A,,,"'IGNORE' is a real no-op: the rep explicitly asks for the entry not to be recorded, and the code honors that by skipping the insert (eod-reports.ts:529-532).",LIVE,A
SALE-0155,Sales Tracking → EOD Reports,Closer Post-Call fields,Cash Collected,RAW,"public.calls (org_id uuid, RLS org-scoped).cash_collected_cents + original_currency (+ deposit_cents mirror when Lead Status='Deposit')","Math.round(NUM(values.cash_collected)*100); deposit_cents = same value when status='Deposit' (eod-reports.ts:534,550-552)",$ (as-entered currency),point-in-time,yes,none,Lead detail 'Calls' tab (SALE-0124) shows this per call,,LIVE,A,,,,LIVE,A
SALE-0156,Sales Tracking → EOD Reports,Closer Post-Call fields,Total Revenue,RAW,"public.calls (org_id uuid, RLS org-scoped).contract_value_cents",Math.round(NUM(values.total_revenue)*100) — eod-reports.ts:551,$ (as-entered currency),point-in-time,yes,none,Lead detail 'Calls' tab,,LIVE,A,,,,LIVE,A
SALE-0157,Sales Tracking → EOD Reports,Closer Post-Call fields,Offer,RAW,"public.calls (org_id uuid, RLS org-scoped).offer_made (boolean)",values.offer_made===true — eod-reports.ts:545,boolean,point-in-time,yes,none,none,,LIVE,A,,,,LIVE,A
SALE-0158,Sales Tracking → EOD Reports,Closer Post-Call fields,Call Summary,RAW,"public.calls (org_id uuid, RLS org-scoped).call_summary (text)",STR(values.summary) — eod-reports.ts:556,text,point-in-time,yes,none,Lead detail 'Calls' tab shows call_summary,,LIVE,A,,,,LIVE,A
SALE-0159,Sales Tracking → Team,Team Snapshot,Team Members,AGGREGATED,public.memberships joined to profiles — src/routes/_authenticated.team.tsx:220-249,members.length (memberships.length for this org),count,"none/point-in-time (current roster, not range-filtered)","yes — .eq('org_id',orgId!) team.tsx:246","profiles (display_name, avatar_url)",Roster tab table,,LIVE,A,,,System-level memberships roster — distinct from the dm_setter/inbound_dialer/closer 'team_members' roster used for Setters/Dialers/Closers counts below.,LIVE,A
SALE-0160,Sales Tracking → Team,Team Snapshot,Setters,AGGREGATED,"public.team_members — team.tsx:256-278,494-496",setterCount = teamMembersAll.filter(m => m.role==='dm_setter' && m.active).length,count,"point-in-time (active flag, not range-filtered)","yes — .eq('org_id',orgId!) team.tsx:272",none,"Roster tab, filter pill 'DM Setters'",,LIVE,A,,,,LIVE,A
SALE-0161,Sales Tracking → Team,Team Snapshot,Dialers,AGGREGATED,public.team_members,dialerCount = teamMembersAll.filter(m=>m.role==='inbound_dialer' && m.active).length — team.tsx:497-499,count,point-in-time,yes,none,"Roster tab, filter pill 'Dialers'",,LIVE,A,,,,LIVE,A
SALE-0162,Sales Tracking → Team,Team Snapshot,Closers,AGGREGATED,public.team_members,closerCount = teamMembersAll.filter(m=>m.role==='closer' && m.active).length — team.tsx:500,count,point-in-time,yes,none,"Roster tab, filter pill 'Closers'",,LIVE,A,,,,LIVE,A
SALE-0163,Sales Tracking → Team,Team Snapshot,Booked (30D),DERIVED,"public.calls + public.setter_activity — team.tsx:398-431 (team30d query, fetchWindow())","booked = Math.max(calls.length in window, sum(setter_activity.calls_on_calendar) in window) — team.tsx:419,424",count,"fixed trailing 30 days (d30, independent of the page's DateRangeProvider — team.tsx:369-378)","yes — both queries .eq('org_id',orgId!) team.tsx:405,413","none (two parallel queries, combined client-side)",no direct drill-down tile; feeds the Overview tab's TeamIntelligenceSummary too,,LIVE,A,,,Deliberately takes the MAX of two independent proxies (raw calls rows vs. self-reported setter_activity.calls_on_calendar) rather than one authoritative source — worth flagging: this can double-count or over-report if both logging paths are used for the same underlying bookings.,LIVE,A
SALE-0164,Sales Tracking → Team,Team Snapshot,Show Rate,DERIVED,same team30d dataset,"showRate = t.showed/t.booked*100 where t.showed = Math.max(calls.filter(c=>c.showed).length, sum(setter_activity.live_calls)) — team.tsx:420,425,504",%,fixed trailing 30 days,yes,none,no drill-down tile,,LIVE,A,,,"Same max-of-two-proxies pattern as Booked (30D); numerator/denominator both derived that way, so the ratio compounds both proxies' assumptions.",LIVE,A
SALE-0165,Sales Tracking → Team,Team Snapshot,Cash Collected (30D),AGGREGATED,same team30d dataset,"cash = Math.max(sum(calls.cash_collected_cents), sum(setter_activity.cash_collected_cents)) — team.tsx:421-422,427",$,fixed trailing 30 days,yes,none,no drill-down tile,,LIVE,A,,,"Same max-of-two-proxies pattern; also note neither query filters/tags by original_currency, so mixed-currency cash_collected_cents rows are summed as if all one currency here (unlike the EOD form's own explicit non-conversion stance).",LIVE,A
SALE-0166,Sales Tracking → Team,Performance — leaderboards,Closes,AGGREGATED,"RepLeaderboard fed by team30d.closers (calls grouped by closer_name) / team30d.setters (setter_activity grouped by team_member_name) — team.tsx:437-465,613-636",closerMap[name].closes += calls.filter(closed).length per closer_name; setterMap[name].closes += setter_activity.closes per rep,count,"fixed trailing 30 days by default, overridable via lbOverride date picker on the leaderboard itself (team.tsx:491-492,620-623)",yes (inherited from team30d),none,RepLeaderboard rows (no further click-through confirmed),,LIVE,A,,,One combined metric definition covers both the closer and setter leaderboards.,LIVE,A
SALE-0167,Sales Tracking → Team,Performance — leaderboards,Cash Collected,AGGREGATED,same team30d.closers/setters,"closerMap[name].cash += calls.cash_collected_cents; setterMap[name].cash += setter_activity.cash_collected_cents — team.tsx:443,455",$,same as SALE-0166,yes,none,RepLeaderboard rows,,LIVE,A,,,,LIVE,A
SALE-0168,Sales Tracking → Team,Performance — leaderboards,Sets,AGGREGATED,"team30d.setters only (closer leaderboard uses 'calls' as its volume metric instead, per TEAM_CLOSER_METRICS)",setterMap[name].sets += setter_activity.sets — team.tsx:454,count,same as SALE-0166,yes,none,RepLeaderboard rows,,LIVE,A,,,Setter-side metric only.,LIVE,A
SALE-0169,Sales Tracking → Team,Performance — targets,Rep KPI targets (Actual),AGGREGATED,"src/lib/kpi-targets.ts (computeTargetProgress) + src/lib/rep-kpi-actuals.ts (actualFromSetterActivity/actualFromCalls) + src/lib/rep-kpi-targets.ts (fetchRepKpiTargets); underlying rows: setter_activity (targetSetterActivityRows, team.tsx:303-319) and calls (targetCallRows, team.tsx:321-337)","actualFromSetterActivity(): sum of the mapped setter_activity column for that rep within the target's own period window (SETTER_ACTIVITY_COLUMN map, rep-kpi-actuals.ts:50-82). actualFromCalls(): count/sum/ratio per metric_key (shows/offers/closes/close_rate_pct=closes÷shows/cash_collected_cents/contract_value_cents/follow_ups_logged), rep-kpi-actuals.ts:96-128. null (not 0) when no rows exist for that rep/window.",count / $ / % (per metric's KpiFormat),"the target's own calendar period (daily/weekly/monthly), computed via periodWindow() — independent of the page's DateRangeProvider (kpi-targets.ts:161-212)","yes — both source queries .eq('org_id',orgId!) team.tsx:312,330","none (setter_activity/calls joined in memory by team_member_name/closer_name text match, not a foreign key)",KpiTargetTeamTable rows,,LIVE,A,,,"Rep matching is by free-text name (team_member_name / closer_name), not a user_id foreign key — a name typo/variant would silently split one rep's actuals into two buckets.",LIVE,A
SALE-0170,Sales Tracking → Team,Performance — targets,Target,RAW,"public.rep_kpi_targets.target_value (migration 20260907090000_rep_kpi_targets.sql, not yet in generated types — queried `as never`)",resolveActiveTarget(): latest version with effective_from <= today and is_active=true (kpi-targets.ts:74-86),count / $ / % (per metric's KpiFormat),"as-of today (target versioning), applied to the metric's own period","yes — .eq('org_id',orgId) rep-kpi-targets.ts:45",none,KpiTargetAdmin panel shows the full version history,,LIVE,A,,,"Admin-set target, versioned by effective_from; archiving creates a new inactive version rather than deleting (rep-kpi-targets.ts:89-113).",LIVE,A
SALE-0171,Sales Tracking → Team,Performance — targets,Variance,DERIVED,computeTargetProgress(),variance = actualValue - targetValue (kpi-targets.ts:317),count / $ / % (matches metric's unit),same as SALE-0169,yes (inherited),none,KpiTargetTeamTable row,,LIVE,A,,,,LIVE,A
SALE-0172,Sales Tracking → Team,Performance — targets,% to Goal,DERIVED,computeTargetProgress(),percentOfTarget = (actualValue/targetValue)*100 (kpi-targets.ts:318),%,same as SALE-0169,yes,none,KpiTargetTeamTable row,,LIVE,A,,,,LIVE,A
SALE-0173,Sales Tracking → Team,Performance — targets,Status),STATUS,computeTargetProgress(),One of no_target/insufficient_data/ahead/on_pace/behind/at_risk — branches on period-complete attainment vs. AHEAD_RATIO=1.05/ON_PACE_RATIO=0.9 (period complete) or on pace-vs-expected-by-now and requiredDailyPace vs. 2x the target's own steady daily rate (period in progress) — kpi-targets.ts:250-376,enum (status label),same as SALE-0169,yes,none,KpiTargetTeamTable row (reason string also shown),,LIVE,A,,,"Thresholds (1.05/0.9/2x) are fixed constants in code, not org-configurable — worth flagging per the repo's 'alert calibration must be to the org's own baseline' convention if these are ever treated as alerting thresholds rather than just a status label.",LIVE,A
SALE-0174,Sales Tracking → Team,Roster,Booked,AGGREGATED,public.calls.setter_id matched to memberships.user_id — team.tsx:339-364,setterCalls = calls.filter(c=>c.setter_id===m.user_id) [date-ranged via fromISO/toISO]; booked = setterCalls.length,count,"page's own DateRangeProvider range (team.tsx:124-126,347-348)","yes — .eq('org_id',orgId!) team.tsx:346",none (client-side join to memberships by user_id),Roster table row (no further click-through confirmed),,LIVE,A,,,Distinct data path from Team Snapshot's Booked(30D) — this one uses calls.setter_id (a real FK-like column) rather than the max-of-two-proxies approach.,LIVE,A
SALE-0175,Sales Tracking → Team,Roster,Shown,AGGREGATED,same setterStats query,shown = setterCalls.filter(c=>c.showed).length — team.tsx:360,count,page's own date range,yes,none,Roster table row,,LIVE,A,,,,LIVE,A
SALE-0176,Sales Tracking → Team,Roster,Closes,AGGREGATED,public.calls.closer_id matched to memberships.user_id,"closerCalls = calls.filter(c=>c.closer_id===m.user_id); closes = closerCalls.filter(c=>c.closed).length — team.tsx:356,361",count,page's own date range,yes,none,Roster table row,,LIVE,A,,,"Uses calls.closer_id (an auth.users uuid) rather than closer_name — worth noting this is the OPPOSITE preference from the Leads page, which explicitly avoids closer_id because the native EOD form never sets it (leads.tsx:680-685); Roster's Closes/Cash may undercount closers whose calls only ever got closer_name set.",LIVE,A
SALE-0177,Sales Tracking → Team,Roster,Cash,AGGREGATED,same closerCalls,"cash = closerCalls.reduce((s,c)=>s+(c.cash_collected_cents??0),0) — team.tsx:362",$,page's own date range,yes,none,Roster table row,,LIVE,A,,,Same closer_id-matching caveat as SALE-0176.,LIVE,A
SALE-0178,Sales Tracking → Team,Roster,Close %,DERIVED,byUser row (booked/shown/closes/cash computed above),"m.shown ? (m.closes/m.shown)*100 : '—' — team.tsx:721 (Closes ÷ Shown, not Closes ÷ Booked)",%,page's own date range,yes (inherited),none,Roster table row,,LIVE,A,,,,LIVE,A
SALE-0179,Sales Tracking → Team,Roster,Status,PLACEHOLDER,hardcoded literal 'Active' string in JSX (team.tsx:723-726),,text (static label),n/a,n/a,none,none,,PLACEHOLDER,D,no evidence of intended source,,Not backed by any column — every roster row always renders the same static 'Active' chip regardless of real membership/team_member status. This is a genuine gap: memberships has no active/inactive flag consulted here (team_members.active exists but isn't the table this row iterates over).,PLACEHOLDER,D
SALE-0180,Sales Tracking → Team,Access,Pending access requests,AGGREGATED,public.membership_requests — team.tsx:141-154,"requests.length, filtered .eq('status','pending')",count,none/point-in-time (current pending queue),"yes — .eq('org_id',orgId!) team.tsx:148",none,Expandable list of requests with Approve/Reject actions (approve_membership_request/reject_membership_request RPCs),,LIVE,A,,,Admin-only (enabled: isAdmin).,LIVE,A
SALE-0181,Sales Tracking → Team,Access,Recent access changes,EVENT,public.access_audit_log (migration 20260903200000_phase6_access_center_audit_revoke.sql:14-22) — team.tsx:205-218,"List of the 20 most recent rows (action in membership_approved/membership_rejected/access_revoked), order by created_at desc, limit 20",list of events (count=20 max shown),"all-time (most recent 20, no date filter)","yes — .eq('org_id',orgId!) team.tsx:212",none,"n/a (this IS the drill-down; append-only log, no further detail view)",,LIVE,A,,,"Table is append-only/tamper-resistant by design — rows only ever written by SECURITY DEFINER functions (revoke_membership_access, approve/reject_membership_request), never directly by client RLS policy (migration comment lines 25-29).",LIVE,A
SALE-0182,Sales Tracking → Team Calendars,Summary tiles,Calls Today/Week/Month/Year,AGGREGATED,public.calls (org_id-scoped) + public.call_confirmations + public.confirmation_policy — src/components/calls-on-calendar.tsx:490-555 + src/lib/call-confirmations.ts/.server.ts,"summary.total = periodEntries.length, where periodEntries = calls (enriched with confirmation status) filtered to the exact [periodStart,periodEnd) of the active Day/Week/Month/Year view — calls-on-calendar.tsx:674-711,748",count,"the active calendar view's period (day/week/month/year), NOT the global DateRangeProvider","yes — .eq('org_id',orgId!) calls-on-calendar.tsx:497","leads (id,full_name,...) + profiles (rep names) + call_confirmations (via getConfirmations server fn)",Calendar grid itself (click a call block),,LIVE,A,,,"Label says 'Calls Today/Week/Month/Year' but only one is shown at a time, matching whichever Day/Week/Month/Year toggle is active (periodAdjective map, calls-on-calendar.tsx:715-726) — it is not four simultaneous tiles.",LIVE,A
SALE-0183,Sales Tracking → Team Calendars,Summary tiles,Pre-Call Ready,DERIVED,buildPreCallChecklist() — src/lib/call-confirmations.ts:239-257,"summary.ready = periodEntries.filter(e => e.checklistDone===e.checklist.length && e.overallStatus!=='cancelled').length — calls-on-calendar.tsx:704-706. Checklist = 8 boolean items (night-before homework sent, pre-call video watched, morning message sent, morning response received, goals captured, 1-hour reminder sent, 30-min confirmation sent, 10-min message sent), all real stored fields off call_confirmations + leads.precall_video_watched.",count,same period as SALE-0182,yes (inherited),"call_confirmations, leads.precall_video_watched",Call detail drawer shows the full checklist,,LIVE,A,,,,LIVE,A
SALE-0184,Sales Tracking → Team Calendars,Summary tiles,Video Not Watched,AGGREGATED,leads.precall_video_watched,summary.videoNotWatched = periodEntries.filter(e => e.lead && !e.lead.precall_video_watched && e.overallStatus!=='cancelled').length — calls-on-calendar.tsx:707-709,count,same period as SALE-0182,yes,leads,Call detail drawer,,LIVE,A,,SALE-0096 (same underlying column as Leads table's Pre-call vid),,LIVE,A
SALE-0185,Sales Tracking → Team Calendars,Summary tiles,Open Slots,AGGREGATED,calls.cancelled (via overallStatus derivation),summary.openSlots = periodEntries.filter(e => e.overallStatus==='cancelled').length — calls-on-calendar.tsx:710,count,same period as SALE-0182,yes,none,"Calendar grid (cancelled calls still render, per call-confirmations.server.ts comment)",,LIVE,A,,SALE-0190 (same underlying set as the 'Cancelled' status-legend count),"Label 'Open Slots' is really a count of cancelled bookings, not free calendar capacity — worth flagging as a potentially misleading label for what it actually measures.",LIVE,A
SALE-0186,Sales Tracking → Team Calendars,Status legend,Confirmed,STATUS,"call_confirmations.overall_status — deriveOverallStatus(), src/lib/call-confirmations.ts:173-190",overall_status stays 'confirmed' once explicitly set (rep action); deriveOverallStatus never overwrites confirmed/cancelled/rescheduled — evaluated on every read via confirmation_policy thresholds (call-confirmations.server.ts:60-...),count (periodStatusCounts.confirmed),same period as SALE-0182,yes (confirmation_policy + call_confirmations both org-scoped),call_confirmations,Calendar grid filter (statusFilter=confirmed),,LIVE,A,,,periodStatusCounts tallies enriched.overallStatus across periodEntries — calls-on-calendar.tsx:683-694.,LIVE,A
SALE-0187,Sales Tracking → Team Calendars,Status legend,Awaiting confirmation,STATUS,same,default overall_status when no confirmation row/action exists yet and hoursUntilCall > overdueAfterHours — call-confirmations.ts:187-189,count,same period,yes,call_confirmations,Calendar grid filter (statusFilter=awaiting),,LIVE,A,,,,LIVE,A
SALE-0188,Sales Tracking → Team Calendars,Status legend,Confirmation overdue,STATUS,same,"hoursUntilCall <= confirmation_policy.overdue_after_hours (org-configurable, default 24h) — call-confirmations.ts:186-188, policy default at call-confirmations.server.ts:13-17",count,same period,yes,"call_confirmations, confirmation_policy",Calendar grid filter (statusFilter=overdue),,LIVE,A,,,"Thresholds ARE org-configurable via confirmation_policy (admin-editable, calls-on-calendar.tsx:2144-2226) — unlike the KPI-target status thresholds (SALE-0173), this one follows the 'calibrate to org baseline' convention.",LIVE,A
SALE-0189,Sales Tracking → Team Calendars,Status legend,At risk,STATUS,same,"hoursUntilCall <= confirmation_policy.at_risk_after_hours (org-configurable, default 4h) — call-confirmations.ts:186-187",count,same period,yes,"call_confirmations, confirmation_policy",Calendar grid filter (statusFilter=at_risk),,LIVE,A,,,,LIVE,A
SALE-0190,Sales Tracking → Team Calendars,Status legend,Cancelled,STATUS,calls.cancelled boolean,overallStatus = call.cancelled ? 'cancelled' : ... — calls-on-calendar.tsx:567-569,count,same period,yes,none,Calendar grid filter (statusFilter=cancelled),,LIVE,A,,SALE-0185,,LIVE,A
SALE-0191,Sales Tracking → Team Calendars,Status legend,Rescheduled,STATUS,call_confirmations.overall_status='rescheduled' + calls.calendly_reschedule_url/reschedule_reason (migration 20260911100000_calendar_reschedule_reason_and_calendly_links.sql),"Set by explicit rep action (reschedule flow), never auto-derived by deriveOverallStatus (which passes rescheduled through unchanged) — call-confirmations.ts:179-184",count,same period,yes,call_confirmations,Calendar grid filter (statusFilter=rescheduled),,LIVE,A,,,,LIVE,A
SALE-0192,Sales Tracking → Team Calendars,Pre-call sequence,Not sent,STATUS,"deriveTouchpointStatus() — src/lib/call-confirmations.ts:144-165, rendered per-touchpoint by ConfirmationCircles (calls-on-calendar.tsx:1641-1689)",Per-touchpoint (of 5: night_before/morning/one_hour/thirty_min/ten_min) state = 'not_sent' when no *_sent_at/*_scheduled_at/*_responded_at timestamp exists and the touchpoint's send window has closed,"status (per-touchpoint indicator, not an aggregate count tile)",relative to each call's scheduled_for time,yes (inherited),call_confirmations,Call detail drawer's touchpoint list shows real timestamps,,LIVE,A,,,"Not a summary count anywhere on the page — rendered as one of 5 small dots on each individual call block/drawer, one dot per touchpoint.",LIVE,A
SALE-0193,Sales Tracking → Team Calendars,Pre-call sequence,Sent no response,STATUS,same,status==='manually_sent' || status==='scheduled' (a *_sent_at or *_scheduled_at timestamp exists but no *_responded_at yet) — calls-on-calendar.tsx:1655,status (per-touchpoint indicator),relative to each call's scheduled_for,yes,call_confirmations,Call detail drawer,,LIVE,A,,,"Comment at call-confirmations.ts:6-12: there is no real outbound messaging integration in this codebase — every *_sent_at is a rep MANUALLY marking a touchpoint done, not an automated send confirmation.",LIVE,A
SALE-0194,Sales Tracking → Team Calendars,Pre-call sequence,Responded,STATUS,same,status==='responded' (a *_responded_at timestamp is set) — calls-on-calendar.tsx:1654,status (per-touchpoint indicator),relative to each call's scheduled_for,yes,call_confirmations,Call detail drawer,,LIVE,A,,,,LIVE,A
SALE-0195,Sales Tracking → Hiring,Stat row,Total applicants,AGGREGATED,"public.hiring_applicants (org_id uuid not null, RLS org-scoped — migration 20260530225026_....sql)","total = applicants.length — src/routes/_authenticated.hiring.tsx:498,317-328 (.eq('org_id',orgId!).order('applied_at',desc))",count,"all-time (no range filter on this tile; the page's own rangePreset filter applies to the table/kanban's `filtered` array, not this stat)",yes,none,Kanban board below / table rows,,LIVE,A,,,,LIVE,A
SALE-0196,Sales Tracking → Hiring,Stat row,Interview/Trial,AGGREGATED,"public.hiring_applicants (org_id uuid not null, RLS org-scoped — migration 20260530225026_....sql).stage",interviewWorthy = applicants.filter(a => a.stage==='interview_worthy' || a.stage==='trial_call').length — hiring.tsx:500-502,count,"all-time (unfiltered `applicants`, not the filtered/ranged `filtered` array)",yes,none,Kanban columns 'Interview Worthy' + 'Trial Call',,LIVE,A,,,,LIVE,A
SALE-0197,Sales Tracking → Hiring,Stat row,Hired,AGGREGATED,"public.hiring_applicants (org_id uuid not null, RLS org-scoped — migration 20260530225026_....sql).stage",hired = applicants.filter(a=>a.stage==='hired').length — hiring.tsx:499,count,all-time (unfiltered),yes,none,Kanban column 'Hired',,LIVE,A,,,,LIVE,A
SALE-0198,Sales Tracking → Hiring,Stat row,Avg AI score,DERIVED,"public.hiring_applicants (org_id uuid not null, RLS org-scoped — migration 20260530225026_....sql).ai_score (numeric, set by gradeApplicantFromTranscript — src/lib/hiring.server.ts:83,98)","avgScore = sum(ai_score ?? 0) / applicants.length (ALL applicants, including ungraded) — hiring.tsx:503-505","% (rendered as a /10 score, e.g. '7.3', despite unit=% in the input list — actually a 0-10 scale)",all-time (unfiltered),yes,none,AI evaluation drawer per applicant (score/reasoning/summary),,LIVE,A,,,"Denominator is ALL applicants, not just AI-graded ones — an applicant with no video/transcript graded yet has ai_score=null and is treated as 0 in this average, silently dragging it down. Also: unit is a 0-10 scale, not a percentage, despite the input list's 'unit=%' guess.",LIVE,A
SALE-0199,Sales Tracking → Hiring,Per-role tab,{Role}s in pipeline,AGGREGATED,"public.hiring_applicants (org_id uuid not null, RLS org-scoped — migration 20260530225026_....sql).role_applied, scoped to the currently active filters","roleApplicants = filtered.filter(a=>a.role_applied===t.key).length — hiring.tsx:735-746 (`filtered` respects query/region/date-range filters, unlike the top stat row)",count,respects the page's query/regionFilter/rangePreset (applied_at-based) filters — hiring.tsx:340-349,yes (inherited),none,Kanban board for that role tab,,LIVE,A,,,"Unlike the top-of-page Stat Row (SALE-0195-0198, which uses the unfiltered `applicants`), this tile uses the FILTERED `filtered` array — the two counts can legitimately diverge when a filter is active.",LIVE,A
SALE-0200,Sales Tracking → Hiring,Per-role tab,Hired,AGGREGATED,same filtered roleApplicants,roleHired = roleApplicants.filter(a=>a.stage==='hired').length — hiring.tsx:740,count,same as SALE-0199,yes,none,Kanban 'Hired' column for that role,,LIVE,A,,,,LIVE,A
SALE-0201,Sales Tracking → Hiring,Per-role tab,Avg transcript-quality score,DERIVED,"same filtered roleApplicants, .ai_score",roleAvg = sum(ai_score ?? 0)/roleApplicants.length (same all-applicants-in-denominator pattern as SALE-0198) — hiring.tsx:736-739,"0-10 scale (not %, same mislabel as SALE-0198)",same as SALE-0199,yes,none,AI evaluation drawer,,LIVE,A,,SALE-0198,Same ungraded-applicants-count-as-0 caveat as the page-wide Avg AI score.,LIVE,A
SALE-0202,Sales Tracking → Hiring,Kanban,Applied,AGGREGATED,"public.hiring_applicants (org_id uuid not null, RLS org-scoped — migration 20260530225026_....sql).stage='applied'","byStageFor(role) groups `filtered` rows by stage into a Map, one column per STAGES entry — hiring.tsx:351-360",count,"respects page's query/regionFilter/rangePreset filters, scoped to the active role tab",yes,none,Kanban card for each applicant in that column (drag-to-move updates stage),,LIVE,A,,,,LIVE,A
SALE-0203,Sales Tracking → Hiring,Kanban,Needs Grading,AGGREGATED,"public.hiring_applicants (org_id uuid not null, RLS org-scoped — migration 20260530225026_....sql).stage='needs_grading'","byStageFor(role) groups `filtered` rows by stage into a Map, one column per STAGES entry — hiring.tsx:351-360",count,"respects page's query/regionFilter/rangePreset filters, scoped to the active role tab",yes,none,Kanban card for each applicant in that column (drag-to-move updates stage),,LIVE,A,,,,LIVE,A
SALE-0204,Sales Tracking → Hiring,Kanban,Interview Worthy,AGGREGATED,"public.hiring_applicants (org_id uuid not null, RLS org-scoped — migration 20260530225026_....sql).stage='interview_worthy'","byStageFor(role) groups `filtered` rows by stage into a Map, one column per STAGES entry — hiring.tsx:351-360",count,"respects page's query/regionFilter/rangePreset filters, scoped to the active role tab",yes,none,Kanban card for each applicant in that column (drag-to-move updates stage),,LIVE,A,,,,LIVE,A
SALE-0205,Sales Tracking → Hiring,Kanban,Trial Call,AGGREGATED,"public.hiring_applicants (org_id uuid not null, RLS org-scoped — migration 20260530225026_....sql).stage='trial_call'","byStageFor(role) groups `filtered` rows by stage into a Map, one column per STAGES entry — hiring.tsx:351-360",count,"respects page's query/regionFilter/rangePreset filters, scoped to the active role tab",yes,none,Kanban card for each applicant in that column (drag-to-move updates stage),,LIVE,A,,,,LIVE,A
SALE-0206,Sales Tracking → Hiring,Kanban,Offer Sent,AGGREGATED,"public.hiring_applicants (org_id uuid not null, RLS org-scoped — migration 20260530225026_....sql).stage='offer_sent'","byStageFor(role) groups `filtered` rows by stage into a Map, one column per STAGES entry — hiring.tsx:351-360",count,"respects page's query/regionFilter/rangePreset filters, scoped to the active role tab",yes,none,Kanban card for each applicant in that column (drag-to-move updates stage),,LIVE,A,,,,LIVE,A
SALE-0207,Sales Tracking → Hiring,Kanban,Hired,AGGREGATED,"public.hiring_applicants (org_id uuid not null, RLS org-scoped — migration 20260530225026_....sql).stage='hired'","byStageFor(role) groups `filtered` rows by stage into a Map, one column per STAGES entry — hiring.tsx:351-360",count,"respects page's query/regionFilter/rangePreset filters, scoped to the active role tab",yes,none,Kanban card for each applicant in that column (drag-to-move updates stage),,LIVE,A,,,,LIVE,A
SALE-0208,Sales Tracking → Hiring,Kanban,Rejected,AGGREGATED,"public.hiring_applicants (org_id uuid not null, RLS org-scoped — migration 20260530225026_....sql).stage='rejected'","byStageFor(role) groups `filtered` rows by stage into a Map, one column per STAGES entry — hiring.tsx:351-360",count,"respects page's query/regionFilter/rangePreset filters, scoped to the active role tab",yes,none,Kanban card for each applicant in that column (drag-to-move updates stage),,LIVE,A,,,,LIVE,A
SALE-0209,Sales Tracking → Hiring,AI evaluation,Transcript quality,OTHER,"public.hiring_applicants (org_id uuid not null, RLS org-scoped — migration 20260530225026_....sql).ai_score (0-10, set by src/lib/hiring.server.ts:19-112 (gradeApplicantFromTranscript, via gradeLoomFn — src/lib/hiring.functions.ts:50-78))",AI (Gemini 2.5 Flash via Lovable AI Gateway) scores the Loom transcript 0-10 on clarity/energy/sales-instinct/specificity/coachability/red-flags; score is clamped 0-10 in code (hiring.server.ts:83),0-10 scale,point-in-time (re-graded on demand),"yes — .eq('org_id',args.orgId) hiring.server.ts:32,108",none,AI evaluation drawer (hiring.tsx:1152-1237),,PARTIALLY CONNECTED,A,,"SALE-0198/SALE-0201 (same column, averaged there)","Requires LOVABLE_API_KEY; throws 'AI is not configured' if unset. Also requires a transcript — either pasted manually or best-effort scraped from a public Loom share URL (fetchLoomTranscript, hiring.server.ts:5-17, a regex scrape of Loom's caption JSON, not an official API) — classified PARTIALLY CONNECTED because the transcript source itself is a best-effort scrape that can return null.",PARTIALLY CONNECTED,A
SALE-0210,Sales Tracking → Hiring,AI evaluation,Flags,DERIVED,deriveFlags() — src/routes/_authenticated.hiring.tsx:261-286,"Rule-based (not AI-generated) flags from real structured columns: score>=7 'Strong'/score<5 'Weak' (ai_score), stated-role-mismatch (ai_stated_role vs role_applied), years_experience>=3, has historical/recent cash-collected figures",list of flags (count varies),point-in-time,yes (inherited from applicant row),none,AI evaluation drawer,,LIVE,A,,,Explicitly NOT parsed from AI free-text reasoning — comment at hiring.tsx:255-260 states this is grounded in real structured fields specifically to avoid the fragile-parsing problem of two different reasoning-string formats.,LIVE,A
SALE-0211,Sales Tracking → Hiring,AI evaluation,Reasoning,OTHER,"public.hiring_applicants (org_id uuid not null, RLS org-scoped — migration 20260530225026_....sql).ai_reasoning (text) + ai_transcript_summary (text), both set by src/lib/hiring.server.ts:19-112 (gradeApplicantFromTranscript, via gradeLoomFn — src/lib/hiring.functions.ts:50-78)","AI-generated one-line pipe-separated quality-signal string (ai_reasoning) and 4-6 sentence summary (ai_transcript_summary) — free text, no formula",text,point-in-time,yes,none,AI evaluation drawer,,PARTIALLY CONNECTED,A,,SALE-0209,Same AI-call/transcript-availability caveat as Transcript quality (SALE-0209).,PARTIALLY CONNECTED,A
SALE-0212,Sales Tracking -> Attribution,Overview,Total Leads,RAW,"leads table, count of rows. src/routes/_authenticated.attribution.tsx:459 (data?.leadRows.length ?? 0); query at lines 203-210 supabase.from('leads').select(...).eq('org_id',orgId!).gte('created_at',fromISO).lte('created_at',toISO)",COUNT(leads) WHERE org_id=? AND created_at BETWEEN range.from AND range.to,count,range.from 00:00:00 to range.to 23:59:59 (date-range picker),"Yes - .eq('org_id', orgId!) at attribution.tsx:208",None (single table),"None - this is a KPI tile, not itself clickable to a drill-down list on this page","N/A - ground truth count, independent of attribution model",LIVE,A,n/a,SALE-0246,"Near-duplicate of SALE-0246 (Traffic 'Leads tracked') - both COUNT(leads) in range via two independently-written queries (attribution.tsx vs traffic.tsx); should be numerically equal for the same range but computed twice, not from one shared query.",LIVE,A
SALE-0213,Sales Tracking -> Attribution,Overview,Booked Calls,RAW,"calls table, count of rows. attribution.tsx:466 (data?.callRows.length ?? 0); query lines 211-218 .from('calls').select(...).eq('org_id',orgId!).gte/.lte(created_at, range)",COUNT(calls) WHERE org_id=? AND created_at BETWEEN range,count,range.from-range.to,Yes - attribution.tsx:216,None,None,N/A - ground truth count,LIVE,A,n/a,,"'Booked Calls' counts ALL calls rows in range (any status), not just status='booked' - includes calls that later showed/closed too. Label could mislead a reader into thinking it excludes showed/closed calls; it does not.",LIVE,A
SALE-0214,Sales Tracking -> Attribution,Overview,Shows,RAW,calls.showed boolean. attribution.tsx:472 data?.callRows.filter(c => c.showed).length,COUNT(calls) WHERE org_id=? AND created_at BETWEEN range AND showed=true,count,range.from-range.to,Yes (via callRows query),None,None,N/A - ground truth count,LIVE,A,n/a,,,LIVE,A
SALE-0215,Sales Tracking -> Attribution,Overview,Closes,RAW,"calls.closed boolean, via closedRows = callRows.filter(c=>c.closed). attribution.tsx:256,479",COUNT(calls) WHERE org_id=? AND created_at BETWEEN range AND closed=true,count,range.from-range.to,Yes (via callRows query),None,None,N/A - ground truth count,LIVE,A,n/a,,,LIVE,A
SALE-0216,Sales Tracking -> Attribution,Overview,Revenue Generated,DERIVED (sum),"calls.contract_value_cents summed over closedRows. attribution.tsx:421-424 totalContractCents = (data?.closedRows ?? []).reduce((s,c)=>s+(c.contract_value_cents ?? 0),0); rendered via money() at line 485",SUM(calls.contract_value_cents) WHERE closed=true AND org_id=? AND created_at BETWEEN range,$ (currency-formatted),range.from-range.to,Yes,None,None,N/A - ground truth sum,LIVE,A,n/a,,"Given sheet lists unit=% for this metric - that is WRONG. Real unit is currency ($), not a percentage; code renders it with money() same as Cash Collected.",LIVE,A
SALE-0217,Sales Tracking -> Attribution,Overview,Cash Collected,DERIVED (sum),"calls.cash_collected_cents summed over closedRows. attribution.tsx:417-420,492",SUM(calls.cash_collected_cents) WHERE closed=true AND org_id=? AND created_at BETWEEN range,$,range.from-range.to,Yes,None,None,N/A - ground truth sum,LIVE,A,n/a,SALE-0223; SALE-0249; SALE-0267,Near-duplicate label of SALE-0223 (Sankey 'Cash Collected') and SALE-0249/0267 (Traffic page) - see those rows for exact scope differences (Sankey figure is model+filter-scoped and usually reads lower).,LIVE,A
SALE-0218,Sales Tracking -> Attribution,Overview,Attributed Cash,DERIVED,"attribution.tsx:425-431: attributedCallIds = Set of currentPaths[].callId (currentPaths = data.pathsByModel[model], default model='first_touch'); attributedCashCents = SUM(closedRows.cash_collected_cents) WHERE call.id IN attributedCallIds",SUM(cash_collected_cents) for closed calls whose id appears in the CURRENTLY SELECTED attribution model's output paths,$,range.from-range.to,Yes (inherits org scope from leadRows/callRows/touchRows queries),"leads JOIN calls (via lead_id) JOIN lead_content_touches (for first_touch/last_touch models only) - performed in-memory by buildAttributionPathsForModel, src/lib/content-attribution.ts:52-197",Detailed records table below (filteredPaths),"MODEL-DEPENDENT - value changes with the 5-way model selector (first_touch/lead_source/booking_source/last_touch/assisted_touch). Non-assisted models are built with directOutcomeLinked=true and >=2 supportingEvents -> evidence.coverage='direct' (src/lib/acquisition.ts:186-193). assisted_touch paths are ALWAYS built with directOutcomeLinked=false, inferred=true -> coverage is always 'inferred', never 'direct' (content-attribution.ts:172-173). UI appends '<Model> basis' as an emptyHint (attribution.tsx:501) so the tile is not mislabeled, but a viewer skimming only the dollar figure could still read it as guaranteed direct revenue.",LIVE,B,n/a,,Single most attribution-sensitive tile on the page. Confidence is DIRECT only for first_touch/lead_source/booking_source/last_touch; INFERRED-ONLY when model=assisted_touch. No UNAVAILABLE case reaches this tile because currentPaths is already filtered to resolvable content only.,LIVE,B
SALE-0219,Sales Tracking -> Attribution,Overview,Unattributed Cash,DERIVED,"attribution.tsx:432 unattributedCashCents = Math.max(0, totalCashCents - attributedCashCents)","totalCashCents (SALE-0217) minus attributedCashCents (SALE-0218), floored at 0",$,range.from-range.to,Yes (inherited),Same as SALE-0218,None,"MODEL-DEPENDENT (inverse of SALE-0218) - a residual/plug number, not an independently verified 'this cash came from nowhere' fact; reflects whatever cash the selected model failed to link a content touchpoint to.",LIVE,B,n/a,,"'Unattributed' means 'this model could not resolve a content_id for this call' (e.g. referral or direct-booked call with no source_content_id/touch row) - correctly framed as a gap, not asserted as literally unexplainable revenue.",LIVE,B
SALE-0220,Sales Tracking -> Attribution,Overview,Organic Cash,DERIVED,"attribution.tsx:434-442,450: buckets cash by normalizeAcquisitionSource(callSourceCategory[callId]) where callSourceCategory[c.id] = trafficCategoryByLeadId[c.lead_id] (lead.traffic_source_id -> traffic_sources.category). organicCash = cashByAcquisitionSource['Direct / Organic']",SUM(cash_collected_cents) for closed calls whose lead's traffic_sources.category normalizes to 'Direct / Organic' via src/lib/acquisition-source.ts:70-71,$,range.from-range.to,Yes (inherited - leadRows/callRows/trafficRows all org-scoped),leads JOIN traffic_sources (via leads.traffic_source_id) JOIN calls (via lead_id) - in-memory join,None (no dedicated drill-down for this specific bucket),"NOT MODEL-DEPENDENT - always uses leads.traffic_source_id (a lead-level 'lead source' signal set at intake), regardless of the 5-way model picker on the same page. This is a DIFFERENT attribution basis than the model selector directly above it and the UI does not say so.",LIVE,B,n/a,,IMPORTANT: this bucket (and Paid/Referral below) does NOT respond to the attribution-model picker even though it sits directly under it - always lead.traffic_source_id-derived (effectively a fixed 'lead source' model). A user could reasonably but incorrectly assume switching the model also changes these three figures; it does not.,LIVE,B
SALE-0221,Sales Tracking -> Attribution,Overview,Paid Cash,DERIVED,attribution.tsx:452-453: paidCash = cashByAcquisitionSource['Meta Ads'] + cashByAcquisitionSource['Google'],SUM(cash_collected_cents) for closed calls whose lead's traffic_sources.category normalizes to 'Meta Ads' OR 'Google',$,range.from-range.to,Yes (inherited),leads JOIN traffic_sources JOIN calls (in-memory),None,"Same fixed lead.traffic_source_id basis as SALE-0220 - NOT model-selector-dependent. Additionally explicitly PARTIAL by the code's own admission: comment at attribution.tsx:443-449 states the taxonomy is channel-level, not a paid/organic macro-split - a TikTok/Instagram lead could genuinely be paid or organic and this schema can't distinguish that per channel, so 'Paid Cash' only counts the 2 unambiguously-ad-spend channel names and is NOT a full paid-media total.",LIVE,B,n/a,,"This is exactly the failure mode the audit brief warns about, but the code already self-documents the limitation. Does NOT join to the real acquisition_spend table (supabase/migrations/20260827210000_acquisition_spend_foundation.sql) - no ROAS/spend-based attribution on this page, only revenue bucketed by inferred channel name. No Meta/Google Ads webhook route exists under src/routes/api/public/ (only fanbasis, ingest.$token, paypal, stripe, twilio, typeform, whop, wise), confirming acquisition_spend is schema-only/not live-ingested today.",LIVE,B
SALE-0222,Sales Tracking -> Attribution,Overview,Referral Cash,DERIVED,attribution.tsx:451: referralCash = cashByAcquisitionSource['Referral / Partner'],SUM(cash_collected_cents) for closed calls whose lead's traffic_sources.category normalizes to 'Referral / Partner',$,range.from-range.to,Yes (inherited),leads JOIN traffic_sources JOIN calls (in-memory),None,Same fixed lead.traffic_source_id basis as SALE-0220/0221 - NOT model-selector-dependent.,LIVE,B,n/a,,See SALE-0220 UX-labeling note.,LIVE,B
SALE-0223,Sales Tracking -> Attribution,Attribution Flow (Sankey),Cash Collected,DERIVED (sum),"attribution.tsx:526-587 sankeyData built from filteredPaths (currentPaths for selected model, further narrowed by platform/source/setter/closer filters) x data.callCashById",SUM(cash_collected_cents) only for calls that (a) have a resolvable path under the selected model AND (b) pass active platform/source/setter/closer filters AND (c) have cash>0,$,range.from-range.to,Yes (inherited),"leads JOIN lead_content_touches/content_pieces (model-dependent) JOIN calls JOIN profiles (setter/closer name resolution, attribution.tsx:249-253)","Clicking a Sankey node scopes 'Detailed records' below (selectSankeyNode fn, attribution.tsx:655-665)",MODEL- AND FILTER-DEPENDENT. Strict subset of SALE-0217's ground-truth Cash Collected - typically reads lower because it excludes every call the selected model could not resolve a content_id for (i.e. silently excludes what SALE-0219 'Unattributed Cash' counts).,LIVE,B,n/a,SALE-0217,"Near-duplicate name of SALE-0217 but NOT the same number - attributed-and-filtered subset flowing through the diagram, not total cash collected. Should not be read as 'total cash' despite the identical label.",LIVE,B
SALE-0224,Sales Tracking -> Attribution,Attribution Flow (Sankey),per-platform/rep/closer flow,DERIVED (categorical aggregation),"attribution.tsx:526-587 - 3-stage Sankey: Platform -> Setter/Dialer -> Closer -> Cash. Platform via platformByContentId[contentId] (normalizeSocialPlatform(content_pieces.platform, content_pieces.source_platform), attribution.tsx:258-269). Rep names via profiles.display_name (attribution.tsx:249-253).","Link value = SUM(cash_collected_cents) grouped by (platform,rep,closer) triple for calls passing the current model+filters",count (nodes) / $ (link weights),range.from-range.to,Yes (inherited),"content_pieces (platform) + calls (setter_id/closer_id) + profiles (display names) - in-memory joins, no SQL join",Clicking any node scopes Detailed records (attribution.tsx:655-665),Same model/filter dependency as SALE-0223. 'Setter/Dialer' node uses calls.setter_id for BOTH DM Setter and Inbound Dialer bookings - no separate dialer_id column exists (explicit comment attribution.tsx:329-335); a 'dialerId' deep-link filter matches the same field rather than a fabricated second one.,LIVE,B,n/a,,"Payment method/plan and retention/refund are deliberately NOT Sankey stages (explicit in-app note, attribution.tsx:879-884) because this schema has no dedicated field for either - correct honesty, not a gap.",LIVE,B
SALE-0225,Sales Tracking -> Attribution,Top Customer Journeys,Platform,DIMENSION,"identifyTopAttributionJourneys() src/lib/content-attribution.ts:302-354, resolved via platformByContentId map (content_pieces.platform/source_platform)",Grouping key - content_pieces platform resolved per journey's representative path,text (categorical),range.from-range.to,Yes (inherited),content_pieces (via path.contentId),"Click row -> inspectJourney() sets filters + opens/scrolls to Detailed records, attribution.tsx:641-650",MODEL-DEPENDENT (journeys are grouped from filteredCanonicalPaths for the selected model),LIVE,A,n/a,,,LIVE,A
SALE-0226,Sales Tracking -> Attribution,Top Customer Journeys,Acquisition Source,DIMENSION,"content-attribution.ts:302-354, path.source populated by normalizeAcquisitionSource(callSourceCategory) at attribution.tsx:374 (via resolvedPaths)",Grouping key - lead.traffic_source_id -> traffic_sources.category -> normalizeAcquisitionSource(),text (categorical),range.from-range.to,Yes (inherited),leads JOIN traffic_sources (in-memory),Click row -> inspectJourney(),"Uses the SAME fixed lead.traffic_source_id basis as SALE-0220-0222, independent of the model picker for the source label itself (though journey existence is model-dependent via filteredCanonicalPaths)",LIVE,A,n/a,,,LIVE,A
SALE-0227,Sales Tracking -> Attribution,Top Customer Journeys,Rep,DIMENSION,"content-attribution.ts:302-354, meta.setterId ?? meta.dialerId from callMetaById (both = calls.setter_id, attribution.tsx:333-334); resolved to name via repNameById (profiles.display_name)",Grouping key,text,range.from-range.to,Yes (inherited),calls JOIN profiles,Click row -> inspectJourney(),MODEL-DEPENDENT (journey existence) but the rep value itself is a direct column read (calls.setter_id),LIVE,A,n/a,,'Rep' here is really 'Setter/Dialer' (see SALE-0224 note on the shared column) - column header may be too generic for users unaware of that overload.,LIVE,A
SALE-0228,Sales Tracking -> Attribution,Top Customer Journeys,Closer,DIMENSION,"content-attribution.ts:302-354, meta.closerId = calls.closer_id, resolved via profiles.display_name",Grouping key,text,range.from-range.to,Yes (inherited),calls JOIN profiles,Click row -> inspectJourney(),MODEL-DEPENDENT (journey existence only),LIVE,A,n/a,,,LIVE,A
SALE-0229,Sales Tracking -> Attribution,Top Customer Journeys,Offer,DIMENSION,"path.offerId, sourced from clients.offer_name for the call's lead_id (offerNameByLeadId map, attribution.tsx:190,238-240,295) - threaded through buildCanonicalLifecycleAttributionPath as offerId",clients.offer_name WHERE clients.lead_id = call.lead_id (left join - null when no client record exists yet),text,range.from-range.to,Yes (clients query at attribution.tsx:230 is org-scoped),leads/calls JOIN clients (via lead_id) - in-memory,Click row -> inspectJourney(),Not attribution-model-dependent (direct column lookup); no dedicated offers table/id exists in this schema - this is a proxy field.,LIVE,B,n/a,,"'Offer' is a reused field (clients.offer_name), shown as 'Not tracked' when no client record exists yet (attribution.tsx:927) - honest, never guessed.",LIVE,B
SALE-0230,Sales Tracking -> Attribution,Top Customer Journeys,Calls,"RAW (count, grouped)",content-attribution.ts:346 cur.callCount += 1 per journey group,"COUNT(calls) grouped by (platform,source,rep,closer,offer) for the selected model's paths",count,range.from-range.to,Yes (inherited),N/A (aggregation of already-joined paths),Click row -> inspectJourney(),MODEL-DEPENDENT (which calls appear as journeys at all),LIVE,A,n/a,,,LIVE,A
SALE-0231,Sales Tracking -> Attribution,Top Customer Journeys,Revenue,"DERIVED (sum, grouped)",content-attribution.ts:347 cur.contractValueCents += meta.contractValueCents,SUM(calls.contract_value_cents) grouped by journey key,$,range.from-range.to,Yes (inherited),N/A (aggregation),Click row -> inspectJourney(),MODEL-DEPENDENT,LIVE,A,n/a,SALE-0216,"Near-duplicate concept of SALE-0216 (Overview Revenue Generated) but scoped per-journey and only for calls the selected model resolved a content_id for - sum across all journey rows will be <= SALE-0216's total, never equal to it whenever any call is unattributed under the current model.",LIVE,A
SALE-0232,Sales Tracking -> Attribution,Top Customer Journeys,Cash,"DERIVED (sum, grouped)",content-attribution.ts:347 cur.cashCents += meta.cashCents,SUM(calls.cash_collected_cents) grouped by journey key,$,range.from-range.to,Yes (inherited),N/A (aggregation),Click row -> inspectJourney(),MODEL-DEPENDENT,LIVE,A,n/a,SALE-0217; SALE-0218,"Near-duplicate concept of SALE-0217/0223 at journey granularity; sum across all journey rows equals SALE-0218 Attributed Cash for the same model+filters (both are the same attributedCallIds cash, grouped differently) - NOT equal to SALE-0217's ground-truth total.",LIVE,A
SALE-0233,Sales Tracking -> Attribution,Top Customer Journeys,Collection Rate,DERIVED (ratio),attribution.tsx:936-939 r.contractValueCents > 0 ? Math.round((r.cashCents / r.contractValueCents) * 100) : em-dash,cashCents / contractValueCents * 100 per journey row (em-dash when contractValueCents is 0),%,range.from-range.to,Yes (inherited),N/A (ratio of two already-computed sums),Click row -> inspectJourney(),MODEL-DEPENDENT (numerator/denominator are the model-scoped journey sums above),LIVE,A,n/a,,Correctly guards div-by-zero with an em-dash rather than 0% or NaN.,LIVE,A
SALE-0234,Sales Tracking -> Attribution,Detailed Records,Content,DIMENSION,"attribution.tsx:1011-1013, titleByContentId[path.contentId] (content_pieces.title) or literal 'Unattributed' when path.contentId is null",content_pieces.title WHERE id = path.contentId; falls back to literal string 'Unattributed',text,range.from-range.to,Yes (inherited),content_pieces (via path.contentId),This row's own 'Inspect' button opens AttributionEvidencePanel (SALE-0241-0245),MODEL-DEPENDENT (filteredPaths for selected model+filters),LIVE,A,n/a,,,LIVE,A
SALE-0235,Sales Tracking -> Attribution,Detailed Records,Platform,DIMENSION,attribution.tsx:1020 r.platform resolved earlier via platformByContentId,content_pieces.platform/source_platform -> normalizeSocialPlatform(),text,range.from-range.to,Yes (inherited),content_pieces,'Inspect' button,MODEL-DEPENDENT,LIVE,A,n/a,,,LIVE,A
SALE-0236,Sales Tracking -> Attribution,Detailed Records,Rep,DIMENSION,attribution.tsx:1021 repLabel(r.setterId) (calls.setter_id -> profiles.display_name),calls.setter_id JOIN profiles.display_name,text,range.from-range.to,Yes (inherited),calls JOIN profiles,'Inspect' button,MODEL-DEPENDENT (row existence only),LIVE,A,n/a,,,LIVE,A
SALE-0237,Sales Tracking -> Attribution,Detailed Records,Closer,DIMENSION,attribution.tsx:1022 repLabel(r.closerId),calls.closer_id JOIN profiles.display_name,text,range.from-range.to,Yes (inherited),calls JOIN profiles,'Inspect' button,MODEL-DEPENDENT (row existence only),LIVE,A,n/a,,,LIVE,A
SALE-0238,Sales Tracking -> Attribution,Detailed Records,Cash,RAW,attribution.tsx:1024 data?.callCashById[r.path.callId],calls.cash_collected_cents for this row's callId,$,range.from-range.to,Yes (inherited),None (direct field read),'Inspect' button,MODEL-DEPENDENT (row existence only - the dollar value itself is a direct field read),LIVE,A,n/a,,,LIVE,A
SALE-0239,Sales Tracking -> Attribution,Detailed Records,Coverage,STATUS,"attribution.tsx:1026 r.path.evidence.coverage; computed by evaluateAttributionEvidence(), src/lib/acquisition.ts:173-218",categorical: coverage='unavailable' if no outcome+no supportingEvents; else 'inferred' if evidence.inferred===true; else 'direct' if directOutcomeLinked && supportingEvents.length>=2; else 'partial' (acquisition.ts:186-193),"enum: direct/partial/inferred/unavailable (given sheet's type=RAW,unit=count is WRONG - this is categorical STATUS)",range.from-range.to,Yes (inherited),None,'Inspect' button opens full evidence panel,"CORE attribution-confidence field for this whole domain. For first_touch/last_touch/lead_source/booking_source, every path built in content-attribution.ts sets directOutcomeLinked=true with >=2 supportingEvents, so coverage is ALWAYS 'direct' for those 4 models in current code (unresolvable leads/calls are excluded from the path list entirely rather than emitted with lower coverage). For assisted_touch, coverage is ALWAYS 'inferred' (content-attribution.ts:172-173).",LIVE,B,n/a,,"AUDIT FINDING: because unattributable rows are filtered out rather than emitted as 'partial'/'unavailable', those two coverage states are effectively dead code for the 4 non-assisted models given current callers - every row a user sees for those models says 'Direct attribution'. That reflects a real link (a real source_content_id/lead_content_touches row exists) so it is not a false claim, but a lead whose source_content_id points at a deleted content_pieces row would still count as 'direct' with 2 supportingEvents even though the content itself can't be displayed.",LIVE,B
SALE-0240,Sales Tracking -> Attribution,Detailed Records,Strength,STATUS,attribution.tsx:1027 r.path.evidence.strength; acquisition.ts:194-201,"coverage='direct' && knownTouchpoints>=3 -> 'high'; coverage in (direct,partial) -> 'medium'; coverage='inferred' -> 'low'; else 'unknown'","enum: high/medium/low/unknown (given sheet's type=RAW,unit=count is WRONG - categorical STATUS)",range.from-range.to,Yes (inherited),None,'Inspect' button,"Directly derived from Coverage (SALE-0239) - assisted_touch rows are always 'low' strength, matching their always-inferred coverage. Correct, non-inflated signal.",LIVE,A,n/a,,,LIVE,A
SALE-0241,Sales Tracking -> Attribution,Evidence panel,touchpoints,RAW,"src/components/attribution-evidence-panel.tsx:48 evidence.knownTouchpoints; set per-model in content-attribution.ts (e.g. leadTouches.length+1 for first/last_touch, 3 for lead_source, 2 for booking_source)",Count of known lifecycle events feeding this path (varies by model - see Formula column),count,range.from-range.to,Yes (inherited),None,"This IS the drill-down detail panel itself (opened via 'Inspect' from Detailed records, SALE-0234-0240)",Model-specific touchpoint count - not itself a touch/attribution-confidence category but feeds into Strength (SALE-0240),LIVE,A,n/a,,,LIVE,A
SALE-0242,Sales Tracking -> Attribution,Evidence panel,supporting events,RAW (list + count),"attribution-evidence-panel.tsx:31-33,51-52 evidence.supportingEvents.length, displayed as joined string; set in content-attribution.ts per model (e.g. ['lead_content_touch','call_closed'])",Length/contents of evidence.supportingEvents array (deduplicated set of event-type strings for this path),count + text list,range.from-range.to,Yes (inherited),None,Evidence panel itself,Directly feeds the coverage classification (>=2 supportingEvents required for 'direct'),LIVE,A,n/a,,,LIVE,A
SALE-0243,Sales Tracking -> Attribution,Evidence panel,Model,DIMENSION,"attribution-evidence-panel.tsx:56-57 evidence.model.replaceAll('_',' ')","Literal value of the currently selected AttributionModel enum (first_touch/lead_source/booking_source/last_touch/assisted_touch), set at evaluateAttributionEvidence() call time",text (enum label),n/a (static per row),Yes (inherited),None,Evidence panel itself,"This field IS the attribution-model disclosure - correctly always shown, never omitted",LIVE,A,n/a,,,LIVE,A
SALE-0244,Sales Tracking -> Attribution,Evidence panel,Sample,RAW,"attribution-evidence-panel.tsx:58-63 evidence.sampleSize; set from input.sampleSize = closedRows.length (attribution.tsx:298, content-attribution.ts evidence.sampleSize)","COUNT(closedRows) for the whole page's current range/org (same number for every path in a given query - overall sample size, not per-path)",count,range.from-range.to,Yes (inherited),None,Evidence panel itself,"Feeds evidence.sampleWarning: 'Insufficient sample size (<10 outcomes)' shown when sampleSize<10 (acquisition.ts:204-206) - a real, non-fabricated data-quality gate.",LIVE,A,n/a,,,LIVE,A
SALE-0245,Sales Tracking -> Attribution,Evidence panel,Drill-down,DIMENSION,attribution-evidence-panel.tsx:71-74 evidence.drilldownKey; set per model in content-attribution.ts e.g. `${lead.id}:${call.id}` or `${lead.id}:${call.id}:${touch.content_id}` for assisted_touch,Composite string key of lead.id + call.id (+ content.id for assisted_touch),text (opaque key),n/a,Yes (inherited),None,"This IS the raw record-identifier for further manual lookup - the panel shows the key itself, no navigation is wired to it",n/a - identifier only,LIVE,A,n/a,,"Shown as raw text, not a clickable link to another view - a user must manually search/query using this ID.",LIVE,A
SALE-0246,Sales Tracking -> Traffic,Overview,Leads tracked,RAW,"src/lib/traffic-hierarchy.ts:262-266 buildTrafficHierarchy() totals.leads++ per lead row; query at traffic.tsx:204-219 .from('leads').select(...).eq('org_id',orgId!).gte/.lte(created_at, range)",COUNT(leads) WHERE org_id=? AND created_at BETWEEN range,count,range.from-range.to,Yes - traffic.tsx:214,None (single table for the count itself),"StatCard onClick -> openDrill({}, 'leads', ...) -> MetricDetailPanel (traffic.tsx:558-566)",N/A - ground truth count independent of any attribution model (Traffic page has no model selector),LIVE,A,n/a,SALE-0212,"Duplicate of SALE-0212 (Attribution 'Total Leads') - see that row's note. Under devBypass with 0 real leads, falls back to mockTrafficHierarchy() (traffic.tsx:300-317) - a dev-only fixture path, not seen by a real signed-in org; noted for completeness, not scored as a live-data problem.",LIVE,A
SALE-0247,Sales Tracking -> Traffic,Overview,Qualified leads,RAW,"traffic-hierarchy.ts:267 if (QUALIFIED_OR_LATER.has(lead.status)) totals.qualifiedLeads++; QUALIFIED_OR_LATER={qualified,pre_call_assets_sent,call_booked,showed,closed} (traffic-hierarchy.ts:86-92)","COUNT(leads) WHERE org_id=? AND created_at BETWEEN range AND status IN ('qualified','pre_call_assets_sent','call_booked','showed','closed')",count,range.from-range.to,Yes (inherited),None,StatCard onClick -> openDrill,N/A - ground truth,LIVE,A,n/a,,,LIVE,A
SALE-0248,Sales Tracking -> Traffic,Overview,Bookings -> shows -> closes,RAW (3 counts shown together),"traffic-hierarchy.ts:116-124 addCallToMetrics(): bookings+=1 per call row; shows+=1 if showed; closes+=1 if closed. Query traffic.tsx:221-236 .from('calls').select(...).eq('org_id',orgId!).gte/.lte(created_at,range)","3 separate COUNTs over the same calls-in-range set: COUNT(*) [bookings], COUNT(*) WHERE showed=true, COUNT(*) WHERE closed=true",count (x3),range.from-range.to,Yes - traffic.tsx:230,"leads JOIN calls (via lead_id, for drill-down only - the StatCard total itself doesn't need the join)",StatCard onClick -> openDrill('bookings'),N/A - ground truth,LIVE,A,n/a,SALE-0213; SALE-0214; SALE-0215,"Same underlying numbers as SALE-0213/0214/0215 on the Attribution page, computed via a second independent calls query (traffic.tsx) rather than shared with attribution.tsx's callRows query.",LIVE,A
SALE-0249,Sales Tracking -> Traffic,Overview,Cash collected,DERIVED (sum),traffic-hierarchy.ts:119-122 if (call.closed) { m.collectedCents += call.cash_collected_cents ?? 0 } rolled up to hierarchy.totals,SUM(calls.cash_collected_cents) WHERE closed=true AND org_id=? AND created_at BETWEEN range,$,range.from-range.to,Yes (inherited),None,StatCard onClick -> openDrill('cash'),N/A - ground truth,LIVE,A,n/a,SALE-0217; SALE-0267,"Near-duplicate of SALE-0217 (Attribution Overview Cash Collected) and SALE-0267 (Traffic Comparison table total) - independently computed sum, should match SALE-0217 for the same range but via a second query/aggregation path.",LIVE,A
SALE-0250,Sales Tracking -> Traffic,Platform mix,Share of leads by platform,DERIVED (ratio),traffic.tsx:719-722 share = hierarchy.totals.leads ? (p.metrics.leads / hierarchy.totals.leads) * 100 : 0,platform.metrics.leads / totals.leads * 100,%,range.from-range.to,Yes (inherited),None (ratio of two already-aggregated hierarchy values),"Donut slice / legend row onClick -> openDrill({platform},'leads') (traffic.tsx:697-705,724-734)","N/A - lead-count share, not a revenue-attribution claim",LIVE,A,n/a,,"'Platform' resolved via resolveLead()'s 4-tier priority (traffic-hierarchy.ts:175-240: lead.source_platform direct field > linked content_pieces > traffic_sources catalog > 'Unknown / Unattributed' fallback) - genuinely the most-authoritative-available signal per lead, never guessed.",LIVE,A
SALE-0251,Sales Tracking -> Traffic,Per-platform tiles,Leads,RAW,traffic-hierarchy.ts:270-275 platformNode.metrics.leads++ per resolved lead,COUNT(leads) grouped by resolved platform,count,range.from-range.to,Yes (inherited),None,"Tile onClick -> onOpenDrill({platform},'leads') (traffic.tsx:1174-1231)",N/A - ground truth per-platform count,LIVE,A,n/a,SALE-0261,,LIVE,A
SALE-0252,Sales Tracking -> Traffic,Per-platform tiles,Qualified,RAW,traffic-hierarchy.ts:276 platformNode.metrics.qualifiedLeads++,COUNT(leads) grouped by platform WHERE status IN QUALIFIED_OR_LATER,count,range.from-range.to,Yes (inherited),None,Tile onClick,N/A,LIVE,A,n/a,SALE-0262,,LIVE,A
SALE-0253,Sales Tracking -> Traffic,Per-platform tiles,Booked,RAW,"traffic-hierarchy.ts:306-308 addCallToMetrics(platformNode.metrics,call) per call linked to a lead resolved to this platform",COUNT(calls) grouped by lead's resolved platform,count,range.from-range.to,Yes (inherited),leads JOIN calls (via lead_id),Tile onClick,N/A,LIVE,A,n/a,SALE-0263,,LIVE,A
SALE-0254,Sales Tracking -> Traffic,Per-platform tiles,Showed,RAW,traffic-hierarchy.ts:118 (via addCallToMetrics) shows+=1 if call.showed,COUNT(calls) grouped by platform WHERE showed=true,count,range.from-range.to,Yes (inherited),leads JOIN calls,Tile onClick,N/A,LIVE,A,n/a,SALE-0264,,LIVE,A
SALE-0255,Sales Tracking -> Traffic,Per-platform tiles,Closed,RAW,traffic-hierarchy.ts:119 closes+=1 if call.closed,COUNT(calls) grouped by platform WHERE closed=true,count,range.from-range.to,Yes (inherited),leads JOIN calls,Tile onClick,N/A,LIVE,A,n/a,SALE-0265,,LIVE,A
SALE-0256,Sales Tracking -> Traffic,Per-platform tiles,Cash,DERIVED (sum),traffic-hierarchy.ts:121-122 collectedCents summed per platform,SUM(calls.cash_collected_cents) grouped by platform WHERE closed=true,$,range.from-range.to,Yes (inherited),leads JOIN calls,Tile onClick,N/A,LIVE,A,n/a,SALE-0267,,LIVE,A
SALE-0257,Sales Tracking -> Traffic,Per-platform tiles,Revenue,DERIVED (sum),traffic.tsx:1181 tile labeled 'Revenue' reads node.metrics.contractedCents (same field as Comparison table's 'Contracted'),SUM(calls.contract_value_cents) grouped by platform WHERE closed=true,$,range.from-range.to,Yes (inherited),leads JOIN calls,Tile onClick,N/A,LIVE,B,n/a,SALE-0266,"NEAR-DUPLICATE/naming inconsistency within this same page: this tile is labeled 'Revenue' but reads the identical contractedCents field that the Comparison table (SALE-0266) labels 'Contracted' - same metric, two different labels in two sections of one page.",LIVE,B
SALE-0258,Sales Tracking -> Traffic,Funnel stage,TOF,RAW (rollup),"traffic.tsx:379-386 funnelRollup = rollupByFunnelStage(hierarchy) (traffic-hierarchy.ts:325-347); TOF/MOF/BOF sourced from content_pieces.funnel_stage via normalizeFunnelStage(), joined per-lead via resolveLead()",COUNT(leads) whose resolved content_pieces.funnel_stage normalizes to 'tof',count,range.from-range.to,Yes (inherited),leads JOIN content_pieces (via source_content_id/first_touch_content_id),"FunnelInstrument stage click -> openDrill({funnelStage:'tof'},'leads') (traffic.tsx:808-817)","N/A - a content-tag rollup, not attribution-model-scoped",LIVE,A,n/a,,"A lead whose source has no linked content_pieces row (no funnel_stage tag) falls into a separate honest 'unknown' bucket (traffic-hierarchy.ts:330; own card, traffic.tsx:819-841) rather than being folded into TOF by default - correct, non-inflating behavior.",LIVE,A
SALE-0259,Sales Tracking -> Traffic,Funnel stage,MOF,RAW (rollup),Same mechanism as SALE-0258 filtered to funnel_stage='mof',COUNT(leads) whose resolved content funnel_stage normalizes to 'mof',count,range.from-range.to,Yes (inherited),leads JOIN content_pieces,FunnelInstrument stage click,N/A,LIVE,A,n/a,,,LIVE,A
SALE-0260,Sales Tracking -> Traffic,Funnel stage,BOF,RAW (rollup),Same mechanism as SALE-0258 filtered to funnel_stage='bof',COUNT(leads) whose resolved content funnel_stage normalizes to 'bof',count,range.from-range.to,Yes (inherited),leads JOIN content_pieces,FunnelInstrument stage click,N/A,LIVE,A,n/a,,,LIVE,A
SALE-0261,Sales Tracking -> Traffic,Comparison table,Leads,RAW,traffic.tsx:388-391 comparisonRows = hierarchy.platforms sorted by sortKey; cell renders r.metrics.leads (traffic.tsx:926),COUNT(leads) grouped by platform (identical field to SALE-0251),count,range.from-range.to,Yes (inherited),None,"Cell onClick -> openDrill({platform},'leads') (traffic.tsx:892-909)",N/A,LIVE,A,n/a,SALE-0251,Exact duplicate value of SALE-0251 (Per-platform tiles Leads) - same field shown in two page sections.,LIVE,A
SALE-0262,Sales Tracking -> Traffic,Comparison table,Qualified,RAW,traffic.tsx:927 r.metrics.qualifiedLeads,COUNT(leads) grouped by platform WHERE status IN QUALIFIED_OR_LATER,count,range.from-range.to,Yes (inherited),None,Cell onClick -> openDrill,N/A,LIVE,A,n/a,SALE-0252,Exact duplicate value of SALE-0252.,LIVE,A
SALE-0263,Sales Tracking -> Traffic,Comparison table,Bookings,RAW,traffic.tsx:928 r.metrics.bookings,COUNT(calls) grouped by platform,count,range.from-range.to,Yes (inherited),leads JOIN calls,Cell onClick -> openDrill,N/A,LIVE,A,n/a,SALE-0253,Exact duplicate value of SALE-0253.,LIVE,A
SALE-0264,Sales Tracking -> Traffic,Comparison table,Shows,RAW,traffic.tsx:929 r.metrics.shows,COUNT(calls) grouped by platform WHERE showed=true,count,range.from-range.to,Yes (inherited),leads JOIN calls,Cell onClick -> openDrill,N/A,LIVE,A,n/a,SALE-0254,Exact duplicate value of SALE-0254.,LIVE,A
SALE-0265,Sales Tracking -> Traffic,Comparison table,Closes,RAW,traffic.tsx:930 r.metrics.closes,COUNT(calls) grouped by platform WHERE closed=true,count,range.from-range.to,Yes (inherited),leads JOIN calls,Cell onClick -> openDrill,N/A,LIVE,A,n/a,SALE-0255,Exact duplicate value of SALE-0255.,LIVE,A
SALE-0266,Sales Tracking -> Traffic,Comparison table,Contracted,DERIVED (sum),traffic.tsx:931 r.metrics.contractedCents labeled 'Contracted value',SUM(calls.contract_value_cents) grouped by platform WHERE closed=true,$,range.from-range.to,Yes (inherited),leads JOIN calls,Cell onClick -> openDrill('cash'),N/A,LIVE,B,n/a,SALE-0257,Same underlying field as SALE-0257 (Per-platform tiles 'Revenue') - see that row's naming-inconsistency note.,LIVE,B
SALE-0267,Sales Tracking -> Traffic,Comparison table,Cash collected,DERIVED (sum),traffic.tsx:932-937 r.metrics.collectedCents,SUM(calls.cash_collected_cents) grouped by platform WHERE closed=true,$,range.from-range.to,Yes (inherited),leads JOIN calls,Cell onClick -> openDrill('cash'),N/A,LIVE,A,n/a,SALE-0256; SALE-0249,"Exact duplicate value of SALE-0256; sums across all comparison rows equal SALE-0249 (Traffic Overview Cash collected), itself a near-duplicate of SALE-0217 (Attribution Overview Cash Collected).",LIVE,A
SALE-0268,Sales Tracking → Reps → DM Setter,Targets,Outbound DMs,AGGREGATED,"rep_kpi_targets (target) + setter_activity.outbound_dms_sent (actual), src/lib/rep-kpi-targets.ts:39-51 + src/lib/rep-kpi-actuals.ts:70-82","sum(setter_activity.outbound_dms_sent) for the rep, sliced to the calendar day/week/month window",count,Calendar day/week/month 'as of today' (kpi-targets.ts:161-212) — independent of the page's own date-range filter,Yes — rep_kpi_targets.org_id and setter_activity.org_id both filtered,rep_kpi_targets row matched in JS to setter_activity rows by team_member_name,Scroll-to-anchor only (activity-module.tsx:3574-3578) — no filtered drilldown panel,N/A,LIVE,A,N/A,SALE-0280 (same column, different window/group),LIVE,A
SALE-0269,Sales Tracking → Reps → DM Setter,Targets,Inbound DMs,AGGREGATED,setter_activity.inbound_dms_sent via actualFromSetterActivity (rep-kpi-actuals.ts:70-82),sum(setter_activity.inbound_dms_sent) in calendar period,count,Calendar day/week/month as-of-today,Yes,Same as SALE-0268,Scroll-to-anchor only,N/A,LIVE,A,N/A,SALE-0279,Same pattern as SALE-0268.,LIVE,A
SALE-0270,Sales Tracking → Reps → DM Setter,Targets,Replies,AGGREGATED,setter_activity.replies via actualFromSetterActivity,sum(setter_activity.replies) in calendar period,count,Calendar day/week/month as-of-today,Yes,Same as SALE-0268,Scroll-to-anchor only,N/A,LIVE,A,N/A,SALE-0299,Same pattern as SALE-0268.,LIVE,A
SALE-0271,Sales Tracking → Reps → DM Setter,Targets,Qualified Conversations,AGGREGATED,"setter_activity.qualified_convos via actualFromSetterActivity, metric_key qualified_convos_setter (kpi-targets.ts:26)",sum(setter_activity.qualified_convos) in calendar period,count,Calendar day/week/month as-of-today,Yes,Same as SALE-0268,Scroll-to-anchor only,N/A,LIVE,A,N/A,"SALE-0277, SALE-0303, SALE-0295 (rate)",Same underlying column reused for Key Metrics/Workflow panel/Rate charts with a different (range-picker) window.,LIVE,A
SALE-0272,Sales Tracking → Reps → DM Setter,Targets,Calls Booked,AGGREGATED,"setter_activity.calls_on_calendar via actualFromSetterActivity, metric_key calls_on_calendar_setter",sum(setter_activity.calls_on_calendar) in calendar period,count,Calendar day/week/month as-of-today,Yes,Same as SALE-0268,Scroll-to-anchor only,N/A,LIVE,A,N/A,"SALE-0282, SALE-0305",Same column as Key Metrics/Workflow panel 'Calls Booked'/'Booked calls' (activity-module.tsx var onCalendar) but different window.,LIVE,A
SALE-0273,Sales Tracking → Reps → DM Setter,Targets,Showed Calls,AGGREGATED,"setter_activity.live_calls via actualFromSetterActivity, metric_key live_calls_setter",sum(setter_activity.live_calls) in calendar period,count,Calendar day/week/month as-of-today,Yes,Same as SALE-0268,Scroll-to-anchor only,N/A,LIVE,A,N/A,SALE-0283,Same column as Key Metrics 'Showed' but different window.,LIVE,A
SALE-0274,Sales Tracking → Reps → DM Setter,Key Metrics,Cash Collected,AGGREGATED,"setter_activity.cash_collected_cents, activity-module.tsx:1202 sum(""cash_collected_cents"")",sum(cash_collected_cents) over role/org/range-filtered rows,$ (cents → display currency),Page date-range picker (range.from/to on activity_date),"Yes — .eq(""org_id"",orgId!).eq(""role"",role), activity-module.tsx:1216-1217",None beyond the setter_activity row set itself,"Top-50 raw setter_activity day-rows sorted by cash_collected_cents (activityRowsBy, 1734-1737)",N/A,LIVE,B,N/A,"SALE-0307, SALE-0292",No FX conversion at write time (20260912090000_eod_original_currency.sql) — rows entered in EUR/GBP/CAD are summed as raw cents alongside USD rows with no currency check before formatting. Real but currency-mixing risk.,LIVE,B
SALE-0275,Sales Tracking → Reps → DM Setter,Key Metrics,Revenue Generated,AGGREGATED,"setter_activity.total_revenue_cents, activity-module.tsx:1203 sum(""total_revenue_cents"")",sum(total_revenue_cents),$ (cents),Page date-range picker,Yes (same as SALE-0274),None,"Same drilldown pattern as SALE-0274 by field """"revenue"""" (1881)",N/A,LIVE,B,N/A,N/A,"Given spec says type=DERIVED unit=% — incorrect; code computes a plain RAW dollar sum, not a percent/derived ratio. Same currency-mixing caveat as SALE-0274.",LIVE,B
SALE-0276,Sales Tracking → Reps → DM Setter,Key Metrics,Leads Contacted,AGGREGATED,"setter_activity.leads_contacted, activity-module.tsx:1194 sum(""leads_contacted"")",sum(leads_contacted),count,Page date-range picker,Yes,None,Top-50 day-rows drilldown,N/A,LIVE,A,N/A,N/A,Also used as denominator for Qualified Convo Rate (SALE-0295) and Reply-Performance's duplicate Qualified Convo Rate.,LIVE,A
SALE-0277,Sales Tracking → Reps → DM Setter,Key Metrics,Qualified Convos,AGGREGATED,"setter_activity.qualified_convos, activity-module.tsx:1196",sum(qualified_convos),count,Page date-range picker,Yes,None,Top-50 day-rows drilldown,N/A,LIVE,A,N/A,"SALE-0271, SALE-0303, SALE-0295",Same variable reused for Workflow panel (SALE-0303) and Rate-chart numerator (SALE-0295) with the same range window — literal reuse,LIVE,A
SALE-0278,Sales Tracking → Reps → DM Setter,Key Metrics,Sets,AGGREGATED,"setter_activity.sets, activity-module.tsx:1197",sum(sets),count,Page date-range picker,Yes,None,Top-50 day-rows drilldown,N/A,LIVE,A,N/A,SALE-0304,Not present in KPI_DEFINITIONS — Sets can never be given a Target (kpi-targets.ts:21-48 has no 'sets' key for dm_setter).,LIVE,A
SALE-0279,Sales Tracking → Reps → DM Setter,Key Metrics,Inbound DMs Sent,AGGREGATED,"optionalMetric(""inbound_dms_sent""), activity-module.tsx:1185",sum(inbound_dms_sent) or null if column never observed on any row,count,Page date-range picker,Yes,None,Top-50 day-rows drilldown,N/A,LIVE,B,"No connector — manual form field only (name=""""inbound_dms_sent"""" at 2577)",SALE-0269,"UI emptyHint says ""Requires connected message events"" — aspirational copy; this is actually a manually-typed EOD number, not a connector reading. No DM-platform API integration found anywhere in src/routes/api/public/*.",LIVE,B
SALE-0280,Sales Tracking → Reps → DM Setter,Key Metrics,Outbound DMs Sent,AGGREGATED,"optionalMetric(""outbound_dms_sent""), activity-module.tsx:1186",sum(outbound_dms_sent) or null,count,Page date-range picker,Yes,None,Top-50 day-rows drilldown,N/A,LIVE,B,No connector — manual form field (2581),SALE-0268,Same self-report caveat as SALE-0279. Also the denominator of Reply Rate (SALE-0300).,LIVE,B
SALE-0281,Sales Tracking → Reps → DM Setter,Key Metrics,Follow-ups Sent,AGGREGATED,"optionalMetric(""followups_sent""), activity-module.tsx:1188",sum(followups_sent) or null,count,Page date-range picker,Yes,None,Top-50 day-rows drilldown,N/A,LIVE,B,No connector — manual form field (2589),N/A,Same self-report caveat as SALE-0279/0280.,LIVE,B
SALE-0282,Sales Tracking → Reps → DM Setter,Key Metrics,Calls Booked,AGGREGATED,"setter_activity.calls_on_calendar (var 'onCalendar'), activity-module.tsx:1198",sum(calls_on_calendar),count,Page date-range picker,Yes,None,Top-50 day-rows drilldown,N/A,LIVE,A,N/A,"SALE-0272, SALE-0305",Literal same JS variable reused for Workflow panel 'Booked calls' (SALE-0305) and Funnels close-stage.,LIVE,A
SALE-0283,Sales Tracking → Reps → DM Setter,Key Metrics,Showed,AGGREGATED,"setter_activity.live_calls, activity-module.tsx:1199",sum(live_calls),count,Page date-range picker,Yes,None,Top-50 day-rows drilldown,N/A,LIVE,A,N/A,SALE-0273,Also feeds Show Rate (SALE-0297) and Close Rate (SALE-0298) denominators.,LIVE,A
SALE-0284,Sales Tracking → Reps → DM Setter,Key Metrics,Closes,AGGREGATED,"setter_activity.closes, activity-module.tsx:1200",sum(closes),count,Page date-range picker,Yes,None,Top-50 day-rows drilldown,N/A,LIVE,A,N/A,SALE-0306,Reused verbatim in Workflow panel (SALE-0306) and Funnels close-stage and Close Rate numerator (SALE-0298).,LIVE,A
SALE-0285,Sales Tracking → Reps → DM Setter,Key Metrics,Disqualified Leads,STATUS,"leads.status='disqualified' OR linked calls.status='disqualified', deduped by lead id via src/lib/disqualification.ts:57-95 (computeDisqualified), fetch at activity-module.tsx:682-699, roster join 714-756",count(distinct disqualified lead ids attributed to this role's roster) + separate 'unattributed' count for lead_id-less calls,count,Page date-range picker (on leads.created_at / call linkage),"Yes — both leads and calls queries .eq(""org_id"",orgId!)",leads ⋈ calls (by lead_id) ⋈ team_members (roster, to scope to this role's reps),"Real per-lead rows (dqLeadRows, 2344-2357): lead, rep name, created date",LIVE,A,A,N/A,SALE-0330 (Inbound Dialer),LIVE,A
SALE-0286,Sales Tracking → Reps → DM Setter,Key Metrics,Downsells,AGGREGATED,"setter_activity.downsells, activity-module.tsx:1201, own KpiBand 2201-2217",sum(downsells),count,Page date-range picker,Yes,None,Top-50 day-rows drilldown,N/A,LIVE,A,N/A,SALE-0333,N/A,LIVE,A
SALE-0287,Sales Tracking → Reps → DM Setter,DM Assets,Links Sent,RAW,"setter_activity.links_sent, activity-module.tsx:1195 sum(""links_sent"")",sum(links_sent),count,Page date-range picker,Yes,None,Drilldown wired (2242-2243),N/A,LIVE,A,N/A,N/A,Also reused as Workflow panel's 'Links sent' bottom-strip stat (3377).,LIVE,A
SALE-0288,Sales Tracking → Reps → DM Setter,DM Assets,Links Clicked,RAW,"optionalMetric(""links_clicked""), activity-module.tsx:1189, column added by supabase/migrations/20260903161218_phase2...sql:15",sum(links_clicked) or null if never logged,count,Page date-range picker,Yes,None,Drilldown wired,N/A,LIVE,B,No connector — manual form field (2592-2593),N/A,Self-reported; no link-tracking connector evidenced anywhere in the repo.,LIVE,B
SALE-0289,Sales Tracking → Reps → DM Setter,DM Assets,Post-booking Visits,RAW,"optionalMetric(""post_booking_page_visits""), activity-module.tsx:1190, column from phase2 migration:16",sum(post_booking_page_visits) or null,count,Page date-range picker,Yes,None,No onClick wired (2262-2269) — not drilldown-able even when populated,N/A,LIVE,B,No connector — manual form field exists (2596-2603) but UI says 'Requires connected page events',N/A,"emptyHint copy is aspirational (""Requires connected page events"") — this is actually a manual number, no page-view tracking pipeline exists in the repo.",LIVE,B
SALE-0290,Sales Tracking → Reps → DM Setter,DM Assets,Pre-call Watches,RAW,"optionalMetric(""pre_call_video_watches""), activity-module.tsx:1191, column from phase2 migration:17, manual form field 2604-2607",sum(pre_call_video_watches) or null,count,Page date-range picker,Yes,None,No onClick wired (2270-2277),N/A,LIVE,B,"A real automated alternative exists — src/lib/pre-call-video.server.ts's resolvePreCallVideo() marks leads.precall_video_watched=true + a lead_events row the moment a lead opens a real tracked link (lead_video_links table, public route) — but this dashboard tile does NOT read that signal at all.",N/A,"Important de-fabrication-style finding: a genuinely real, auto-tracked per-lead watch signal exists elsewhere in the codebase (leads.precall_video_watched via lead_video_links, src/lib/pre-call-video.server.ts:61-95) but this DM Setter tile instead reads the self-typed setter_activity.pre_call_video_watches count, which nothing verifies.",LIVE,B
SALE-0291,Sales Tracking → Reps → DM Setter,Funnels,Inbound Leads → Qualified Convos → Sets; Calls on Calendar → Showed → Closes,DERIVED,"activity-module.tsx:1667-1676 (reachStages, setter) + 1718-1722 (closeStages)",Two funnel sequences built directly from the Key Metrics sums (contacted→qualified→sets; calls_on_calendar→live_calls→closes) — no separate query,count (stage values),Page date-range picker,Yes (inherits from setter_activity rows),None beyond the same rows,Stage-click drilldown reuses activityRowsBy day-rows (1829-1843),N/A,LIVE,A,N/A,N/A,"Cap/Working diagnostics via src/lib/funnel-derivation.ts, gated by workspace_settings.funnel_instrument.minCapSample (real per-org config, not hardcoded).",LIVE,A
SALE-0292,Sales Tracking → Reps → DM Setter,Money,Cash Collected vs Revenue Generated,DERIVED,"dailySeries() over cash_collected_cents/total_revenue_cents, activity-module.tsx:1845-1849 (moneySeries), src/lib/trend.ts",Per-day series of {cash_collected_cents, total_revenue_cents},$ (time series),Page date-range picker (daily granularity),Yes,None,Chart only — feeds MoneyInstrument (2296-2303),LIVE,B,B,N/A,SALE-0274/SALE-0275 (same underlying sums,LIVE,B
SALE-0293,Sales Tracking → Reps → DM Setter,Money,Cash collected rate,DERIVED,activity-module.tsx:2300 cashRatePct = revCents ? (cashCents/revCents)*100 : 0,cashCents ÷ revCents × 100,%,Page date-range picker,Yes,None,No click handler — not drilldown-able (money-instrument.tsx:141-148),N/A,LIVE,B,N/A,N/A,Conceptually matches canonical Collection Rate (Cash÷Contracted) using Revenue Generated as the 'contracted' proxy. Same currency caveat.,LIVE,B
SALE-0294,Sales Tracking → Reps → DM Setter,Money,Payout owed,DERIVED,"activity-module.tsx:2298-2299 payoutPct={5}, payoutCents={cashCents * 0.05}",cashCents × 0.05 (5% is a hardcoded literal),$ (cents),Page date-range picker,Yes (inherits cashCents),None,No drilldown,N/A,LIVE,B,N/A,N/A,"Direct answer to the payout-tile question: the dollar amount is computed live from real cash_collected_cents, but the 5% rate itself is a hardcoded constant in the JSX (payoutPct={5}) — not read from any commission-plan/config table anywhere in the repo. Matches the user's known 'don't hardcode temporarily' concern.",LIVE,B
SALE-0295,Sales Tracking → Reps → DM Setter,Rate charts,Qualified Convo Rate,DERIVED,activity-module.tsx:2097-2099 qualPct = contacted ? (qualified/contacted)*100 : 0,qualified_convos ÷ leads_contacted × 100,%,Page date-range picker,Yes,None,Reuses funnel-stage drilldown,N/A,LIVE,A,N/A,SALE-0300 (Reply Performance's identical tile),"Exact same formula/inputs as the Reply Performance group's own ""Qualified Convo Rate"" tile (2742) — same number rendered twice in different widgets, not independently computed.",LIVE,A
SALE-0296,Sales Tracking → Reps → DM Setter,Rate charts,Set Rate,DERIVED,activity-module.tsx:2101 setPct = qualified ? (sets/qualified)*100 : 0,sets ÷ qualified_convos × 100,%,Page date-range picker,Yes,None,Reuses funnel-stage drilldown,N/A,LIVE,A,N/A,N/A,N/A,LIVE,A
SALE-0297,Sales Tracking → Reps → DM Setter,Rate charts,Show Rate,DERIVED,activity-module.tsx:2103 showPct = onCalendar ? (showed/onCalendar)*100 : 0,live_calls ÷ calls_on_calendar × 100,%,Page date-range picker,Yes,None,Reuses funnel-stage drilldown,N/A,LIVE,A,N/A,N/A,Matches canonical Show Rate = Shows÷Calls Due (Calls Booked used as the 'Calls Due' proxy — no separate concept exists in this schema).,LIVE,A
SALE-0298,Sales Tracking → Reps → DM Setter,Rate charts,Close Rate,DERIVED,activity-module.tsx:2105 closeRatePct = showed ? (closes/showed)*100 : 0,closes ÷ live_calls (Showed) × 100,%,Page date-range picker,Yes,None,Reuses funnel-stage drilldown,N/A,LIVE,A,N/A,N/A,"Does NOT match the task's canonical Close Rate=Closed÷Pitched — there is no 'Pitched' concept in this schema; code uses Showed as the denominator, same convention used consistently across all three rep roles.",LIVE,A
SALE-0299,Sales Tracking → Reps → DM Setter,Reply performance,Replies,RAW,"optionalMetric(""replies""), activity-module.tsx:1187, manual form field 2584-2585",sum(replies) or null,count,Page date-range picker,Yes,None,Drilldown by replies field,N/A,LIVE,B,No connector — manual form field,SALE-0270,Same self-report caveat as other DM-count fields.,LIVE,B
SALE-0300,Sales Tracking → Reps → DM Setter,Reply performance,Reply Rate,DERIVED,activity-module.tsx:2719-2722,"replies ÷ outbound_dms_sent × 100 (""""Unavailable"""" if either is null/zero)",%,Page date-range picker,Yes,None,Drilldown via Replies field,N/A,LIVE,B,N/A,N/A,Matches canonical Reply Rate=Replies÷DMs Sent (outbound specifically). Both inputs are self-reported EOD numbers — inherits that caveat twice.,LIVE,B
SALE-0301,Sales Tracking → Reps → DM Setter,Reply performance,Positive-Intent Replies,OTHER,"activity-module.tsx:2758-2764, hardcoded","value literal """"Not Tracked"""" — no computation",N/A,N/A,N/A,None,No drilldown,N/A,NOT AVAILABLE,D,No sentiment/reply-outcome connector referenced anywhere in the repo — no evidence of an intended source.,N/A,"Honest placeholder: code explicitly states ""No reply-outcome/sentiment field exists in the data model yet"" rather than fabricating a value. Not a mock/demo-fallback issue — always empty regardless of data.",NOT AVAILABLE,D
SALE-0302,Sales Tracking → Reps → DM Setter,Workflow panel,Inbound DMs,OTHER,"src/components/operational-workflow-panel.tsx:94-98, static Stage value=""Verified activity""",Hardcoded string, not a numeric aggregation of any DM count,N/A,N/A,N/A (presentational component, no own query),No drilldown — no onClick anywhere in OperationalWorkflowPanel,PLACEHOLDER,D,D,N/A,N/A,PLACEHOLDER,D
SALE-0303,Sales Tracking → Reps → DM Setter,Workflow panel,Qualified convos,AGGREGATED,"activity-module.tsx:3372, prop qualified={qualified}",Same sum(qualified_convos) as SALE-0277,count,Page date-range picker,Yes,None,None (panel has no drilldowns),N/A,LIVE,A,N/A,SALE-0277,Literal same JS variable as Key Metrics 'Qualified Convos' — not re-derived.,LIVE,A
SALE-0304,Sales Tracking → Reps → DM Setter,Workflow panel,Sets,AGGREGATED,"activity-module.tsx:3373, prop sets={sets}",Same sum(sets) as SALE-0278,count,Page date-range picker,Yes,None,None,N/A,LIVE,A,N/A,SALE-0278,Literal same variable.,LIVE,A
SALE-0305,Sales Tracking → Reps → DM Setter,Workflow panel,Booked calls,AGGREGATED,"activity-module.tsx:3374, prop booked={onCalendar}",Same sum(calls_on_calendar) as SALE-0282,count,Page date-range picker,Yes,None,None,N/A,LIVE,A,N/A,SALE-0282,Literal same variable.,LIVE,A
SALE-0306,Sales Tracking → Reps → DM Setter,Workflow panel,Closes,AGGREGATED,"activity-module.tsx:3375, prop closes={closes}",Same sum(closes) as SALE-0284,count,Page date-range picker,Yes,None,None,N/A,LIVE,A,N/A,SALE-0284,Literal same variable.,LIVE,A
SALE-0307,Sales Tracking → Reps → DM Setter,Workflow panel,Cash,AGGREGATED,"activity-module.tsx:3376, prop cashLabel={money(cashCents)}",Same sum(cash_collected_cents) as SALE-0274,$,Page date-range picker,Yes,None,None,N/A,LIVE,B,N/A,SALE-0274,Literal same variable — inherits the currency-mixing caveat.,LIVE,B
SALE-0308,Sales Tracking → Reps → DM Setter,DM Source Mix,Platform,DIMENSION,"lead_response_events.source_platform, normalizeSocialPlatform() — but the underlying query is gated enabled: isDialer && ... (activity-module.tsx:1016)",Grouped via groupBySourcePlatform(speedEvents, e=>e.source_platform),category,Page date-range picker (lead_created_at),Yes (query .eq('org_id',...) when it runs at all),lead_response_events grouped in-memory,NEEDS INTEGRATION,C,NEEDS INTEGRATION,C,N/A,NEEDS INTEGRATION,C
SALE-0309,Sales Tracking → Reps → DM Setter,DM Source Mix,Conversations,AGGREGATED,Same broken query as SALE-0308,rowsForPlatform.length,count,Page date-range picker,Yes (when query runs),Same,None,Same as SALE-0308,NEEDS INTEGRATION,C,N/A,SALE-0357,Always 0/empty for DM Setter — see SALE-0308.,NEEDS INTEGRATION,C
SALE-0310,Sales Tracking → Reps → DM Setter,DM Source Mix,Qualified,AGGREGATED,Same broken query,rowsForPlatform.filter(e.qualified).length,count,Page date-range picker,Yes,Same,None,Same as SALE-0308,NEEDS INTEGRATION,C,N/A,SALE-0358,Always empty for DM Setter — see SALE-0308.,NEEDS INTEGRATION,C
SALE-0311,Sales Tracking → Reps → DM Setter,DM Source Mix,Booked,AGGREGATED,Same broken query,rowsForPlatform.filter(e.set || e.booked_call).length,count,Page date-range picker,Yes,Same,None,Same as SALE-0308,NEEDS INTEGRATION,C,N/A,SALE-0359,Always empty for DM Setter — see SALE-0308.,NEEDS INTEGRATION,C
SALE-0312,Sales Tracking → Reps → DM Setter,DM Source Mix,Shows,AGGREGATED,Same broken query,rowsForPlatform.filter(e.showed).length,count,Page date-range picker,Yes,Same,None,Same as SALE-0308,NEEDS INTEGRATION,C,N/A,SALE-0360,Always empty for DM Setter — see SALE-0308.,NEEDS INTEGRATION,C
SALE-0313,Sales Tracking → Reps → DM Setter,DM Source Mix,Closes,AGGREGATED,Same broken query,rowsForPlatform.filter(e.closed).length,count,Page date-range picker,Yes,Same,None,Same as SALE-0308,NEEDS INTEGRATION,C,N/A,SALE-0361,Always empty for DM Setter — see SALE-0308.,NEEDS INTEGRATION,C
SALE-0314,Sales Tracking → Reps → Inbound Dialer,Targets,Dial Attempts,AGGREGATED,setter_activity.dials via actualFromSetterActivity (rep-kpi-actuals.ts:70-82),sum(setter_activity.dials) in calendar period,count,Calendar day/week/month as-of-today,Yes,Same pattern as SALE-0268,Scroll-to-anchor only,N/A,LIVE,A,N/A,SALE-0323,N/A,LIVE,A
SALE-0315,Sales Tracking → Reps → Inbound Dialer,Targets,Connections,AGGREGATED,setter_activity.connections via actualFromSetterActivity,sum(connections) in calendar period,count,Calendar day/week/month as-of-today,Yes,Same,Scroll-to-anchor only,N/A,LIVE,A,N/A,SALE-0324,N/A,LIVE,A
SALE-0316,Sales Tracking → Reps → Inbound Dialer,Targets,Leads Contacted,AGGREGATED,setter_activity.leads_contacted via actualFromSetterActivity,sum(leads_contacted) in calendar period,count,Calendar day/week/month as-of-today,Yes,Same,Scroll-to-anchor only,N/A,LIVE,A,N/A,N/A,N/A,LIVE,A
SALE-0317,Sales Tracking → Reps → Inbound Dialer,Targets,Qualified Conversations,AGGREGATED,"setter_activity.qualified_convos, metric_key qualified_convos_dialer",sum(qualified_convos) in calendar period,count,Calendar day/week/month as-of-today,Yes,Same,Scroll-to-anchor only,N/A,LIVE,A,N/A,SALE-0325,N/A,LIVE,A
SALE-0318,Sales Tracking → Reps → Inbound Dialer,Targets,Calls Booked,AGGREGATED,"setter_activity.calls_on_calendar, metric_key calls_on_calendar_dialer",sum(calls_on_calendar) in calendar period,count,Calendar day/week/month as-of-today,Yes,Same,Scroll-to-anchor only,N/A,LIVE,A,N/A,SALE-0327,N/A,LIVE,A
SALE-0319,Sales Tracking → Reps → Inbound Dialer,Targets,Showed Calls,AGGREGATED,"setter_activity.live_calls, metric_key live_calls_dialer",sum(live_calls) in calendar period,count,Calendar day/week/month as-of-today,Yes,Same,Scroll-to-anchor only,N/A,LIVE,A,N/A,SALE-0328,N/A,LIVE,A
SALE-0320,Sales Tracking → Reps → Inbound Dialer,Targets,Speed-to-Lead SLA Compliance,OTHER,KPI_DEFINITIONS.inbound_dialer key speed_to_lead_sla_pct (kpi-targets.ts:37) — but SETTER_ACTIVITY_COLUMN (rep-kpi-actuals.ts:50-63) has no mapping for it,actualFromSetterActivity returns null for this metric_key (col undefined → early return null),%,Calendar day/week/month as-of-today,Yes (target side only),None — actual side never computed,Scroll-to-anchor only,N/A,NOT AVAILABLE,C,"Twilio — real SLA % IS computed elsewhere on this same page (Speed to Lead group, SALE-0340) from lead_response_events, just never wired into this Targets card",SALE-0340 (the real, working version of this same concept),NOT AVAILABLE,C
SALE-0321,Sales Tracking → Reps → Inbound Dialer,Key Metrics,Cash Collected,AGGREGATED,"setter_activity.cash_collected_cents, activity-module.tsx:1202 sum, role='inbound_dialer'",sum(cash_collected_cents),$ (cents),Page date-range picker,Yes,None,Top-50 day-rows drilldown,N/A,LIVE,B,N/A,SALE-0274 (DM Setter),Same code/column as DM Setter's Cash Collected,LIVE,B
SALE-0322,Sales Tracking → Reps → Inbound Dialer,Key Metrics,Revenue Generated,AGGREGATED,setter_activity.total_revenue_cents sum,sum(total_revenue_cents),$ (cents),Page date-range picker,Yes,None,Same drilldown pattern,N/A,LIVE,B,N/A,SALE-0275,"Given spec unit=% is incorrect — actual code computes a raw $ sum, same as SALE-0275.",LIVE,B
SALE-0323,Sales Tracking → Reps → Inbound Dialer,Key Metrics,Dials,AGGREGATED,"setter_activity.dials, activity-module.tsx:1192 sum(""dials"")",sum(dials),count,Page date-range picker,Yes,None,Top-50 day-rows drilldown,N/A,LIVE,A,N/A,SALE-0314,Also Pickup Rate's denominator (SALE-0334).,LIVE,A
SALE-0324,Sales Tracking → Reps → Inbound Dialer,Key Metrics,Connections,AGGREGATED,"setter_activity.connections, activity-module.tsx:1193 sum(""connections"")",sum(connections),count,Page date-range picker,Yes,None,Top-50 day-rows drilldown,N/A,LIVE,A,N/A,SALE-0315,Also Pickup Rate's numerator (SALE-0334).,LIVE,A
SALE-0325,Sales Tracking → Reps → Inbound Dialer,Key Metrics,Qualified Convos,AGGREGATED,"setter_activity.qualified_convos, sum",sum(qualified_convos),count,Page date-range picker,Yes,None,Top-50 day-rows drilldown,N/A,LIVE,A,N/A,SALE-0317,N/A,LIVE,A
SALE-0326,Sales Tracking → Reps → Inbound Dialer,Key Metrics,Sets,AGGREGATED,"setter_activity.sets, sum",sum(sets),count,Page date-range picker,Yes,None,Top-50 day-rows drilldown,N/A,LIVE,A,N/A,N/A,Not in KPI_DEFINITIONS — never targetable,LIVE,A
SALE-0327,Sales Tracking → Reps → Inbound Dialer,Key Metrics,Calls Booked,AGGREGATED,"setter_activity.calls_on_calendar (var onCalendar), sum",sum(calls_on_calendar),count,Page date-range picker,Yes,None,Top-50 day-rows drilldown,N/A,LIVE,A,N/A,SALE-0318,N/A,LIVE,A
SALE-0328,Sales Tracking → Reps → Inbound Dialer,Key Metrics,Showed,AGGREGATED,"setter_activity.live_calls, sum",sum(live_calls),count,Page date-range picker,Yes,None,Top-50 day-rows drilldown,N/A,LIVE,A,N/A,SALE-0319,N/A,LIVE,A
SALE-0329,Sales Tracking → Reps → Inbound Dialer,Key Metrics,Closes,AGGREGATED,"setter_activity.closes, sum",sum(closes),count,Page date-range picker,Yes,None,Top-50 day-rows drilldown,N/A,LIVE,A,N/A,N/A,N/A,LIVE,A
SALE-0330,Sales Tracking → Reps → Inbound Dialer,Key Metrics,Disqualified Leads,STATUS,"leads/calls.status='disqualified' via src/lib/disqualification.ts, scoped to dialer roster",Same as SALE-0285,count,Page date-range picker,Yes,leads ⋈ calls ⋈ team_members (dialer roster),Real per-lead rows,N/A,LIVE,A,N/A,SALE-0285,Same shared disqualification.ts logic as DM Setter,LIVE,A
SALE-0331,Sales Tracking → Reps → Inbound Dialer,Key Metrics,Average Call Length,AGGREGATED,"calls.duration_seconds, avg over org-wide calls query (appointmentQuality, activity-module.tsx:831-865, 886-889) — code comment explicitly says ""calls have no 'booking dialer' column, only closer/setter"" (829-830)",avg(duration_seconds) over ALL org calls in range (not scoped to dialer-attributed calls — no such column exists),seconds (displayed as Xm Ys),Page date-range picker (scheduled_for),"Yes — .eq(""org_id"",orgId!) only, no rep/role filter",None — org-wide calls table,No drilldown (fmtDuration display only),N/A,PARTIALLY CONNECTED / MISATTRIBUTED,C,"Twilio — real webhook exists at src/routes/api/public/twilio.$event.ts, but it writes duration_seconds onto a DIFFERENT table (crm_call_sessions, line ~271), NOT calls.duration_seconds. Not currently wired to this metric.",N/A,"Independently verified: calls.duration_seconds is populated ONLY by the Closer's manual ""Log a sales call"" dialog (closer.tsx:1900-1905, duration_min field) — the Inbound Dialer's own EOD schema (INBOUND_DIALER_EOD_SCHEMA, eod-reports.ts) has no duration question at all. So this ""Inbound Dialer"" tile actually reflects org-wide Closer-logged call lengths, not dialer activity — a real misattribution, not just an empty state.",PARTIALLY CONNECTED,C
SALE-0332,Sales Tracking → Reps → Inbound Dialer,Key Metrics,Average Talk Time,AGGREGATED,"calls.talk_seconds, same appointmentQuality query as SALE-0331",avg(talk_seconds) over all org calls in range,seconds,Page date-range picker,Yes (org-wide, no role filter),None,No drilldown,PARTIALLY CONNECTED,C,C,Same as SALE-0331 — Twilio infra exists but writes to crm_call_sessions, not calls.talk_seconds.,PARTIALLY CONNECTED,C
SALE-0333,Sales Tracking → Reps → Inbound Dialer,Key Metrics,Downsells,AGGREGATED,"setter_activity.downsells, sum",sum(downsells),count,Page date-range picker,Yes,None,Top-50 day-rows drilldown,N/A,LIVE,A,N/A,SALE-0286,N/A,LIVE,A
SALE-0334,Sales Tracking → Reps → Inbound Dialer,Rate charts,Pickup Rate,DERIVED,activity-module.tsx:2095 pickupPct = dials ? (conns/dials)*100 : 0,connections ÷ dials × 100,%,Page date-range picker,Yes,None,Reuses funnel-stage drilldown,N/A,LIVE,A,N/A,N/A,Exact match to canonical Pickup Rate = Connections÷Dials (dependencies.csv).,LIVE,A
SALE-0335,Sales Tracking → Reps → Inbound Dialer,Rate charts,Qualified Convo Rate,DERIVED,"activity-module.tsx:2097-2099, qualDen=conns for dialer",qualified_convos ÷ connections × 100,%,Page date-range picker,Yes,None,Reuses funnel-stage drilldown,N/A,LIVE,A,N/A,SALE-0295,"Same tile name as DM Setter's version but a DIFFERENT denominator (Connections here vs. Leads Contacted for Setter) — not a true duplicate, a role-specific variant.",LIVE,A
SALE-0336,Sales Tracking → Reps → Inbound Dialer,Rate charts,Set Rate,DERIVED,activity-module.tsx:2101 setPct=(sets/qualified)*100,sets ÷ qualified_convos × 100,%,Page date-range picker,Yes,None,Reuses funnel-stage drilldown,N/A,LIVE,A,N/A,SALE-0296,Identical formula to DM Setter's Set Rate.,LIVE,A
SALE-0337,Sales Tracking → Reps → Inbound Dialer,Rate charts,Show Rate,DERIVED,activity-module.tsx:2103,live_calls ÷ calls_on_calendar × 100,%,Page date-range picker,Yes,None,Reuses funnel-stage drilldown,N/A,LIVE,A,N/A,SALE-0297,Identical formula to DM Setter's Show Rate.,LIVE,A
SALE-0338,Sales Tracking → Reps → Inbound Dialer,Rate charts,Close Rate,DERIVED,activity-module.tsx:2105,closes ÷ live_calls (Showed) × 100,%,Page date-range picker,Yes,None,Reuses funnel-stage drilldown,N/A,LIVE,A,N/A,SALE-0298,Identical formula/denominator convention to DM Setter's Close Rate.,LIVE,A
SALE-0339,Sales Tracking → Reps → Inbound Dialer,Speed to Lead,Median Response,AGGREGATED,"lead_response_events, src/lib/speed-to-lead.ts:190-229 (median of minutesToAttempt), query at activity-module.tsx:1009-1035",median(minutesBetween(leadAssignedAt ?? leadCreatedAt, firstAttemptAt)) across filtered events,minutes,Page date-range picker (lead_created_at),"Yes — .eq(""org_id"",orgId!), 1029",None,Falls back to honest empty state when contacted=0 (3126-3130),LIVE,A,A,Twilio — lead_response_events populated via a lifecycle RPC invoked from src/routes/api/public/twilio.$event.ts and src/lib/lead-dial-attempts.server.ts's manual fallback,N/A,LIVE,A
SALE-0340,Sales Tracking → Reps → Inbound Dialer,Speed to Lead,SLA Compliance,DERIVED,"activity-module.tsx:2788-2790, slaPct = contacted ? (withinFive/contacted)*100 : null",count(minutesToAttempt<=5) ÷ contacted × 100,%,Page date-range picker,Yes,None,Click → real per-lead rows filtered <=5min,N/A,LIVE,A,Twilio (same pipeline as SALE-0339),N/A,"5-minute threshold is a hardcoded constant (thresholdMinutes:5, speed-to-lead.ts:70) — fixed across all orgs, not per-org configurable. This is the real SLA number that SALE-0320's Target card fails to read.",LIVE,A
SALE-0341,Sales Tracking → Reps → Inbound Dialer,Speed to Lead,Within/Outside SLA,AGGREGATED,Same speedSummary as SALE-0340,withinFive count / (contacted - withinFive) count,count,Page date-range picker,Yes,None,"Real per-lead rows (leadId, repId, sourcePlatform, leadCreatedAt, minutesToAttempt), 3164-3168",N/A,LIVE,A,Twilio,N/A,Genuine lead-level drilldown,LIVE,A
SALE-0342,Sales Tracking → Reps → Inbound Dialer,Speed to Lead,response-time buckets (<1min…>1hr),AGGREGATED,"speed-to-lead.ts:220-227, speedDistribution().buckets",Count of events per fixed minute threshold (<1/<5/<15/<30/<60/>=60),count (per bucket),Page date-range picker,Yes,None,None wired beyond the summary tile,N/A,LIVE,A,Twilio,N/A,N/A,LIVE,A
SALE-0343,Sales Tracking → Reps → Inbound Dialer,Speed to Lead,per-segment: Connection rate,DERIVED,"speed-to-lead.ts:260-291 compareSpeedBuckets(), split <5min vs 30+min buckets",bucket.filter(row.connected).length ÷ bucket.length,%,Page date-range picker,Yes,None,None,N/A,LIVE,A,Twilio,N/A,"Explicitly labeled ""Correlation only · not a causal claim"" in the UI (3063-3065) — honest framing, not overclaiming causation.",LIVE,A
SALE-0344,Sales Tracking → Reps → Inbound Dialer,Speed to Lead,Qualified convo rate,DERIVED,Same compareSpeedBuckets() as SALE-0343,bucket.filter(row.qualified).length ÷ bucket.length,%,Page date-range picker,Yes,None,None,N/A,LIVE,A,Twilio,N/A,Same correlation-only framing.,LIVE,A
SALE-0345,Sales Tracking → Reps → Inbound Dialer,Speed to Lead,Set rate,DERIVED,Same compareSpeedBuckets(),bucket.filter(row.set).length ÷ bucket.length,%,Page date-range picker,Yes,None,None,N/A,LIVE,A,Twilio,N/A,Same correlation-only framing.,LIVE,A
SALE-0346,Sales Tracking → Reps → Inbound Dialer,Speed to Lead,Booked-call rate,DERIVED,Same compareSpeedBuckets(),bucket.filter(row.bookedCall).length ÷ bucket.length,%,Page date-range picker,Yes,None,None,N/A,LIVE,A,Twilio,N/A,Same correlation-only framing.,LIVE,A
SALE-0347,Sales Tracking → Reps → Inbound Dialer,Speed to Lead,Show rate,DERIVED,Same compareSpeedBuckets(),bucket.filter(row.showed).length ÷ bucket.length,%,Page date-range picker,Yes,None,None,N/A,LIVE,A,Twilio,N/A,Same correlation-only framing.,LIVE,A
SALE-0348,Sales Tracking → Reps → Inbound Dialer,Speed to Lead,Close rate,DERIVED,Same compareSpeedBuckets(),bucket.filter(row.close).length ÷ bucket.length,%,Page date-range picker,Yes,None,None,N/A,LIVE,A,Twilio,N/A,Same correlation-only framing.,LIVE,A
SALE-0349,Sales Tracking → Reps → Inbound Dialer,Active leads to dial,per-tier counts,AGGREGATED,"leads.ticket_tier ⋈ offer_tiers ⋈ lead_response_events.first_attempt_at, activity-module.tsx:757-822","availableDialableLeads.filter(l.ticket_tier===t.key).length, where 'available' = no first_attempt_at yet",count,Snapshot as of now over range-created leads (leads.created_at within range),"Yes — .eq(""org_id"",orgId!) on leads (593) and offer_tiers (616)",leads ⋈ offer_tiers ⋈ lead_response_events,"Real per-lead rows with phone/email/source/age/status/assigned-rep (activeLeadsDrilldownRows, 3232-3367), incl. a live 'Mark Dialed' action",N/A,LIVE,A,N/A,N/A,"'Available to dial' = no real first_attempt_at event yet (not assigned_setter_id presence) — a deliberate, documented design choice (757-761). Includes an honest 'Unclassified' bucket for leads with no/unknown ticket_tier.",LIVE,A
SALE-0350,Sales Tracking → Reps → Inbound Dialer,Workflow panel,Inbound leads,OTHER,"operational-workflow-panel.tsx:94-98, static ""Verified activity"" string",Hardcoded string,N/A,N/A,N/A,None,N/A,PLACEHOLDER,PLACEHOLDER,D,SALE-0302 (identical issue for DM Setter),Same placeholder issue as SALE-0302 — never reflects real dials/leads_contacted counts.,,PLACEHOLDER,D
SALE-0351,Sales Tracking → Reps → Inbound Dialer,Workflow panel,Qualified convos,AGGREGATED,"activity-module.tsx:3372, prop qualified={qualified}",Same sum(qualified_convos) as SALE-0325,count,Page date-range picker,Yes,None,None,N/A,LIVE,A,N/A,SALE-0325,Literal same variable.,LIVE,A
SALE-0352,Sales Tracking → Reps → Inbound Dialer,Workflow panel,Sets,AGGREGATED,activity-module.tsx:3373,Same sum(sets) as SALE-0326,count,Page date-range picker,Yes,None,None,N/A,LIVE,A,N/A,SALE-0326,Literal same variable.,LIVE,A
SALE-0353,Sales Tracking → Reps → Inbound Dialer,Workflow panel,Booked calls,AGGREGATED,activity-module.tsx:3374,Same sum(calls_on_calendar) as SALE-0327,count,Page date-range picker,Yes,None,None,N/A,LIVE,A,N/A,SALE-0327,Literal same variable.,LIVE,A
SALE-0354,Sales Tracking → Reps → Inbound Dialer,Workflow panel,Closes,AGGREGATED,activity-module.tsx:3375,Same sum(closes) as SALE-0329,count,Page date-range picker,Yes,None,None,N/A,LIVE,A,N/A,SALE-0329,Literal same variable.,LIVE,A
SALE-0355,Sales Tracking → Reps → Inbound Dialer,Workflow panel,Cash,AGGREGATED,activity-module.tsx:3376,Same sum(cash_collected_cents) as SALE-0321,$,Page date-range picker,Yes,None,None,N/A,LIVE,B,N/A,SALE-0321,Literal same variable — inherits currency-mixing caveat.,LIVE,B
SALE-0356,Sales Tracking → Reps → Inbound Dialer,Inbound Lead Sources,Leads,AGGREGATED,"lead_response_events grouped by source_platform, activity-module.tsx:3388-3401 (query enabled for isDialer)",rowsForPlatform.length,count,Page date-range picker,Yes,None,"'View Full Attribution →' deep link only (3502-3508), no row-level drilldown",lead_response_events.source_platform (normalized),LIVE,A,N/A,SALE-0308 (DM Setter's identical but broken version),This IS the working version of the code block that is dead for DM Setter (SALE-0308) — same source,LIVE,A
SALE-0357,Sales Tracking → Reps → Inbound Dialer,Inbound Lead Sources,Qualified,AGGREGATED,Same as SALE-0356,rowsForPlatform.filter(e.qualified).length,count,Page date-range picker,Yes,None,Same,Same,LIVE,A,N/A,SALE-0309,N/A,LIVE,A
SALE-0358,Sales Tracking → Reps → Inbound Dialer,Inbound Lead Sources,Booked,AGGREGATED,Same as SALE-0356,rowsForPlatform.filter(e.set || e.booked_call).length,count,Page date-range picker,Yes,None,Same,Same,LIVE,A,N/A,SALE-0310,N/A,LIVE,A
SALE-0359,Sales Tracking → Reps → Inbound Dialer,Inbound Lead Sources,Shows,AGGREGATED,Same as SALE-0356,rowsForPlatform.filter(e.showed).length,count,Page date-range picker,Yes,None,Same,Same,LIVE,A,N/A,SALE-0311,N/A,LIVE,A
SALE-0360,Sales Tracking → Reps → Inbound Dialer,Inbound Lead Sources,Closes,AGGREGATED,Same as SALE-0356,rowsForPlatform.filter(e.closed).length,count,Page date-range picker,Yes,None,Same,Same,LIVE,A,N/A,SALE-0312,N/A,LIVE,A
SALE-0361,Sales Tracking → Reps → Inbound Dialer,Inbound Lead Sources,Callbacks Requested,AGGREGATED,"operational_work_items where entity_type='dialer_callback', activity-module.tsx:921-953 (callbackFunnel)",count(requested callback work items),count,Page date-range picker,"Yes — .eq(""org_id"",...) 930",operational_work_items,None wired beyond the stat strip,N/A,LIVE,A,N/A,N/A,"Real records, not simulated (code comment at 899-901 explicitly notes this).",LIVE,A
SALE-0362,Sales Tracking → Reps → Inbound Dialer,Inbound Lead Sources,Due Today,AGGREGATED,Same operational_work_items query,count(due_at = today among callback items),count,Snapshot as-of-today (not range-dependent),Yes,operational_work_items,None,N/A,LIVE,A,N/A,N/A,N/A,LIVE,A
SALE-0363,Sales Tracking → Reps → Inbound Dialer,Inbound Lead Sources,Completed Today,AGGREGATED,Same operational_work_items query,count(completed today among callback items),count,Snapshot as-of-today,Yes,operational_work_items,None,N/A,LIVE,A,N/A,N/A,N/A,LIVE,A
SALE-0364,Sales Tracking → Reps → Inbound Dialer,Inbound Lead Sources,Cancel Rate,DERIVED,"calls.cancelled, appointmentQuality (activity-module.tsx:866-891), org-wide calls query (859)",cancelled_count ÷ total_calls_in_range × 100,%,Page date-range picker,"Yes — .eq(""org_id"",orgId!), no dialer-specific filter (same org-wide caveat as SALE-0331)",None,None,N/A,LIVE,B,N/A,N/A,"Same org-wide-not-dialer-specific caveat as SALE-0331/0332 — calls has no dialer-attribution column, so this rolls up ALL org calls, not just dialer-sourced ones.",LIVE,B
SALE-0365,Sales Tracking → Reps → Inbound Dialer,Inbound Lead Sources,No-show Rate,DERIVED,"calls.status='no_show', same appointmentQuality query",no_show_count ÷ total_calls_in_range × 100,%,Page date-range picker,Yes (org-wide, same caveat),None,None,LIVE,B,B,N/A,N/A,LIVE,B
SALE-0366,Sales Tracking → Reps → Inbound Dialer,Inbound Lead Sources,No-show Recovery,DERIVED,"calls.no_show_recovered, same appointmentQuality query",recovered_no_show_count ÷ no_show_count × 100,%,Page date-range picker,Yes (org-wide, same caveat),None,None,LIVE,B,B,N/A,N/A,LIVE,B
SALE-0367,Sales Tracking → Reps → Closer,Targets,Shows,AGGREGATED,"actualFromCalls(""shows""), src/lib/rep-kpi-actuals.ts:106, calls query at closer.tsx:718-735 (month-to-date window)",count(calls.showed=true) for this closer,count,Calendar month-to-date (independent of the page's own range picker) — see kpi-targets.ts periodWindow(),Yes,None beyond calls,No filtered drilldown — Targets cards are not click-through in closer.tsx,N/A,LIVE,A,N/A,SALE-0381 (Money & closing 'Showed'),N/A,LIVE,A
SALE-0368,Sales Tracking → Reps → Closer,Targets,Offers Made,AGGREGATED,"actualFromCalls(""offers_made""), rep-kpi-actuals.ts:108",count(calls.offer_made=true),count,Calendar month-to-date,Yes,None,None,N/A,LIVE,A,N/A,SALE-0382,N/A,LIVE,A
SALE-0369,Sales Tracking → Reps → Closer,Targets,Closes,AGGREGATED,"actualFromCalls(""closes""), rep-kpi-actuals.ts:110",count(calls.closed=true) — uses ONLY r.closed,count,Calendar month-to-date,Yes,None,None,N/A,LIVE,A,N/A,SALE-0378,"Real inconsistency: uses only calls.closed, while every other 'Closes' count on the Closer page (Money & closing, Rate charts, Disposition mix, Revenue Source Mix, Scorecard) uses closed || status==='closed'. Targets is the one outlier — can under-count vs. every other Closes tile on this same page.",LIVE,A
SALE-0370,Sales Tracking → Reps → Closer,Targets,Close Rate,DERIVED,"actualFromCalls(""close_rate_pct""), rep-kpi-actuals.ts:111-118",closes(closed=true) ÷ shows(showed=true) × 100; null if shows=0,%,Calendar month-to-date,Yes,None,None,N/A,LIVE,A,N/A,SALE-0385,"Code comment explicitly says this matches ""the same defensible denominator the closer dashboard itself already uses"" — Showed, not Pitched (canonical formula given does not apply — no Pitched concept exists).",LIVE,A
SALE-0371,Sales Tracking → Reps → Closer,Targets,Cash Collected,AGGREGATED,"actualFromCalls(""cash_collected_cents""), rep-kpi-actuals.ts:120",sum(calls.cash_collected_cents) for this closer,$ (cents),Calendar month-to-date,Yes,None,None,N/A,LIVE,B,N/A,SALE-0374,Same page-wide currency-summing gap noted below (SALE-0374) applies here too.,LIVE,B
SALE-0372,Sales Tracking → Reps → Closer,Targets,Contracted Revenue,AGGREGATED,"actualFromCalls(""contract_value_cents""), rep-kpi-actuals.ts:122",sum(calls.contract_value_cents),$ (cents),Calendar month-to-date,Yes,None,None,N/A,LIVE,B,N/A,SALE-0375,Same currency caveat.,LIVE,B
SALE-0373,Sales Tracking → Reps → Closer,Targets,Follow-ups Logged,AGGREGATED,"actualFromCalls(""follow_ups_logged""), rep-kpi-actuals.ts:124",count(calls.status==='follow_up'),count,Calendar month-to-date,Yes,None,None,N/A,LIVE,A,N/A,N/A,N/A,LIVE,A
SALE-0374,Sales Tracking → Reps → Closer,Money & closing,Cash Collected,AGGREGATED,"cashCents = Math.max(callsCash, setCash) when no rep filter (closer.tsx:1097); callsCash=Σcalls.cash_collected_cents (1079)",Σ calls.cash_collected_cents, OR max(that, Σ setter_activity.cash_collected_cents) when viewing 'all reps',$ (cents → display currency),Page date-range picker (calls.scheduled_for),"Yes — .eq(""org_id"",orgId!), 696",None beyond calls (+ setter_activity when the max-fallback applies),LIVE,B,LIVE,B,N/A,LIVE,B
SALE-0375,Sales Tracking → Reps → Closer,Money & closing,Revenue Generated,AGGREGATED,"revCents = Math.max(callsRev, setRev), closer.tsx:1098; callsRev=Σcalls.contract_value_cents (1080)",Σ calls.contract_value_cents (or max vs setter_activity),$ (cents),Page date-range picker,Yes,None,Same drilldown pattern,N/A,LIVE,B,N/A,SALE-0322,Given unit=% is incorrect — real unit is $. Same currency + max-heuristic caveats as SALE-0374.,LIVE,B
SALE-0376,Sales Tracking → Reps → Closer,Money & closing,Cash Collection Rate,DERIVED,closer.tsx:3091 cashRatePctNow,cashCents ÷ revCents × 100; null if revCents=0,%,Page date-range picker,Yes,None,N/A,N/A,LIVE,B,N/A,N/A,Matches canonical Collection Rate=Cash÷Contracted. Inherits currency-mixing caveat.,LIVE,B
SALE-0377,Sales Tracking → Reps → Closer,Money & closing,Avg Contract Value,DERIVED,closer.tsx:3093 avgContractValueCents,revCents ÷ closes; null if closes=0,$,Page date-range picker,Yes,None,N/A,N/A,LIVE,B,N/A,N/A,Given unit=% is incorrect — real unit is $. Inherits currency caveat.,LIVE,B
SALE-0378,Sales Tracking → Reps → Closer,Money & closing,Closes,AGGREGATED,"closes=Math.max(callsClosed,setClosed) (1095); callsClosed=list.filter(c.closed||c.status===""closed"") (1078)",count(closed=true OR status='closed'),count,Page date-range picker,Yes,None,"Drilldown via disposition filter, 3188-3194",N/A,LIVE,A,N/A,"SALE-0369 (Targets, different formula — see note), SALE-0385, SALE-0417, SALE-0433","This exact formula (closed || status==='closed') is reused identically in 5 other places on the page (Rate-chart base, dispositionMix, Revenue Source Mix, Scorecard) — only Targets (SALE-0369) differs by using closed-only.",LIVE,A
SALE-0379,Sales Tracking → Reps → Closer,Money & closing,Disqualified Leads,AGGREGATED,"dqCount via normalizeCloserDisposition(status,closed,offer_made)==='not_qualified' (closer.tsx:1121-1127, src/lib/operating-workflows.ts:183-196) — effectively count(status==='disqualified')",count(normalizeCloserDisposition(...)==='not_qualified'),count,Page date-range picker,Yes,None,"Drilldown filtered status==='disqualified', 3188-3194",N/A,LIVE,B,N/A,SALE-0285 (DM Setter/Inbound Dialer's shared disqualification.ts),"Closer.tsx does NOT import the shared src/lib/disqualification.ts module used by DM Setter/Inbound Dialer (SALE-0285/0330) — it re-derives an equivalent count locally via normalizeCloserDisposition. Real, functionally similar, but genuinely duplicated logic living in two places that could drift.",LIVE,B
SALE-0380,Sales Tracking → Reps → Closer,Money & closing,Calls Booked,AGGREGATED,"onCalendar=Math.max(count(list),Σsetter_activity.calls_on_calendar), closer.tsx:1092",count(calls in range) or max vs setter_activity,count,Page date-range picker,Yes,None,Drilldown via callRowsFor,N/A,LIVE,B,N/A,N/A,Same max-heuristic caveat as SALE-0374.,LIVE,B
SALE-0381,Sales Tracking → Reps → Closer,Money & closing,Showed,AGGREGATED,"showed=Math.max(count(showed=true),Σsetter_activity.live_calls), closer.tsx:1093",count(calls.showed=true) or max vs setter_activity,count,Page date-range picker,Yes,None,Drilldown via callRowsFor,N/A,LIVE,B,N/A,SALE-0367,Same max-heuristic caveat.,LIVE,B
SALE-0382,Sales Tracking → Reps → Closer,Money & closing,Offers Made,AGGREGATED,"offers=callsOffers=count(offer_made=true), closer.tsx:1094,1077 — no day-log fallback",count(calls.offer_made=true),count,Page date-range picker,Yes,None,Drilldown via callRowsFor,N/A,LIVE,A,N/A,SALE-0368,"No max-vs-setter_activity fallback here (setter_activity has no 'offers' field), so this one is purely calls-sourced — no ambiguity.",LIVE,A
SALE-0383,Sales Tracking → Reps → Closer,Rate charts,Show Rate,DERIVED,closer.tsx:3232 showPct=onCalendar?showed/onCalendar*100:0,showed ÷ onCalendar × 100,%,Page date-range picker,Yes,None,seriesRatePoints trend line,N/A,LIVE,A,N/A,SALE-0297/0337 (same-name metrics, other roles),LIVE,A
SALE-0384,Sales Tracking → Reps → Closer,Rate charts,Offer Rate,DERIVED,closer.tsx:3234 offerPct=showed?offers/showed*100:0,offers ÷ showed × 100,%,Page date-range picker,Yes,None,N/A,N/A,LIVE,A,N/A,N/A,Exact match to canonical Offer Rate = Offers÷Shows.,LIVE,A
SALE-0385,Sales Tracking → Reps → Closer,Rate charts,Close Rate,DERIVED,"closer.tsx:3241 closeRatePct=showed?closes/showed*100:0; chart via seriesRatePoints(""closed"",""showed""),3314",closes ÷ showed × 100,%,Page date-range picker,Yes,None,"seriesRatePoints(heroSeries,""closed"",""showed"")",N/A,LIVE,A,N/A,SALE-0298/0338/0370,"Does not match the task's canonical Close Rate=Closed÷Pitched (no Pitched concept exists); code comment (1238-1241) explicitly calls this ""Closes ÷ Showed"".",LIVE,A
SALE-0386,Sales Tracking → Reps → Closer,Rate charts,Offer → Close Rate,DERIVED,closer.tsx:3236 offerToClosePct=offers?closes/offers*100:0,closes ÷ offers × 100,%,Page date-range picker,Yes,None,N/A,N/A,LIVE,A,N/A,N/A,"Exact match to canonical Offer→Close Rate = Closes÷Offers. Coexists with SALE-0385 (Closes÷Showed) as a second, distinct 'close rate' — real risk of a viewer conflating the two, since both are on the same page simultaneously.",LIVE,A
SALE-0387,Sales Tracking → Reps → Closer,Payment quality,Avg Cash/Booked,DERIVED,closer.tsx:1401 avgCashPerBooked=onCalendar?cashCents/onCalendar:0,cashCents ÷ onCalendar,$,Page date-range picker,Yes,None,N/A,N/A,LIVE,B,N/A,N/A,Inherits currency-mixing caveat (SALE-0374).,LIVE,B
SALE-0388,Sales Tracking → Reps → Closer,Payment quality,Avg Cash/Showed,DERIVED,closer.tsx:1402,cashCents ÷ showed,$,Page date-range picker,Yes,None,N/A,N/A,LIVE,B,N/A,N/A,Same currency caveat.,LIVE,B
SALE-0389,Sales Tracking → Reps → Closer,Payment quality,Avg Cash/Closed,DERIVED,closer.tsx:1403,cashCents ÷ closes,$,Page date-range picker,Yes,None,N/A,N/A,LIVE,B,N/A,N/A,Same currency caveat.,LIVE,B
SALE-0390,Sales Tracking → Reps → Closer,Payment quality,Deposits,AGGREGATED,closer.tsx:1099 depositCount=list.filter(c.deposit_cents>0).length,count(calls.deposit_cents>0),count,Page date-range picker,Yes,None,N/A,N/A,LIVE,A,N/A,N/A,deposit_cents is written from the EOD 'Deposit' Lead Status choice (eod-reports.ts:550) or the manual Log Call dialog's deposit field (closer.tsx:1893).,LIVE,A
SALE-0391,Sales Tracking → Reps → Closer,Payment quality,Deposit Amount,AGGREGATED,closer.tsx:1100 depositAmountCents=Σdeposit_cents,Σ calls.deposit_cents,$,Page date-range picker,Yes,None,N/A,N/A,LIVE,B,N/A,N/A,Same currency-mixing caveat.,LIVE,B
SALE-0392,Sales Tracking → Reps → Closer,Payment quality,Deposit → Close,DERIVED,closer.tsx:1102 depositConversionPct,depositCount ÷ closes × 100; null if closes=0,%,Page date-range picker,Yes,None,N/A,N/A,LIVE,A,N/A,N/A,Debatable pairing — deposits and closes aren't necessarily the same underlying calls — but code doesn't claim causal linkage,LIVE,A
SALE-0393,Sales Tracking → Reps → Closer,Payment quality,Avg Deposit %,DERIVED,closer.tsx:1103-1104 averageDepositPct,depositAmountCents ÷ max(1,revCents) × 100,%,Page date-range picker,Yes,None,N/A,LIVE,B,B,N/A,N/A,LIVE,B
SALE-0394,Sales Tracking → Reps → Closer,Payment quality,Payment Plan Uptake,DERIVED,paymentPlanCount=list.filter(c.payment_plan===true).length (1101); inline JSX paymentPlanCount/list.length*100 (3431-3433),"count(calls.payment_plan=true) ÷ count(list), × 100",%,Page date-range picker,Yes,None,"Drilldown via callRowsFor(""payment_plan"")",N/A,NEEDS INTEGRATION,C,N/A,N/A,"calls.payment_plan is a real column and IS queried/aggregated, but NOTHING in this file's Log Call dialog (2110-2321, no payment_plan checkbox) or in buildClosureCallPayload (eod-reports.ts) ever writes true to it. Will structurally read ~0% for any org using only these entry points.",NEEDS INTEGRATION,C
SALE-0395,Sales Tracking → Reps → Closer,Payment quality,Payment Success Rate,DERIVED,"paymentQualityStats.onTimeRatePct (closer.tsx:1226), built from a payments query .in(""call_id"",listCallIds) (1171-1183)",count(payments.status='paid') ÷ count(callPayments) × 100,%,Page date-range picker,Yes,payments joined to calls by call_id,Drilldown exists but rows list is always empty in practice (2982-3008),N/A,NOT AVAILABLE (in practice),C,"Stripe/PayPal/Whop/Fanbasis/Wise — real, live webhook routes exist (src/routes/api/public/{stripe,paypal,whop,fanbasis,wise}.ts) with real signature verification and real inserts into payments",N/A,"Structural join gap, verified by grep: NONE of the 5 payment-processor webhook routes ever write payments.call_id (Stripe sets client_id by email match but leaves call_id null). Since callPayments filters .in(""call_id"",listCallIds), it is an empty array in production for every org, regardless of how many real payments exist. Renders ""Unavailable"" permanently — not a config gap, a missing FK-population step.",NOT AVAILABLE,C
SALE-0396,Sales Tracking → Reps → Closer,Payment quality,Failed/Default Rate,DERIVED,Same paymentQualityStats/payments join as SALE-0395,count(status='failed') ÷ count(callPayments) × 100,%,Page date-range picker,Yes,Same broken join,Same,N/A,NOT AVAILABLE (in practice),C,Same processors as SALE-0395,N/A,Same broken payments.call_id join as SALE-0395.,NOT AVAILABLE,C
SALE-0397,Sales Tracking → Reps → Closer,Payment quality,Failed Payments,AGGREGATED,Same paymentQualityStats,count(payments.status='failed'),count,Page date-range picker,Yes,Same broken join,Same,N/A,NOT AVAILABLE (in practice),C,Same processors,N/A,Same broken join as SALE-0395.,NOT AVAILABLE,C
SALE-0398,Sales Tracking → Reps → Closer,Payment quality,Recovered Failed Payments,AGGREGATED,"paymentQualityStats.recoveredFailedCount (1219-1228), labeled ""(inferred)"" in the UI (3011)",count of failed payments with a later 'paid' payment on the same call_id,count,Page date-range picker,Yes,Same broken join,Same,N/A,NOT AVAILABLE (in practice),C,Same processors,N/A,"Same broken join as SALE-0395, PLUS this metric is explicitly self-labeled ""inferred"" — not a real retry-link record even when the join is fixed, just a heuristic pairing of two payment rows.",NOT AVAILABLE,C
SALE-0399,Sales Tracking → Reps → Closer,Payment quality,Deposit → Full Payment,DERIVED,paymentQualityStats.depositToFullPaymentPct (1230-1232),"count(fullyPaid) ÷ count(depositedCalls) × 100, where fullyPaid requires Σpaid(call_id) ≥ contract_value_cents",%,Page date-range picker,Yes,Same broken join (numerator side),Drilldown,N/A,NOT AVAILABLE (in practice),C,Same processors,N/A,"Denominator (depositedCalls, from calls.deposit_cents) is real/live; numerator depends on the broken payments.call_id join, so always renders as if 0 calls reached full payment.",NOT AVAILABLE,C
SALE-0400,Sales Tracking → Reps → Closer,Payment quality,Future Scheduled Cash,AGGREGATED,"paymentQualityStats.futureScheduledCents (1201-1204,1234)",Σ max(0, contract_value_cents − Σpaid(call_id)) over payment-plan calls,$,Page date-range picker,Yes,Same broken join,Drilldown,"PLACEHOLDER (ACTIVELY MISLEADING — overstates value, not just missing)",D, not just missing),D,Same processors,PLACEHOLDER,D
SALE-0401,Sales Tracking → Reps → Closer,Payment quality,Downsells,AGGREGATED,downsells=useDayLogs?setDowns:0 (1096); setDowns=Σsetter_activity.downsells (1086),Σ setter_activity.downsells — only when viewing ALL reps (useDayLogs=true),count,Page date-range picker,Yes,setter_activity,N/A,N/A,LIVE (aggregate view only),B,N/A,N/A,"Real per-blind-spot bug: whenever a specific closer is filtered (member selected), useDayLogs is false and downsells is hardcoded to 0 — silently zero, not ""Unavailable,"" even if the org has real downsell data for that rep.",LIVE,B
SALE-0402,Sales Tracking → Reps → Closer,No-show recovery,No-shows in range,AGGREGATED,"noShowRecovery.noShowCount=list.filter(status==='no_show').length (closer.tsx:1835,1847)",count(calls.status='no_show'),count,Page date-range picker,Yes,None,N/A,N/A,LIVE,A,N/A,N/A,N/A,LIVE,A
SALE-0403,Sales Tracking → Reps → Closer,No-show recovery,No-shows Rebooked,AGGREGATED,"rebookedCount via calls.recovered_from_call_id linkage (1843,1848)",count of no-shows with ≥1 call where recovered_from_call_id===that no-show's id,count,Page date-range picker,Yes,calls self-join (recovered_from_call_id → calls.id),N/A,N/A,LIVE,B,N/A,N/A,"This linkage is ONLY set by the manual ""Log a sales call"" dialog's 'Recovers a prior no-show' checkbox (closer.tsx:1917-1938, 2217-2220) — buildClosureCallPayload (EOD flow) never sets recovered_from_call_id. So calls logged purely via EOD can never be recognized as a recovery.",LIVE,B
SALE-0404,Sales Tracking → Reps → Closer,No-show recovery,Recovered Show Rate,DERIVED,closer.tsx:1849 recoveredShowRate=noShows.length?recovered.length/noShows.length*100:null,recovered ÷ no-shows × 100,%,Page date-range picker,Yes,Same self-join,N/A,N/A,LIVE,B,N/A,N/A,Inherits SALE-0403's manual-linkage-only caveat.,LIVE,B
SALE-0405,Sales Tracking → Reps → Closer,No-show recovery,Recovered Close Rate,DERIVED,closer.tsx:1850-1851 recoveredCloseRate,recoveredClosed ÷ recovered × 100,%,Page date-range picker,Yes,Same self-join,N/A,N/A,LIVE,B,N/A,N/A,Inherits SALE-0403's manual-linkage-only caveat.,LIVE,B
SALE-0406,Sales Tracking → Reps → Closer,Call quality,Average Call Duration,AGGREGATED,"calls.duration_seconds, avgCallDurationSeconds (closer.tsx:1150-1152)",avg(duration_seconds) over rows with a non-null value,seconds,Page date-range picker,Yes,None,"""Not logged"" honest empty state when absent (3601-3603)",N/A,LIVE (manual-entry only),C,Twilio — no telephony/call-recording webhook writes this column; grep of src/routes/api/public/* confirms no such route touches calls.duration_seconds,N/A,"Only writer is the manual ""Log a sales call"" dialog's ""Call length (min)"" field (2260-2262, converted at 1900-1903). No automated telephony source populates calls.duration_seconds anywhere in the repo — genuinely manual-entry, honestly labeled when absent.",LIVE,C
SALE-0407,Sales Tracking → Reps → Closer,Call quality,Average Talk Time,AGGREGATED,"calls.talk_seconds, avgTalkSeconds (1153-1155)",avg(talk_seconds) over rows with non-null value,seconds,Page date-range picker,Yes,None,"""Not logged"" honest empty state",N/A,LIVE (manual-entry only),C,None found,N/A,"Manual """"Rep talk time (min)"""" field (2263-2266). Same caveat as SALE-0406.",LIVE,C
SALE-0408,Sales Tracking → Reps → Closer,Call quality,Talk/Listen Ratio,DERIVED,avgTalkListenRatioPct (1156-1165),avg(talk_seconds/duration_seconds) over rows with both fields present and duration_seconds>0 × 100,%,Page date-range picker,Yes,None,N/A,N/A,LIVE (manual-entry only),C,None found,N/A,Requires both manual fields on the same row — compounds the manual-entry caveat.,LIVE,C
SALE-0409,Sales Tracking → Reps → Closer,Call quality,Calls Reviewed,AGGREGATED,"call_coaching_reviews, count query (closer.tsx:1239-1252), table from supabase/migrations/20260903161218_phase2...sql:53-77",count(*) from call_coaching_reviews where org_id=... and created_at in range,count,Page date-range picker,"Yes — org_id filtered, 1246",call_coaching_reviews,"Links to CoachingPanel (4436-4701), a fully real RLS-backed manual coaching-log feature",N/A,LIVE,A,N/A,N/A,Real table,LIVE,A
SALE-0410,Sales Tracking → Reps → Closer,Pipeline,Deals Expected to Close,AGGREGATED,dealsExpectedToClose (closer.tsx:1822-1831),count(calls where status in [offer_made,follow_up,booked] AND scheduled_for within range),count,Page date-range picker,Yes,None,LIVE,A,LIVE,A,N/A,LIVE,A
SALE-0411,Sales Tracking → Reps → Closer,Pipeline,Active Follow-ups,DERIVED,activeFollowUpsCount=followUps.length-overdueFollowUps.length (1814),count(status='follow_up') minus overdue count,count,Page date-range picker,Yes,None,N/A,N/A,LIVE,A,N/A,N/A,N/A,LIVE,A
SALE-0412,Sales Tracking → Reps → Closer,Pipeline,Overdue Follow-ups,STATUS,"overdueFollowUps (1806-1813), requestedFollowUpDate=requested_followup_at ?? scheduled_for (1784-1787)",followUps.filter(requestedFollowUpDate < now),count,Real-time (now) against logged dates,Yes,None,N/A,N/A,LIVE,A,N/A,N/A,Real per-row due-date logic (explicitly replaced an earlier fixed '7+ days' heuristic per code comment 1802-1805).,LIVE,A
SALE-0413,Sales Tracking → Reps → Closer,Disposition mix,Booked,DIMENSION,"calls.status='booked', via normalizeCloserDisposition (operating-workflows.ts:183-196)",Not its own bucket — folded into 'follow_up' (line 194: status==='booked'||status==='showed' → 'follow_up'),count,Page date-range picker,Yes,None,N/A,N/A,LIVE (but merged),B,N/A,SALE-0419 (absorbs this),"'Booked' is not a real disposition-mix slice in this codebase — booked/showed calls are bucketed into the generic 'follow_up' slice, not shown separately. The task's input metric list conflates funnel-stage booleans with the real 8-value disposition taxonomy.",LIVE,B
SALE-0414,Sales Tracking → Reps → Closer,Disposition mix,Showed,DIMENSION,"calls.status='showed', via normalizeCloserDisposition",Same as SALE-0413 — folded into 'follow_up',count,Page date-range picker,Yes,None,N/A,N/A,LIVE (but merged),B,N/A,SALE-0419,Same finding as SALE-0413 — not a distinct slice.,LIVE,B
SALE-0415,Sales Tracking → Reps → Closer,Disposition mix,No Show,DIMENSION,operating-workflows.ts:189 if(status==='no_show') return 'no_show',count(normalizeCloserDisposition===='no_show'),count,Page date-range picker,Yes,None,Drilldown via disposition filter (2845-2892),N/A,LIVE,A,N/A,SALE-0402,Real,LIVE,A
SALE-0416,Sales Tracking → Reps → Closer,Disposition mix,Offer Made,DIMENSION,operating-workflows.ts:192-193 — the offerMade boolean check (line 192) is evaluated BEFORE the status==='offer_made' check (line 193),Any row with offer_made=true is bucketed 'follow_up' (192) before the 'deposit_pending' branch (193) can ever be reached in normal data,count,Page date-range picker,Yes,None,N/A,N/A,LIVE (but effectively merged/dead branch),B,N/A,SALE-0419,"Code-logic finding: the 'deposit_pending' bucket (CLOSER_DISPOSITIONS, operating-workflows.ts:201) is effectively unreachable given how the function is ordered — any call with offer_made=true already hits the offerMade-boolean check and returns 'follow_up' first. Same dead-branch pattern as 'closed_lost' (see SALE-0417 note).",LIVE,B
SALE-0417,Sales Tracking → Reps → Closer,Disposition mix,Closed Won,DIMENSION,operating-workflows.ts:188 if(closed||status==='closed') return 'closed_won',count(closed=true OR status='closed'),count,Page date-range picker,Yes,None,Drilldown via disposition filter,N/A,LIVE,A,N/A,SALE-0378,"Matches the main 'Closes' formula. Note: CLOSER_DISPOSITIONS also defines a 'closed_lost' label (operating-workflows.ts:200) that the mapping function never actually produces for any input — a dead taxonomy value, always 0.",LIVE,A
SALE-0418,Sales Tracking → Reps → Closer,Disposition mix,DQ,DIMENSION,operating-workflows.ts:191 if(status==='disqualified') return 'not_qualified',count(status='disqualified'),count,Page date-range picker,Yes,None,Drilldown filtered status==='disqualified',N/A,LIVE,A,N/A,SALE-0379,Same underlying value as the Money & closing 'Disqualified Leads' tile.,LIVE,A
SALE-0419,Sales Tracking → Reps → Closer,Disposition mix,Follow Up,DIMENSION,"operating-workflows.ts:192,194 — composite bucket: status==='follow_up' OR offer_made=true OR status in (booked,showed)",count of the 'follow_up' bucket (absorbs several distinct real states),count,Page date-range picker,Yes,None,Drilldown via disposition filter,N/A,LIVE,B,N/A,"SALE-0413, SALE-0414, SALE-0416","This is an overloaded bucket — it silently absorbs Booked, Showed, and Offer-Made-but-not-yet-closed calls in addition to genuine 'Follow Up' status rows. A viewer reading this slice as 'calls needing follow-up' would be misled by the merged Booked/Showed/Offer counts inside it.",LIVE,B
SALE-0420,Sales Tracking → Reps → Closer,Disposition mix,Rescheduled (canonical); Closed,DIMENSION,operating-workflows.ts:190 if(status==='rescheduled') return 'reschedule',count(status='rescheduled'),count,Page date-range picker,Yes,None,Drilldown via disposition filter,N/A,LIVE,B,N/A,N/A,"The source metric list's own label appears to be a data artifact conflating two separate rows/taxonomy values into one line (""Rescheduled (canonical); Closed""). Treated here as the real 'reschedule' bucket only — 'Closed' is already covered separately by SALE-0417.",LIVE,B
SALE-0421,Sales Tracking → Reps → Closer,Disposition mix,Follow-up,DIMENSION,"calls.disposition='follow_up' (second, distinct taxonomy — manualDispositionMix, closer.tsx:1132-1147), DISPOSITION_OPTIONS (257-269), CHECK constraint from 20260903161218_phase2...sql",count(calls.disposition='follow_up'),count,Page date-range picker,Yes,None,Drilldown via disposition filter (2845-2892),N/A,LIVE,B,N/A,SALE-0419 (same name, different taxonomy),LIVE,B
SALE-0422,Sales Tracking → Reps → Closer,Disposition mix,Nurture,DIMENSION,"calls.disposition='nurture', manualDispositionMix",count(calls.disposition='nurture'),count,Page date-range picker,Yes,None,Drilldown via disposition filter,N/A,LIVE,B,No connector — manual only,N/A,"Only reachable via the Log Call dialog's own Disposition select (2192-2206) — the EOD flow's LEAD_STATUS_MAP (eod-reports.ts:503-527) never sets 'nurture', so EOD-only orgs will never populate this bucket.",LIVE,B
SALE-0423,Sales Tracking → Reps → Closer,Disposition mix,No Decision,DIMENSION,"calls.disposition='no_decision', manualDispositionMix",count(calls.disposition='no_decision'),count,Page date-range picker,Yes,None,Drilldown via disposition filter,N/A,LIVE,B,No connector — manual only,N/A,Same Log-Call-dialog-only caveat as SALE-0422.,LIVE,B
SALE-0424,Sales Tracking → Reps → Closer,Disposition mix,Price,DIMENSION,"calls.disposition='price', manualDispositionMix",count(calls.disposition='price'),count,Page date-range picker,Yes,None,Drilldown via disposition filter,N/A,LIVE,B,No connector — manual only,N/A,"Given unit=$ is incorrect — this is a disposition category count, not a dollar amount. Same Log-Call-dialog-only caveat.",LIVE,B
SALE-0425,Sales Tracking → Reps → Closer,Disposition mix,Timing,DIMENSION,"calls.disposition='timing', manualDispositionMix",count(calls.disposition='timing'),count,Page date-range picker,Yes,None,Drilldown via disposition filter,N/A,LIVE,B,No connector — manual only,N/A,Same Log-Call-dialog-only caveat.,LIVE,B
SALE-0426,Sales Tracking → Reps → Closer,Disposition mix,Partner/Spouse,DIMENSION,"calls.disposition='partner_spouse', manualDispositionMix",count(calls.disposition='partner_spouse'),count,Page date-range picker,Yes,None,Drilldown via disposition filter,N/A,LIVE,B,No connector — manual only,N/A,Same Log-Call-dialog-only caveat.,LIVE,B
SALE-0427,Sales Tracking → Reps → Closer,Disposition mix,Upsell,DIMENSION,"calls.disposition='upsell', manualDispositionMix",count(calls.disposition='upsell'),count,Page date-range picker,Yes,None,Drilldown via disposition filter,N/A,LIVE,B,No connector — manual only,N/A,Same Log-Call-dialog-only caveat.,LIVE,B
SALE-0428,Sales Tracking → Reps → Closer,Disposition mix,Unqualified,DIMENSION,"calls.disposition='unqualified', manualDispositionMix","count(calls.disposition='unqualified') — distinct from status='disqualified' (SALE-0418), a different column entirely",count,Page date-range picker,Yes,None,Drilldown via disposition filter,N/A,LIVE,B,No connector — manual only,SALE-0418 (name-adjacent, different column),LIVE,B
SALE-0429,Sales Tracking → Reps → Closer,Disposition mix,Competitor (closer-logged),DIMENSION,"calls.disposition='competitor', manualDispositionMix",count(calls.disposition='competitor'),count,Page date-range picker,Yes,None,Drilldown via disposition filter,N/A,LIVE,B,No connector — manual only,N/A,"Label explicitly disambiguates from the separate call_objections.category='competitor' (the Objection-frequency instrument) — two distinct 'competitor' signals in the app (one a disposition, one an objection category), correctly named apart in the UI. Same Log-Call-dialog-only caveat.",LIVE,B
SALE-0430,Sales Tracking → Reps → Closer,Revenue Source Mix,Shows,AGGREGATED,"channelSources grouped by calls.source_platform via normalizeSocialPlatform (closer.tsx:1368-1399), rows.filter(c.showed).length (1381)",count(showed=true) per source_platform,count,Page date-range picker,Yes,None,No row-level drilldown — static table + 'View Full Attribution →' link (4043-4054),"YES — calls.source_platform/source_campaign/source_content_id/source_format (own columns on calls), NOT leads.traffic_source_id",LIVE,A,N/A,N/A,N/A,LIVE,A
SALE-0431,Sales Tracking → Reps → Closer,Revenue Source Mix,Qualified Opps,AGGREGATED,rows.filter(c.showed && c.status!=='disqualified').length (1382),"count(showed=true AND status!='disqualified') — an ad hoc, per-page 'qualified' definition",count,Page date-range picker,Yes,None,None,Same source_platform dependency,LIVE,B,N/A,N/A,This 'qualified' definition is not the same concept as src/lib/lead-quality.ts's deriveLeadQuality() (which is not imported/used anywhere in closer.tsx) — a real definitional inconsistency across the app's different 'qualified' metrics.,LIVE,B
SALE-0432,Sales Tracking → Reps → Closer,Revenue Source Mix,Offers,AGGREGATED,rows.filter(c.offer_made).length (1383),count(offer_made=true) per source,count,Page date-range picker,Yes,None,None,Same source_platform dependency,LIVE,A,N/A,N/A,N/A,LIVE,A
SALE-0433,Sales Tracking → Reps → Closer,Revenue Source Mix,Closes,AGGREGATED,rows.filter(c.closed||c.status==='closed').length (1384),count(closed=true OR status='closed') per source,count,Page date-range picker,Yes,None,None,Same source_platform dependency,LIVE,A,N/A,SALE-0378,Same formula as the main Closes count.,LIVE,A
SALE-0434,Sales Tracking → Reps → Closer,Revenue Source Mix,Close Rate,DERIVED,closesForSource/shows*100 (1393),closesForSource ÷ shows × 100; null if shows=0,%,Page date-range picker,Yes,None,None,Same source_platform dependency,LIVE,A,N/A,N/A,N/A,LIVE,A
SALE-0435,Sales Tracking → Reps → Closer,Revenue Source Mix,Contracted Revenue,AGGREGATED,Σ contract_value_cents per source (1385),Σ calls.contract_value_cents,$,Page date-range picker,Yes,None,None,Same source_platform dependency,LIVE,B,N/A,SALE-0375,Same currency-mixing caveat as SALE-0374.,LIVE,B
SALE-0436,Sales Tracking → Reps → Closer,Revenue Source Mix,Cash Collected,AGGREGATED,Σ cash_collected_cents per source (1386),Σ calls.cash_collected_cents,$,Page date-range picker,Yes,None,None,Same source_platform dependency,LIVE,B,N/A,SALE-0374,Same currency-mixing caveat.,LIVE,B
SALE-0437,Sales Tracking → Reps → Closer,Revenue Source Mix,Collection Rate,DERIVED,cashForSource/contractedCents*100 (1396),cashForSource ÷ contractedCents × 100; null if 0,%,Page date-range picker,Yes,None,None,Same source_platform dependency,LIVE,B,N/A,SALE-0376,Exact match to canonical Collection Rate = Cash÷Contracted. Inherits currency-mixing caveat.,LIVE,B
SALE-0438,Sales Tracking → Reps → Closer,Revenue Source Mix,Refund/Default Rate,OTHER,"closer.tsx:4026, hardcoded string ""Not tracked""; code comment 1370-1374 explains why",No computation — explicit placeholder,N/A,N/A,N/A,None,None,N/A,NOT AVAILABLE,D,No refund/chargeback connector evidenced anywhere in the repo,N/A,"Deliberate, honest non-metric: code comment explicitly states ""calls has no refund/default column... honestly reported as untracked rather than backed into from payment status."" Good example of the app choosing to say ""not tracked"" instead of fabricating a number from adjacent data (payments.status='refunded' exists but is never used to back into this).",NOT AVAILABLE,D
CONT-0439,ContentOS -> Content,Top KPI row,Total views,AGGREGATED,content_metrics.views summed client-side in ContentCommandCenter's `stats` useMemo (src/components/content-command-center.tsx:387),sum(content_metrics.views) over visiblePieces (taxonomy-filtered content_pieces list),count,"Unranged: latest 200 content_pieces ordered by posted_at desc (page date-range picker does NOT filter this — content.tsx:998 passes the raw `pieces` query result to ContentCommandCenter, not the range-filtered `perf` variable computed at content.tsx:791-864)","content.tsx:585 .eq(""org_id"", orgId!) on the content_pieces query (content.tsx:580-590)",content_pieces LEFT JOIN content_metrics (content.tsx:583 embedded select),None (KPI tile has no click-through),N/A,LIVE,A,Instagram/TikTok/YouTube/etc. native analytics APIs would let this be pulled automatically instead of manually typed,,"Real, correctly aggregated. Note the KPI row is NOT scoped to the page's selected date range (see TimeWindow).",LIVE,A
CONT-0440,ContentOS -> Content,Top KPI row,Total reach,AGGREGATED,content_metrics.reach summed (content-command-center.tsx:388),sum(content_metrics.reach) over visiblePieces,count,"Unranged: latest 200 content_pieces ordered by posted_at desc (page date-range picker does NOT filter this — content.tsx:998 passes the raw `pieces` query result to ContentCommandCenter, not the range-filtered `perf` variable computed at content.tsx:791-864)","content.tsx:585 .eq(""org_id"", orgId!) on the content_pieces query (content.tsx:580-590)",content_pieces LEFT JOIN content_metrics,None,N/A,LIVE,A,Native platform reach APIs,,"Renders ""—""/""Field not populated"" when no piece has reach>0 (content-command-center.tsx:638-643) — honest empty state, not fabricated.",LIVE,A
CONT-0441,ContentOS -> Content,Top KPI row,Engagement rate,DERIVED,content-command-center.tsx:645-649,"(sum(likes+comments+saves+shares) / sum(views)) * 100, where interactionsOf() = likes+comments+saves+shares (content-command-center.tsx:253-255)",%,"Unranged: latest 200 content_pieces ordered by posted_at desc (page date-range picker does NOT filter this — content.tsx:998 passes the raw `pieces` query result to ContentCommandCenter, not the range-filtered `perf` variable computed at content.tsx:791-864)","content.tsx:585 .eq(""org_id"", orgId!) on the content_pieces query (content.tsx:580-590)",content_pieces LEFT JOIN content_metrics,None,N/A,LIVE,A,,,"Real formula, not a placeholder. Distinct from the per-piece manually-typed ""Engagement rate %"" field in the Log content dialog (CONT-0514) — that one is user-entered, this KPI is computed.",LIVE,A
CONT-0442,ContentOS -> Content,Top KPI row,Avg views / post,DERIVED,content-command-center.tsx:658-659,sum(content_metrics.views) / visiblePieces.length,count (avg views per post),"Unranged: latest 200 content_pieces ordered by posted_at desc (page date-range picker does NOT filter this — content.tsx:998 passes the raw `pieces` query result to ContentCommandCenter, not the range-filtered `perf` variable computed at content.tsx:791-864)","content.tsx:585 .eq(""org_id"", orgId!) on the content_pieces query (content.tsx:580-590)",content_pieces LEFT JOIN content_metrics,None,N/A,LIVE,A,,,"Input list tagged unit=% for this metric — incorrect; it's an average count, not a percentage.",LIVE,A
CONT-0443,ContentOS -> Content,Top KPI row,Followers gained,AGGREGATED,content_metrics.followers_gained summed (content-command-center.tsx:390),sum(content_metrics.followers_gained) over visiblePieces,count,"Unranged: latest 200 content_pieces ordered by posted_at desc (page date-range picker does NOT filter this — content.tsx:998 passes the raw `pieces` query result to ContentCommandCenter, not the range-filtered `perf` variable computed at content.tsx:791-864)","content.tsx:585 .eq(""org_id"", orgId!) on the content_pieces query (content.tsx:580-590)",content_pieces LEFT JOIN content_metrics,None,N/A,LIVE,A,Native platform follower-growth APIs,,"Manually-typed per-piece field (""Followers gained"" in Log content dialog), summed here — not a live account-level follower count.",LIVE,A
CONT-0444,ContentOS -> Content,Top KPI row,Cash attributed,OTHER,"Hardcoded literal string ""Not tracked"" (content-command-center.tsx:681-688)","None — content_metrics.cash_collected_cents and content_metrics.closes are never written by any code path in the app (confirmed: the Log content dialog's save mutation, content.tsx:667-690, builds a `metrics` object with 21 fields and neither `closes` nor `cash_collected_cents` is among them)",$,"Unranged: latest 200 content_pieces ordered by posted_at desc (page date-range picker does NOT filter this — content.tsx:998 passes the raw `pieces` query result to ContentCommandCenter, not the range-filtered `perf` variable computed at content.tsx:791-864)","content.tsx:585 .eq(""org_id"", orgId!) on the content_pieces query (content.tsx:580-590)",None,None,UNAVAILABLE — see the Canonical Content -> Cash table below for real attributed cash,PLACEHOLDER,D,"No evidence of an intended source — this is a dead schema column, not an unbuilt integration",,"Correctly rendered as an honest ""Not tracked"" rather than a fabricated $0. Real attributed cash lives in the separate Canonical Content -> Cash section (CONT-0445 group) and Traffic/Attribution sections, which use calls.cash_collected_cents instead.",PLACEHOLDER,D
CONT-0445,ContentOS -> Content,Canonical Content -> Cash,verified paths,AGGREGATED,"filteredCanonicalPaths.length (content-command-center.tsx:719), built by buildAttributionPathsForModel() in src/lib/content-attribution.ts:52-197 over leads/calls/lead_content_touches fetched in content.tsx:465-503","count of CanonicalLifecycleAttributionPath rows produced for the selected attribution model (first_touch/last_touch/lead_source/booking_source/assisted_touch), after dedup (content-attribution.ts:187-196)",count,Selected date range (range.from-range.to) applied to leads/calls/lead_content_touches/clients/traffic_sources queries — content.tsx:463-503,"content.tsx:469,475,481,484,491,499 — every table in the businessBridge query (traffic_sources/leads/calls/clients/lead_content_touches) filtered .eq(""org_id"", orgId!)","leads + calls (closed=true) + lead_content_touches, joined in-memory by lead_id/content_id (content-attribution.ts:56-63)","Click ""Inspect"" on a row opens the evidence panel (content-command-center.tsx:821-827, 841-869)","PARTIAL — first_touch/last_touch/lead_source/booking_source are directOutcomeLinked:true (content-attribution.ts:85,112,141); assisted_touch is always inferred:true, never direct (content-attribution.ts:172-173)",LIVE,A,,,"Genuinely computed from real joined tables, not a placeholder. Switching the ""Attribution model"" selector changes which real join logic produced the count.",LIVE,A
CONT-0446,ContentOS -> Content,Canonical Content -> Cash,Content,DIMENSION,"path.contentId (content-command-center.tsx:807), sourced from leads.source_content_id / calls.source_content_id / lead_content_touches.content_id depending on the selected model (content-attribution.ts:66,94,122)","N/A (identifier, not computed)",content_pieces.id (uuid),Selected date range (range.from-range.to) applied to leads/calls/lead_content_touches/clients/traffic_sources queries — content.tsx:463-503,"content.tsx:469,475,481,484,491,499 — every table in the businessBridge query (traffic_sources/leads/calls/clients/lead_content_touches) filtered .eq(""org_id"", orgId!)",Same as CONT-0445,Row itself; contentId also resolves the Platform column via platformByContentId (content-command-center.tsx:291-294),DIRECT (it's the literal FK the model resolved),LIVE,A,,,"Shows ""Unavailable"" (content-command-center.tsx:807) when a path has no contentId, honest rather than blank.",LIVE,A
CONT-0447,ContentOS -> Content,Canonical Content -> Cash,Platform,DIMENSION,"platformByContentId.get(path.contentId) (content-command-center.tsx:291-294, 748-751), which resolves via pieceSocialPlatform() -> normalizeSocialPlatform(content_pieces.platform, content_pieces.source_platform) (content-command-center.tsx:115-117)",N/A,text (platform name),Selected date range (range.from-range.to) applied to leads/calls/lead_content_touches/clients/traffic_sources queries — content.tsx:463-503,"content.tsx:469,475,481,484,491,499 — every table in the businessBridge query (traffic_sources/leads/calls/clients/lead_content_touches) filtered .eq(""org_id"", orgId!)",content_pieces (for the platform lookup),Row itself,DIRECT,LIVE,A,,,"buildAttributionPathsForModel() itself never sets path.platform (confirmed: no call site passes it — content-attribution.ts's doc comment on aggregateCashByPlatform:253-257 states this explicitly); the real value always comes from the client-side contentId->platform map, not the attribution engine.",LIVE,A
CONT-0448,ContentOS -> Content,Canonical Content -> Cash,Lead,DIMENSION,"path.personKey (content-command-center.tsx:809), set to call.lead_id in every model branch (content-attribution.ts:69,97,125,155)",N/A,leads.id (uuid),Selected date range (range.from-range.to) applied to leads/calls/lead_content_touches/clients/traffic_sources queries — content.tsx:463-503,"content.tsx:469,475,481,484,491,499 — every table in the businessBridge query (traffic_sources/leads/calls/clients/lead_content_touches) filtered .eq(""org_id"", orgId!)",leads,Row itself,DIRECT,LIVE,A,,,,LIVE,A
CONT-0449,ContentOS -> Content,Canonical Content -> Cash,Booking,OTHER,"path.bookingId (content-command-center.tsx:810) — a real field on CanonicalLifecycleAttributionPath (src/lib/acquisition.ts:72,108,128), but buildAttributionPathsForModel() never passes a bookingId to any of its 5 model branches (content-attribution.ts:52-197 has no `bookingId:` in any buildCanonicalLifecycleAttributionPath() call)",None,text/uuid,Selected date range (range.from-range.to) applied to leads/calls/lead_content_touches/clients/traffic_sources queries — content.tsx:463-503,"content.tsx:469,475,481,484,491,499 — every table in the businessBridge query (traffic_sources/leads/calls/clients/lead_content_touches) filtered .eq(""org_id"", orgId!)",None (never populated),"Row itself always shows ""—""",UNAVAILABLE,NOT AVAILABLE,C,There is no bookings table in this schema — calls.id doubles as the booking record. Could be wired to a real value (e.g. the same call.id) but currently isn't.,,"Always renders ""—"" (content-command-center.tsx:810 `path.bookingId ?? ""—""`) for every row, for every attribution model. Dead column in practice.",NOT AVAILABLE,C
CONT-0450,ContentOS -> Content,Canonical Content -> Cash,Call,DIMENSION,"path.callId (content-command-center.tsx:811), set to call.id in every model branch (content-attribution.ts:70,98,126,159)",N/A,calls.id (uuid),Selected date range (range.from-range.to) applied to leads/calls/lead_content_touches/clients/traffic_sources queries — content.tsx:463-503,"content.tsx:469,475,481,484,491,499 — every table in the businessBridge query (traffic_sources/leads/calls/clients/lead_content_touches) filtered .eq(""org_id"", orgId!)",calls (closed=true),Row itself; callId also joins callCashById (content.tsx:536-539) for cash display elsewhere on the page,DIRECT,LIVE,A,,,,LIVE,A
CONT-0451,ContentOS -> Content,Canonical Content -> Cash,Payment,OTHER,"path.paymentId (content-command-center.tsx:812) — declared on CanonicalLifecycleAttributionPath (acquisition.ts:75,111,131) but never populated by any of the 5 model branches in content-attribution.ts (same gap as Booking, CONT-0449)",None,text/uuid,Selected date range (range.from-range.to) applied to leads/calls/lead_content_touches/clients/traffic_sources queries — content.tsx:463-503,"content.tsx:469,475,481,484,491,499 — every table in the businessBridge query (traffic_sources/leads/calls/clients/lead_content_touches) filtered .eq(""org_id"", orgId!)",None (never populated),"Row itself always shows ""—""",UNAVAILABLE,NOT AVAILABLE,C,"There is a real `payments` table elsewhere in the schema (queried by analyzeContentSystem, content-signals.server.ts:654-660) that could supply this but isn't joined here.",,"Always renders ""—"" for every row. Duplicate-of note: same dead-field pattern as CONT-0449 (Booking).",NOT AVAILABLE,C
CONT-0452,ContentOS -> Content,Canonical Content -> Cash,Evidence,DERIVED,"path.evidence.coverage + path.evidence.knownTouchpoints (content-command-center.tsx:814-818), built inside buildCanonicalLifecycleAttributionPath() from the evidence object each model branch supplies (content-attribution.ts:80-88,107-114,136-143,167-175)","coverage = ""direct"" when directOutcomeLinked:true, else ""inferred"" (assisted_touch only, content-attribution.ts:172-173); knownTouchpoints = a fixed count per model (3 for lead_source, 2 for booking_source, leadTouches.length+1 for first/last touch)",text label + count,Selected date range (range.from-range.to) applied to leads/calls/lead_content_touches/clients/traffic_sources queries — content.tsx:463-503,"content.tsx:469,475,481,484,491,499 — every table in the businessBridge query (traffic_sources/leads/calls/clients/lead_content_touches) filtered .eq(""org_id"", orgId!)",Same as CONT-0445,"Click ""Inspect"" opens the evidence detail panel showing model/strength/sampleSize/supporting events (content-command-center.tsx:841-869)",Directly states the model's own PARTIAL/INFERRED confidence per row — see AttributionDependency of CONT-0445,LIVE,A,,,,LIVE,A
CONT-0453,ContentOS -> Content,Content performance chart,Views,AGGREGATED,"stats.trend[].views, built by day-bucketing content_metrics.views (content-command-center.tsx:422-452)","sum(views) grouped by captured_at date (falls back to posted_at when captured_at is null), last 30 buckets",count/day,"Unranged: latest 200 content_pieces ordered by posted_at desc (page date-range picker does NOT filter this — content.tsx:998 passes the raw `pieces` query result to ContentCommandCenter, not the range-filtered `perf` variable computed at content.tsx:791-864)","content.tsx:585 .eq(""org_id"", orgId!) on the content_pieces query (content.tsx:580-590)",content_pieces LEFT JOIN content_metrics,"None (area chart, no click-through)",N/A,LIVE,A,,,Chart only renders once >1 distinct day exists (content-command-center.tsx:911-984); shows an honest EmptyState otherwise.,LIVE,A
CONT-0454,ContentOS -> Content,Content performance chart,Reach,AGGREGATED,stats.trend[].reach (content-command-center.tsx:440),sum(reach) grouped by day,count/day,"Unranged: latest 200 content_pieces ordered by posted_at desc (page date-range picker does NOT filter this — content.tsx:998 passes the raw `pieces` query result to ContentCommandCenter, not the range-filtered `perf` variable computed at content.tsx:791-864)","content.tsx:585 .eq(""org_id"", orgId!) on the content_pieces query (content.tsx:580-590)",Same as CONT-0453,None,N/A,LIVE,A,,,"Series is hidden entirely (stats.hasReach gate, content-command-center.tsx:897-902,955-964) when no piece has reach>0 — not drawn as a flat zero line.",LIVE,A
CONT-0455,ContentOS -> Content,Content performance chart,Interactions,DERIVED,"stats.trend[].interactions (content-command-center.tsx:441), interactionsOf() = likes+comments+saves+shares per metric row (content-command-center.tsx:253-255)",sum(likes+comments+saves+shares) grouped by day,count/day,"Unranged: latest 200 content_pieces ordered by posted_at desc (page date-range picker does NOT filter this — content.tsx:998 passes the raw `pieces` query result to ContentCommandCenter, not the range-filtered `perf` variable computed at content.tsx:791-864)","content.tsx:585 .eq(""org_id"", orgId!) on the content_pieces query (content.tsx:580-590)",Same as CONT-0453,None,N/A,LIVE,A,,,Same interactionsOf() helper used for the Engagement rate KPI (CONT-0441) and the sort-by-engagement control in Post-level performance.,LIVE,A
CONT-0456,ContentOS -> Content,Format mix chart,Views by content type,AGGREGATED,"stats.types (content-command-center.tsx:457-464), grouped by formatLabel(content_pieces.platform) — see src/lib/platform-format.ts for the format-label mapping","sum(content_metrics.views) grouped by format label (the `platform` enum column, which is actually a FORMAT not a brand platform — see doc comment content-command-center.tsx:325-329)",count,"Unranged: latest 200 content_pieces ordered by posted_at desc (page date-range picker does NOT filter this — content.tsx:998 passes the raw `pieces` query result to ContentCommandCenter, not the range-filtered `perf` variable computed at content.tsx:791-864)","content.tsx:585 .eq(""org_id"", orgId!) on the content_pieces query (content.tsx:580-590)",content_pieces LEFT JOIN content_metrics,"Clicking a bar opens MetricDetailPanel filtered to that format (content-command-center.tsx:1035,1050-1065, formatMixRows at :490-496)",N/A,LIVE,A,,,Note the naming collision documented in the code itself: content_pieces.platform is really a FORMAT enum (reel/carousel/story_sequence/...); the true brand platform is source_platform. This chart is correctly reading the format field despite the confusing column name.,LIVE,A
CONT-0457,ContentOS -> Content,Post-level performance,Views,RAW,"content_metrics.views via metricOf(piece) (content-command-center.tsx:1117,1174), metricOf() takes the metrics row with the latest captured_at (content-command-center.tsx:245-251)",N/A,count,"Unranged: latest 200 content_pieces ordered by posted_at desc (page date-range picker does NOT filter this — content.tsx:998 passes the raw `pieces` query result to ContentCommandCenter, not the range-filtered `perf` variable computed at content.tsx:791-864)","content.tsx:585 .eq(""org_id"", orgId!) on the content_pieces query (content.tsx:580-590)","content_pieces + content_metrics, sorted top-6 by the active sort key (views/reach/engagement/cash)",Row's own content link (piece.url) opens the real post,N/A,LIVE,A,,,,LIVE,A
CONT-0458,ContentOS -> Content,Post-level performance,Reach,RAW,content_metrics.reach (content-command-center.tsx:1176-1178),N/A,count,"Unranged: latest 200 content_pieces ordered by posted_at desc (page date-range picker does NOT filter this — content.tsx:998 passes the raw `pieces` query result to ContentCommandCenter, not the range-filtered `perf` variable computed at content.tsx:791-864)","content.tsx:585 .eq(""org_id"", orgId!) on the content_pieces query (content.tsx:580-590)",Same as CONT-0457,Same,N/A,LIVE,A,,,"Shows ""—"" when reach is 0/null, not a literal 0.",LIVE,A
CONT-0459,ContentOS -> Content,Post-level performance,Engagement,DERIVED,content-command-center.tsx:1118-1120,interactionsOf(metric) / metric.views * 100,%,"Unranged: latest 200 content_pieces ordered by posted_at desc (page date-range picker does NOT filter this — content.tsx:998 passes the raw `pieces` query result to ContentCommandCenter, not the range-filtered `perf` variable computed at content.tsx:791-864)","content.tsx:585 .eq(""org_id"", orgId!) on the content_pieces query (content.tsx:580-590)",Same as CONT-0457,Same,N/A,LIVE,A,,,Same interactionsOf() helper as CONT-0441/0455.,LIVE,A
CONT-0460,ContentOS -> Content,Post-level performance,Watch/retention,RAW,"content-command-center.tsx:1125-1132 — falls back through watch_time_seconds -> avg_watch_pct -> hook_retention_pct, whichever is non-null first","N/A (display fallback chain, not a computed blend)","seconds or %, whichever field is populated","Unranged: latest 200 content_pieces ordered by posted_at desc (page date-range picker does NOT filter this — content.tsx:998 passes the raw `pieces` query result to ContentCommandCenter, not the range-filtered `perf` variable computed at content.tsx:791-864)","content.tsx:585 .eq(""org_id"", orgId!) on the content_pieces query (content.tsx:580-590)",Same as CONT-0457,Same,N/A,LIVE,A,,,All three source fields are manually-typed numbers from the Log content dialog (CONT-0500/0499/0498) — never independently verified against each other.,LIVE,A
CONT-0461,ContentOS -> Content,Post-level performance,Replay,DERIVED,content-command-center.tsx:1121-1124,views / reach (only when reach>0 and views is not null),ratio (x),"Unranged: latest 200 content_pieces ordered by posted_at desc (page date-range picker does NOT filter this — content.tsx:998 passes the raw `pieces` query result to ContentCommandCenter, not the range-filtered `perf` variable computed at content.tsx:791-864)","content.tsx:585 .eq(""org_id"", orgId!) on the content_pieces query (content.tsx:580-590)",Same as CONT-0457,Same,N/A,LIVE,A,,,"Same formula backs the ""Replay depth"" availability tile (CONT-0484), aggregated instead of per-row.",LIVE,A
CONT-0462,ContentOS -> Content,Post-level performance,Cash,OTHER,"Hardcoded literal ""Not tracked"" (content-command-center.tsx:1188-1192)",None — content_metrics.cash_collected_cents has no write path (same gap as CONT-0444),$,"Unranged: latest 200 content_pieces ordered by posted_at desc (page date-range picker does NOT filter this — content.tsx:998 passes the raw `pieces` query result to ContentCommandCenter, not the range-filtered `perf` variable computed at content.tsx:791-864)","content.tsx:585 .eq(""org_id"", orgId!) on the content_pieces query (content.tsx:580-590)",None,None,UNAVAILABLE — see Canonical Content -> Cash (CONT-0445 group) for real cash,PLACEHOLDER,D,No evidence of an intended source; dead schema column.,"CONT-0444 (same dead field, different surface)",,PLACEHOLDER,D
CONT-0463,ContentOS -> Content,Content Signals panel,Root cause (Signal/Evidence/Root cause/Implication/Action),OTHER,"RootCauseChain component, src/components/content-signals-panel.tsx:156-312 — client-side conditional text (not AI-generated), driven by computeWeeklyContentCheck()'s untagged/untracked counts (content-signals.server.ts:348-477)","gap = ""mix"" if untaggedCount>0, else ""perf"" if untrackedCount>0, else null (healthy) — content-signals-panel.tsx:169; each of the 5 steps is a fixed template string interpolating the real counts",text (5-step narrative),Fixed trailing 7 days from now(); does NOT respect the page's date-range picker — content-signals.server.ts:353,"content-signals.functions.ts:5-10 orgOf() resolves org_id from memberships by userId (requireSupabaseAuth-gated), then every query in content-signals.server.ts filters .eq(""org_id"", orgId)","content_pieces (created_at >= 7 days ago) LEFT JOIN content_metrics, via weeklyContentCheckFn (content-signals.functions.ts:48-56)","""N of M posts untagged"" link opens MetricDetailPanel listing the real untagged content_pieces rows (content-signals-panel.tsx:298-309)",N/A,LIVE,B,,,"Not AI — a deterministic, hard-coded diagnostic narrative over real counts. Genuinely reflects real tracking gaps, not fabricated copy.",LIVE,B
CONT-0464,ContentOS -> Content,Content Signals panel,Recommended Mix — Educational,DERIVED,"demand.mix.educational, computed by computeDemand() in content-signals.server.ts:86-315","Weighted mix % from FAQ video clicks (x2), setter-call signals (x3 tagged / x1.5 keyword-scored), onboarding intake signals (x2), and strong-performing reels (x2-3) — see aggregateMix() in content-performance.ts and the weight assignments at content-signals.server.ts:146,165-185,211-224,251-252",%,"Selected date range (range.from-range.to), default trailing 30 days — content-signals.server.ts:80-93","content-signals.functions.ts:5-10 orgOf() resolves org_id from memberships by userId (requireSupabaseAuth-gated), then every query in content-signals.server.ts filters .eq(""org_id"", orgId)",faq_videos + setter_call_signals + onboarding_responses + content_pieces/content_metrics (content-signals.server.ts:95-126),"""Why N%?"" opens MetricDetailPanel of the real Driver rows behind that mechanism (content-signals-panel.tsx:476-491)",N/A,LIVE,B,,,"Badged ""Limited data"" when demand.totalWeight is below the workspace's configured minTotalSignalWeight (content-signals-panel.tsx:357-364) — genuine computed split, not a placeholder, but visibly caveated when thin.",LIVE,B
CONT-0465,ContentOS -> Content,Content Signals panel,Recommended Mix — Credibility,DERIVED,"Same computeDemand() as CONT-0464, mix.credibility",Same formula as CONT-0464,%,"Selected date range (range.from-range.to), default trailing 30 days — content-signals.server.ts:80-93","content-signals.functions.ts:5-10 orgOf() resolves org_id from memberships by userId (requireSupabaseAuth-gated), then every query in content-signals.server.ts filters .eq(""org_id"", orgId)",Same as CONT-0464,Same,N/A,LIVE,B,,"CONT-0464 (same computation, different mechanism key)",,LIVE,B
CONT-0466,ContentOS -> Content,Content Signals panel,Recommended Mix — Authoritative,DERIVED,"Same computeDemand(), mix.authoritative",Same formula as CONT-0464,%,"Selected date range (range.from-range.to), default trailing 30 days — content-signals.server.ts:80-93","content-signals.functions.ts:5-10 orgOf() resolves org_id from memberships by userId (requireSupabaseAuth-gated), then every query in content-signals.server.ts filters .eq(""org_id"", orgId)",Same as CONT-0464,Same,N/A,LIVE,B,,CONT-0464,,LIVE,B
CONT-0467,ContentOS -> Content,Content Signals panel,Recommended Mix — Relatability (target reels/gap/weight per mechanism),DERIVED,"mix.relatability plus per-mechanism reel target/gap/weight, content-signals-panel.tsx:388-444","reels = reelSplit(mix, reelTarget) apportioning the weekly reel target by mix % (src/lib/content-mechanisms.ts reelSplit()); gap = reels - weekly.per[k].count; weight = sum of that mechanism's driver weights","% (mix), count (reels/gap), weight units (kWeight)","Selected date range (range.from-range.to), default trailing 30 days — content-signals.server.ts:80-93","content-signals.functions.ts:5-10 orgOf() resolves org_id from memberships by userId (requireSupabaseAuth-gated), then every query in content-signals.server.ts filters .eq(""org_id"", orgId)",Same as CONT-0464 plus computeWeeklyContentCheck() for `posted`,"""Why N%?"" drill-down same as CONT-0464",N/A,LIVE,B,,CONT-0464,"""Weekly reel target"" is an editable session-local number (content-signals-panel.tsx:366-376) seeded from workspace settings (content_engine.weeklyReelTarget) but a local edit here does not persist back — see content.tsx:306-313 comment.",LIVE,B
CONT-0468,ContentOS -> Content,Content Signals panel,Weekly Check — Reels posted,AGGREGATED,weekly.reels (content-signals.server.ts:405-407),"count of content_pieces with platform in ('reel','tiktok','youtube_short') created in the last 7 days",count,Fixed trailing 7 days from now(); does NOT respect the page's date-range picker — content-signals.server.ts:353,"content-signals.functions.ts:5-10 orgOf() resolves org_id from memberships by userId (requireSupabaseAuth-gated), then every query in content-signals.server.ts filters .eq(""org_id"", orgId)",content_pieces,"Clicking the stat opens MetricDetailPanel of the real reel pieces (content-signals-panel.tsx:522-528,607-620)",N/A,LIVE,A,,,"Target ""5-7"" shown in the sub-label is a fixed hint, not the configurable weeklyReelTarget used elsewhere on the page — inconsistency worth flagging.",LIVE,A
CONT-0469,ContentOS -> Content,Content Signals panel,Weekly Check — categories covered,STATUS,weekly.missing.length===0 (content-signals.server.ts:408),MECHANISM_KEYS.filter(k => per[k].count===0) — which of the 4 mechanisms had zero posts this week,boolean + count,Fixed trailing 7 days from now(); does NOT respect the page's date-range picker — content-signals.server.ts:353,"content-signals.functions.ts:5-10 orgOf() resolves org_id from memberships by userId (requireSupabaseAuth-gated), then every query in content-signals.server.ts filters .eq(""org_id"", orgId)",content_pieces,None (no drill-down on this stat),N/A,LIVE,A,,,,LIVE,A
CONT-0470,ContentOS -> Content,Content Signals panel,Untagged pieces,AGGREGATED,"weekly.per['untagged'].count (content-signals.server.ts:381,384-386)",count of content_pieces (last 7 days) with mechanism IS NULL,count,Fixed trailing 7 days from now(); does NOT respect the page's date-range picker — content-signals.server.ts:353,"content-signals.functions.ts:5-10 orgOf() resolves org_id from memberships by userId (requireSupabaseAuth-gated), then every query in content-signals.server.ts filters .eq(""org_id"", orgId)",content_pieces,"Click opens MetricDetailPanel of the real untagged rows (content-signals-panel.tsx:540-545,607-620)",N/A,LIVE,A,,,"Same underlying count also drives the Root Cause chain's ""mix"" gap (CONT-0463).",LIVE,A
CONT-0471,ContentOS -> Content,Content Signals panel,Best/worst mechanism (top/worst mechanism),DERIVED,weekly.best / weekly.worst + weekly.worstDiagnosis (content-signals.server.ts:409-474),"score(k) = per[k].dms + per[k].calls*3; best = highest score, worst = lowest score among mechanisms with count>0; worstDiagnosis classifies each worst-mechanism piece via classifyPerformance() against its own (mechanism x platform) trailing baseline (content-performance.ts + content-performance.server.ts fetchBaseline())",text label + detail sentence,Fixed trailing 7 days from now(); does NOT respect the page's date-range picker — content-signals.server.ts:353,"content-signals.functions.ts:5-10 orgOf() resolves org_id from memberships by userId (requireSupabaseAuth-gated), then every query in content-signals.server.ts filters .eq(""org_id"", orgId)","content_pieces + content_metrics, plus a historical baseline window fetched per (mechanism,platform) bucket","None directly, but the underlying pieces are the same ones shown via CONT-0468/0470's drill-downs",N/A,LIVE,B,,,"Diagnosis is bucket-relative (own account's own trailing baseline), never an absolute/industry threshold — matches the app's stated no-fabricated-thresholds design principle.",LIVE,B
CONT-0472,ContentOS -> Content,Content Signals panel,Drivers Log,EVENT,"demand.drivers (content-signals.server.ts:133-262), rendered by DriversLogCard (content-signals-panel.tsx:663-726)","Each driver is one real signal record (an FAQ video, a setter-call signal, an onboarding intake, or a strong-performing reel) with its computed weight — not an aggregate",list of records + weight,"Selected date range (range.from-range.to), default trailing 30 days — content-signals.server.ts:80-93","content-signals.functions.ts:5-10 orgOf() resolves org_id from memberships by userId (requireSupabaseAuth-gated), then every query in content-signals.server.ts filters .eq(""org_id"", orgId)",faq_videos / setter_call_signals / onboarding_responses / content_pieces,Clicking a driver row opens its own MetricDetailPanel (content-signals-panel.tsx:713-723),N/A,LIVE,A,,,Capped at the top 24 drivers by weight (content-signals.server.ts:305).,LIVE,A
CONT-0473,ContentOS -> Content,Content Signals panel,AI Bottleneck Read — Finding,OTHER,"insight.finding, from analyzeContentSystem() -> gatewayInsights() (content-signals.server.ts:509-587,590-886), Lovable AI Gateway call (model openai/gpt-5.6-sol)","AI-generated text, forced into structured JSON via tool-calling (content-signals.server.ts:521-563); not a formula",text,"Selected date range (range.from-range.to), default trailing 30 days — content-signals.server.ts:80-93","content-signals.functions.ts:5-10 orgOf() resolves org_id from memberships by userId (requireSupabaseAuth-gated), then every query in content-signals.server.ts filters .eq(""org_id"", orgId)",Aggregates content_pieces/content_metrics/vsl_metric_snapshots/faq_videos/setter_call_signals/calls/payments/onboarding_responses (content-signals.server.ts:600-668) into one prompt payload,"""Supporting records"" chips list the relevant record identifiers cited by the AI (content-signals-panel.tsx:831-846)",AI is explicitly instructed to caveat attribution/revenue claims via `attributionLimitations` (content-signals.server.ts:881; prompt spec at :867-883),PARTIALLY CONNECTED,B,"Lovable AI Gateway (process.env.LOVABLE_API_KEY) — real integration, not mocked, but depends on that key being configured (content-signals.server.ts:510-511 returns status:""not_configured"" otherwise)",,"Real, working AI call grounded in real query results (not fabricated), but its availability depends on an operator-supplied API key. Renders explicit ""AI is not configured"" / ""AI error"" / rate-limit states rather than silently failing (content-signals-panel.tsx:775-787).",PARTIALLY CONNECTED,B
CONT-0474,ContentOS -> Content,Content Signals panel,AI Bottleneck Read — Evidence,OTHER,"insight.supportingData, same call as CONT-0473","AI-generated, instructed to cite ""the exact numbers from the data below"" (content-signals.server.ts:875)",text,"Selected date range (range.from-range.to), default trailing 30 days — content-signals.server.ts:80-93","content-signals.functions.ts:5-10 orgOf() resolves org_id from memberships by userId (requireSupabaseAuth-gated), then every query in content-signals.server.ts filters .eq(""org_id"", orgId)",Same as CONT-0473,Same,Same as CONT-0473,PARTIALLY CONNECTED,B,Lovable AI Gateway,CONT-0473,,PARTIALLY CONNECTED,B
CONT-0475,ContentOS -> Content,Content Signals panel,AI Bottleneck Read — Why it matters,OTHER,"insight.whyItMatters, same call",AI-generated,text,"Selected date range (range.from-range.to), default trailing 30 days — content-signals.server.ts:80-93","content-signals.functions.ts:5-10 orgOf() resolves org_id from memberships by userId (requireSupabaseAuth-gated), then every query in content-signals.server.ts filters .eq(""org_id"", orgId)",Same as CONT-0473,Same,N/A,PARTIALLY CONNECTED,B,Lovable AI Gateway,CONT-0473,,PARTIALLY CONNECTED,B
CONT-0476,ContentOS -> Content,Content Signals panel,AI Bottleneck Read — Recommended action,OTHER,"insight.recommendedAction, same call",AI-generated,text,"Selected date range (range.from-range.to), default trailing 30 days — content-signals.server.ts:80-93","content-signals.functions.ts:5-10 orgOf() resolves org_id from memberships by userId (requireSupabaseAuth-gated), then every query in content-signals.server.ts filters .eq(""org_id"", orgId)",Same as CONT-0473,Same,N/A,PARTIALLY CONNECTED,B,Lovable AI Gateway,CONT-0473,,PARTIALLY CONNECTED,B
CONT-0477,ContentOS -> Content,Content Signals panel,AI Bottleneck Read — Confidence,OTHER,"insight.confidence, enum forced by the tool schema to high|medium|low (content-signals.server.ts:538)","AI-assigned, instructed to be ""low whenever the sample size is small or the data is bucketed as not-enough-data"" (content-signals.server.ts:878)",categorical,"Selected date range (range.from-range.to), default trailing 30 days — content-signals.server.ts:80-93","content-signals.functions.ts:5-10 orgOf() resolves org_id from memberships by userId (requireSupabaseAuth-gated), then every query in content-signals.server.ts filters .eq(""org_id"", orgId)",Same as CONT-0473,"Rendered as a colored badge (content-signals-panel.tsx:728-733,816-824)",N/A,PARTIALLY CONNECTED,B,Lovable AI Gateway,CONT-0473,,PARTIALLY CONNECTED,B
CONT-0478,ContentOS -> Content,Content Signals panel,AI Bottleneck Read — Sample size,OTHER,insight.sampleSize (content-signals.server.ts:539),"AI-stated denominator in words, instructed to be ""the exact count/denominator behind the finding"" (content-signals.server.ts:879)",text,"Selected date range (range.from-range.to), default trailing 30 days — content-signals.server.ts:80-93","content-signals.functions.ts:5-10 orgOf() resolves org_id from memberships by userId (requireSupabaseAuth-gated), then every query in content-signals.server.ts filters .eq(""org_id"", orgId)",Same as CONT-0473,Same,N/A,PARTIALLY CONNECTED,B,Lovable AI Gateway,CONT-0473,"AI-generated text, not a server-computed count — trusts the model to transcribe a real number from the prompt payload rather than the server independently verifying it.",PARTIALLY CONNECTED,B
CONT-0479,ContentOS -> Content,Content Signals panel,Setter Signals — Beliefs,EVENT,"setter_call_signals.limiting_beliefs (text[]), src/components/setter-signals-panel.tsx:41-52; written via logSetterSignalFn -> extractSetterSignals() AI screen (content-signals.functions.ts:59-95, content-signals.server.ts:888-919)","AI-extracted list from a pasted transcript/notes, forced JSON (content-signals.server.ts:897-898)",list of text,"None — snapshot of current row/record state, not time-windowed (query filtered to the selected page date range via call_date — setter-signals-panel.tsx:44)","content-signals.functions.ts:5-10 orgOf() resolves org_id from memberships by userId (requireSupabaseAuth-gated), then every query in content-signals.server.ts filters .eq(""org_id"", orgId)",setter_call_signals,Row itself in the Setter Signals list,N/A,LIVE,B,Lovable AI Gateway for the extraction step; the raw transcript/notes themselves are always manually pasted (no call-recording integration),,"Also auto-ingested right after a call is logged via autoIngestCallSignalFn (content-signals.functions.ts:103-132), not only the manual-paste flow.",LIVE,B
CONT-0480,ContentOS -> Content,Content Signals panel,Setter Signals — Objections,EVENT,"setter_call_signals.objections (text[]), same source as CONT-0479",Same AI extraction,list of text,Same as CONT-0479,"content-signals.functions.ts:5-10 orgOf() resolves org_id from memberships by userId (requireSupabaseAuth-gated), then every query in content-signals.server.ts filters .eq(""org_id"", orgId)",setter_call_signals,Same,N/A,LIVE,B,Lovable AI Gateway,CONT-0479,,LIVE,B
CONT-0481,ContentOS -> Content,Availability tiles,Audience snapshot,OTHER,"Hardcoded literal ""Not connected"" (content-command-center.tsx:1224 value=""Not connected"")",None,text,N/A,N/A,None,None,UNAVAILABLE,NOT AVAILABLE,D,"Instagram/TikTok/YouTube Business/Creator APIs (account-level followers, demographics, countries, cities) — no connector rows or env vars found for any social platform API in this repo (grep of src/routes/api/public/* shows only stripe/paypal/wise/fanbasis/whop/typeform webhook routes)",,"Explicitly documented in the UI copy itself as needing ""an account-level source"" (content-command-center.tsx:1225).",NOT AVAILABLE,D
CONT-0482,ContentOS -> Content,Availability tiles,Stories (slide views),AGGREGATED,"storiesSummary query (content.tsx:597-635), reading story_slides LEFT JOIN slide_metrics",sum(slide_metrics.views) across all story_slides for the org; sequencesTracked = distinct content_id count; avgExitRatePct = totalExits/totalViews*100,"count (views), count (sequences/slides), %","None — all rows for the org, no date filter in the query","content.tsx:607 .eq(""org_id"", orgId!) on story_slides (slide_metrics joined via FK, no separate org filter needed since story_slides is already org-scoped)",story_slides LEFT JOIN slide_metrics,None on the tile itself; the underlying data is managed via the Slides panel (CONT-0516/0517),N/A,LIVE,A,,,"Code comment (content.tsx:593-596) states this replaced a previously-hardcoded ""Not connected"" card — real fix, verified against real tables.",LIVE,A
CONT-0483,ContentOS -> Content,Availability tiles,Retention,AGGREGATED,stats.averageWatchPct (content-command-center.tsx:409-420),avg(avg_watch_pct ?? hook_retention_pct ?? 0) over pieces where any of avg_watch_pct/hook_retention_pct/watch_time_seconds is non-null,%,"Unranged: latest 200 content_pieces ordered by posted_at desc (page date-range picker does NOT filter this — content.tsx:998 passes the raw `pieces` query result to ContentCommandCenter, not the range-filtered `perf` variable computed at content.tsx:791-864)","content.tsx:585 .eq(""org_id"", orgId!) on the content_pieces query (content.tsx:580-590)",content_pieces + content_metrics,None,N/A,LIVE,A,,,All source fields are manually typed in the Log content dialog — not independently measured.,LIVE,A
CONT-0484,ContentOS -> Content,Availability tiles,Replay depth,DERIVED,stats.averageReplayDepth (content-command-center.tsx:402-408),"sum(views) / sum(reach), over pieces where both reach>0 and views is logged",ratio (x),"Unranged: latest 200 content_pieces ordered by posted_at desc (page date-range picker does NOT filter this — content.tsx:998 passes the raw `pieces` query result to ContentCommandCenter, not the range-filtered `perf` variable computed at content.tsx:791-864)","content.tsx:585 .eq(""org_id"", orgId!) on the content_pieces query (content.tsx:580-590)",content_pieces + content_metrics,None on the tile; same underlying formula as the per-row Replay column (CONT-0461),N/A,LIVE,A,,"CONT-0461 (same views/reach formula, aggregated vs. per-row)",,LIVE,A
CONT-0485,ContentOS -> Content,Table view columns,Title,RAW,content_pieces.title (content.tsx:1116-1119),N/A,text,"None — all rows for the org, no date filter in the query","content.tsx:585 .eq(""org_id"", orgId!) on the content_pieces query (content.tsx:580-590)",None,Click opens the Overview dialog (CONT-0518 group),N/A,LIVE,A,,,"Table tab shows ALL content_pieces (up to 200), not date-range filtered.",LIVE,A
CONT-0486,ContentOS -> Content,Table view columns,Platform,RAW,content_pieces.platform (content.tsx:1122-1124),N/A,text (enum),"None — all rows for the org, no date filter in the query","content.tsx:585 .eq(""org_id"", orgId!) on the content_pieces query (content.tsx:580-590)",None,Row itself,N/A,LIVE,A,,,"This column shows the raw `platform` enum (which is really a FORMAT — reel/carousel/story_sequence/etc, see platform-format.ts doc comment), not the true brand platform (source_platform). Labeled ""Platform"" in the UI, which is the same naming ambiguity flagged elsewhere (CONT-0447/0456).",LIVE,A
CONT-0487,ContentOS -> Content,Table view columns,Angle,RAW,content_pieces.angle (content.tsx:1125),N/A,text (enum: authority/story/contrarian/tutorial/case_study/aspirational/fear/social_proof),"None — all rows for the org, no date filter in the query","content.tsx:585 .eq(""org_id"", orgId!) on the content_pieces query (content.tsx:580-590)",None,Row itself,N/A,LIVE,A,,,,LIVE,A
CONT-0488,ContentOS -> Content,Table view columns,Funnel,RAW,content_pieces.funnel_stage (content.tsx:1126-1136),N/A,text (TOF/MOF/BOF),"None — all rows for the org, no date filter in the query","content.tsx:585 .eq(""org_id"", orgId!) on the content_pieces query (content.tsx:580-590)",None,Row itself,N/A,LIVE,A,,,,LIVE,A
CONT-0489,ContentOS -> Content,Table view columns,Link,RAW,content_pieces.url (content.tsx:1137-1151),N/A,URL,"None — all rows for the org, no date filter in the query","content.tsx:585 .eq(""org_id"", orgId!) on the content_pieces query (content.tsx:580-590)",None,Opens the real external post in a new tab,N/A,LIVE,A,,,,LIVE,A
CONT-0490,ContentOS -> Content,Table view columns,Views,RAW,"content_metrics.views, first array element (content.tsx:1091,1152-1154 — no explicit ORDER BY captured_at on this query, unlike content-command-center.tsx's metricOf() which sorts)",N/A,count,"None — all rows for the org, no date filter in the query","content.tsx:585 .eq(""org_id"", orgId!) on the content_pieces query (content.tsx:580-590)",content_pieces LEFT JOIN content_metrics,Row itself,N/A,LIVE,A,,,"In practice each content_pieces row has at most one content_metrics row (the save mutation upserts a single row, content.tsx:691-709), so the missing ORDER BY is currently harmless.",LIVE,A
CONT-0491,ContentOS -> Content,Table view columns,Leads,RAW,content_metrics.leads_generated (content.tsx:1155-1157),N/A,count,"None — all rows for the org, no date filter in the query","content.tsx:585 .eq(""org_id"", orgId!) on the content_pieces query (content.tsx:580-590)",Same as CONT-0490,Row itself,N/A,LIVE,A,,,,LIVE,A
CONT-0492,ContentOS -> Content,Table view columns,Closes,OTHER,"Hardcoded ""Not tracked"" (content.tsx:1161-1163)",None — content_metrics.closes has no write path (see CONT-0444),count,N/A,N/A,None,None,UNAVAILABLE,PLACEHOLDER,D,No evidence of intended source,CONT-0444,,PLACEHOLDER,D
CONT-0493,ContentOS -> Content,Table view columns,Cash,OTHER,"Hardcoded ""Not tracked"" (content.tsx:1164-1166)",None — content_metrics.cash_collected_cents has no write path,$,N/A,N/A,None,None,UNAVAILABLE,PLACEHOLDER,D,No evidence of intended source,"CONT-0444, CONT-0462",,PLACEHOLDER,D
CONT-0494,ContentOS -> Content,Table view columns,Retention,RAW,content_metrics.hook_retention_pct (content.tsx:1167-1169),N/A,%,"None — all rows for the org, no date filter in the query","content.tsx:585 .eq(""org_id"", orgId!) on the content_pieces query (content.tsx:580-590)",Same as CONT-0490,Row itself,N/A,LIVE,A,,,"Manually typed value, not computed.",LIVE,A
CONT-0495,ContentOS -> Content,Log content dialog fields,Views,RAW,"form field name=""views"" -> content_metrics.views (content.tsx:637-718 (save mutation) writes content_metrics; the field itself is a plain manually-typed number input in ContentForm (content.tsx:1365-1854); input at content.tsx:1665-1667)",N/A (manual entry),count,"None — snapshot of current row/record state, not time-windowed","content.tsx:585 .eq(""org_id"", orgId!) on the content_pieces query (content.tsx:580-590)",Writes content_metrics,N/A,N/A,LIVE,A,Native platform analytics could auto-fill this,,,LIVE,A
CONT-0496,ContentOS -> Content,Log content dialog fields,Reach,RAW,"form field ""reach"" -> content_metrics.reach (content.tsx:1668-1671)",N/A,count,"None — snapshot of current row/record state, not time-windowed","content.tsx:585 .eq(""org_id"", orgId!) on the content_pieces query (content.tsx:580-590)",Writes content_metrics,N/A,N/A,LIVE,A,,,,LIVE,A
CONT-0497,ContentOS -> Content,Log content dialog fields,Leads,RAW,"form field ""leads"" -> content_metrics.leads_generated (content.tsx:670,1672-1675)",N/A,count,"None — snapshot of current row/record state, not time-windowed","content.tsx:585 .eq(""org_id"", orgId!) on the content_pieces query (content.tsx:580-590)",Writes content_metrics,N/A,N/A,LIVE,A,,,,LIVE,A
CONT-0498,ContentOS -> Content,Log content dialog fields,Hook retention %,RAW,"form field ""retention"" -> content_metrics.hook_retention_pct (content.tsx:671,1676-1686)","N/A — manually typed, NOT computed despite the % unit",%,"None — snapshot of current row/record state, not time-windowed","content.tsx:585 .eq(""org_id"", orgId!) on the content_pieces query (content.tsx:580-590)",Writes content_metrics,N/A,N/A,LIVE,A,,,"Input list tags this DERIVED — incorrect; it is a raw manual-entry field, confirmed by the plain <Input type=""number""> at content.tsx:1678-1685 with no computation.",LIVE,A
CONT-0499,ContentOS -> Content,Log content dialog fields,Avg watch %,RAW,"form field ""avg_watch_pct"" -> content_metrics.avg_watch_pct (content.tsx:672,1687-1697)",N/A — manual entry,%,"None — snapshot of current row/record state, not time-windowed","content.tsx:585 .eq(""org_id"", orgId!) on the content_pieces query (content.tsx:580-590)",Writes content_metrics,N/A,N/A,LIVE,A,,,Same DERIVED mislabel as CONT-0498.,LIVE,A
CONT-0500,ContentOS -> Content,Log content dialog fields,Watch time,RAW,"form field ""watch_time_seconds"" -> content_metrics.watch_time_seconds (content.tsx:673,1704-1712)",N/A,seconds,"None — snapshot of current row/record state, not time-windowed","content.tsx:585 .eq(""org_id"", orgId!) on the content_pieces query (content.tsx:580-590)",Writes content_metrics,N/A,N/A,LIVE,A,,,,LIVE,A
CONT-0501,ContentOS -> Content,Log content dialog fields,3 sec hold %,RAW,"form field ""three_sec_hold_pct"" -> content_metrics.three_sec_hold_pct (content.tsx:674,1713-1723)",N/A — manual entry,%,"None — snapshot of current row/record state, not time-windowed","content.tsx:585 .eq(""org_id"", orgId!) on the content_pieces query (content.tsx:580-590)",Writes content_metrics,N/A,N/A,LIVE,A,,,Mislabeled DERIVED in the input list.,LIVE,A
CONT-0502,ContentOS -> Content,Log content dialog fields,10 sec retention %,RAW,"form field ""ten_sec_retention_pct"" -> content_metrics.ten_sec_retention_pct (content.tsx:675,1724-1734)",N/A — manual entry,%,"None — snapshot of current row/record state, not time-windowed","content.tsx:585 .eq(""org_id"", orgId!) on the content_pieces query (content.tsx:580-590)",Writes content_metrics,N/A,N/A,LIVE,A,,,Mislabeled DERIVED in the input list.,LIVE,A
CONT-0503,ContentOS -> Content,Log content dialog fields,Drop-off seconds/%,RAW,"TWO distinct fields: form ""drop_off_seconds"" -> content_metrics.drop_off_seconds (content.tsx:676,1736-1743) AND form ""drop_off_rate_pct"" -> content_metrics.drop_off_rate_pct (content.tsx:688,1761-1770)","N/A — both manual entry, not one computed field",seconds AND %,"None — snapshot of current row/record state, not time-windowed","content.tsx:585 .eq(""org_id"", orgId!) on the content_pieces query (content.tsx:580-590)",Writes content_metrics,N/A,N/A,LIVE,A,,,The input list's single row conflates two separate DB columns/form fields.,LIVE,A
CONT-0504,ContentOS -> Content,Log content dialog fields,Likes,RAW,"form ""likes"" -> content_metrics.likes (content.tsx:677,1745-1747)",N/A,count,"None — snapshot of current row/record state, not time-windowed","content.tsx:585 .eq(""org_id"", orgId!) on the content_pieces query (content.tsx:580-590)",Writes content_metrics,N/A,N/A,LIVE,A,,,,LIVE,A
CONT-0505,ContentOS -> Content,Log content dialog fields,Comments,RAW,"form ""comments"" -> content_metrics.comments (content.tsx:678,1749-1751)",N/A,count,"None — snapshot of current row/record state, not time-windowed","content.tsx:585 .eq(""org_id"", orgId!) on the content_pieces query (content.tsx:580-590)",Writes content_metrics,N/A,N/A,LIVE,A,,,,LIVE,A
CONT-0506,ContentOS -> Content,Log content dialog fields,Shares,RAW,"form ""shares"" -> content_metrics.shares (content.tsx:679,1753-1755)",N/A,count,"None — snapshot of current row/record state, not time-windowed","content.tsx:585 .eq(""org_id"", orgId!) on the content_pieces query (content.tsx:580-590)",Writes content_metrics,N/A,N/A,LIVE,A,,,"Input list tags unit=% — incorrect, this is a plain count field with no % anywhere in the schema/UI for shares.",LIVE,A
CONT-0507,ContentOS -> Content,Log content dialog fields,Saves,RAW,"form ""saves"" -> content_metrics.saves (content.tsx:680,1757-1759)",N/A,count,"None — snapshot of current row/record state, not time-windowed","content.tsx:585 .eq(""org_id"", orgId!) on the content_pieces query (content.tsx:580-590)",Writes content_metrics,N/A,N/A,LIVE,A,,,,LIVE,A
CONT-0508,ContentOS -> Content,Log content dialog fields,Follower views,RAW,"form ""follower_views"" -> content_metrics.follower_views (content.tsx:681,1772-1779)",N/A,count,"None — snapshot of current row/record state, not time-windowed","content.tsx:585 .eq(""org_id"", orgId!) on the content_pieces query (content.tsx:580-590)",Writes content_metrics,N/A,N/A,LIVE,A,,,,LIVE,A
CONT-0509,ContentOS -> Content,Log content dialog fields,Non-follower views,RAW,"form ""non_follower_views"" -> content_metrics.non_follower_views (content.tsx:682,1781-1788)",N/A,count,"None — snapshot of current row/record state, not time-windowed","content.tsx:585 .eq(""org_id"", orgId!) on the content_pieces query (content.tsx:580-590)",Writes content_metrics,N/A,N/A,LIVE,A,,,,LIVE,A
CONT-0510,ContentOS -> Content,Log content dialog fields,Followers gained,RAW,"form ""followers_gained"" -> content_metrics.followers_gained (content.tsx:683,1790-1797)",N/A,count,"None — snapshot of current row/record state, not time-windowed","content.tsx:585 .eq(""org_id"", orgId!) on the content_pieces query (content.tsx:580-590)",Writes content_metrics,N/A,N/A,LIVE,A,,CONT-0443 (per-piece source of that KPI's sum),,LIVE,A
CONT-0511,ContentOS -> Content,Log content dialog fields,Profile visits,RAW,"form ""profile_visits"" -> content_metrics.profile_visits (content.tsx:684,1799-1806)",N/A,count,"None — snapshot of current row/record state, not time-windowed","content.tsx:585 .eq(""org_id"", orgId!) on the content_pieces query (content.tsx:580-590)",Writes content_metrics,N/A,N/A,LIVE,A,,,,LIVE,A
CONT-0512,ContentOS -> Content,Log content dialog fields,DMs generated,RAW,"form ""dms_generated"" -> content_metrics.dms_generated (content.tsx:685,1808-1815)","N/A — manual entry, a count not a %",count,"None — snapshot of current row/record state, not time-windowed","content.tsx:585 .eq(""org_id"", orgId!) on the content_pieces query (content.tsx:580-590)",Writes content_metrics,N/A,N/A,LIVE,A,,,Input list tags unit=% — incorrect; this is a plain integer count field.,LIVE,A
CONT-0513,ContentOS -> Content,Log content dialog fields,Calls booked,RAW,"form ""calls_booked"" -> content_metrics.calls_booked (content.tsx:686,1817-1824)",N/A,count,"None — snapshot of current row/record state, not time-windowed","content.tsx:585 .eq(""org_id"", orgId!) on the content_pieces query (content.tsx:580-590)",Writes content_metrics,N/A,N/A,LIVE,A,,,,LIVE,A
CONT-0514,ContentOS -> Content,Log content dialog fields,Engagement rate %,RAW,"form ""engagement_rate_pct"" -> content_metrics.engagement_rate_pct (content.tsx:687,1826-1835)","N/A — manually typed, NOT auto-computed from likes/comments/saves/shares/views despite the KPI row computing an equivalent metric itself",%,"None — snapshot of current row/record state, not time-windowed","content.tsx:585 .eq(""org_id"", orgId!) on the content_pieces query (content.tsx:580-590)",Writes content_metrics,N/A,N/A,LIVE,A,,,Distinct from the computed Engagement Rate KPI (CONT-0441) — this per-piece value can drift from what the app itself would calculate from the same piece's likes/comments/saves/shares/views.,LIVE,A
CONT-0515,ContentOS -> Content,Log content dialog fields,CTA conversion %,RAW,"form ""cta_conversion_pct"" -> content_metrics.cta_conversion_pct (content.tsx:689,1837-1846)",N/A — manual entry,%,"None — snapshot of current row/record state, not time-windowed","content.tsx:585 .eq(""org_id"", orgId!) on the content_pieces query (content.tsx:580-590)",Writes content_metrics,N/A,N/A,LIVE,A,,,"Not read back anywhere else on this page's KPIs/charts — write-only field beyond the Overview dialog isn't shown either (not in the Overview dialog's field list, CONT-0518 group).",LIVE,A
CONT-0516,ContentOS -> Content,Slides panel,Views,RAW,"slide_metrics.views, written via the ""Add slide"" form (content.tsx:1895-1904, form input at 1977)",N/A (manual entry),count,"None — snapshot of current row/record state, not time-windowed","content.tsx:607 .eq(""org_id"", orgId!) on story_slides (slide_metrics joined via FK, no separate org filter needed since story_slides is already org-scoped)",story_slides + slide_metrics (content.tsx:1866-1879),Row itself in the slide list; also plotted in the drop-off line chart (content.tsx:1913-1936),N/A,LIVE,A,,,"Only reachable for platform=""story_sequence"" pieces (content.tsx:1180-1190 Slides button gate).",LIVE,A
CONT-0517,ContentOS -> Content,Slides panel,Exits per slide,RAW+DERIVED,"slide_metrics.exits (raw, manual entry, content.tsx:1899,1978); dropoff % is derived client-side: exits/views*100 (content.tsx:1940)",dropoff = round(exits / views * 100),count (raw exits) and % (derived dropoff),"None — snapshot of current row/record state, not time-windowed","content.tsx:607 .eq(""org_id"", orgId!) on story_slides (slide_metrics joined via FK, no separate org filter needed since story_slides is already org-scoped)",Same as CONT-0516,"Row itself; chart's red ""exits"" line",N/A,LIVE,A,,,,LIVE,A
CONT-0518,ContentOS -> Content,Overview dialog,Views,RAW,content_metrics.views (content.tsx:2085),N/A,count,"None — all rows for the org, no date filter in the query","content.tsx:585 .eq(""org_id"", orgId!) on the content_pieces query (content.tsx:580-590)",content_pieces + content_metrics,This IS the drill-down surface (opened from Table/Calendar rows),N/A,LIVE,A,,,,LIVE,A
CONT-0519,ContentOS -> Content,Overview dialog,Leads,RAW,content_metrics.leads_generated (content.tsx:2086),N/A,count,"None — all rows for the org, no date filter in the query","content.tsx:585 .eq(""org_id"", orgId!) on the content_pieces query (content.tsx:580-590)",Same,Same,N/A,LIVE,A,,,,LIVE,A
CONT-0520,ContentOS -> Content,Overview dialog,Closes,OTHER,"Hardcoded ""Not tracked"" (content.tsx:2090)",None — content_metrics.closes has no write path,count,N/A,N/A,None,Same dialog,UNAVAILABLE,PLACEHOLDER,D,No evidence of intended source,"CONT-0444, CONT-0462, CONT-0492",,PLACEHOLDER,D
CONT-0521,ContentOS -> Content,Overview dialog,Cash,OTHER,"Hardcoded ""Not tracked"" (content.tsx:2091)",None — content_metrics.cash_collected_cents has no write path,$,N/A,N/A,None,Same dialog,UNAVAILABLE,PLACEHOLDER,D,No evidence of intended source,"CONT-0444, CONT-0462, CONT-0493",,PLACEHOLDER,D
CONT-0522,ContentOS -> Content,Overview dialog,Retention,RAW,content_metrics.hook_retention_pct (content.tsx:2092),N/A,%,"None — all rows for the org, no date filter in the query","content.tsx:585 .eq(""org_id"", orgId!) on the content_pieces query (content.tsx:580-590)",Same,Same,N/A,LIVE,A,,,,LIVE,A
CONT-0523,ContentOS -> Content,Overview dialog,Likes,RAW,content_metrics.likes (content.tsx:2103),N/A,count,"None — all rows for the org, no date filter in the query","content.tsx:585 .eq(""org_id"", orgId!) on the content_pieces query (content.tsx:580-590)",Same,Same,N/A,LIVE,A,,,,LIVE,A
CONT-0524,ContentOS -> Content,Overview dialog,Comments,RAW,content_metrics.comments (content.tsx:2104),N/A,count,"None — all rows for the org, no date filter in the query","content.tsx:585 .eq(""org_id"", orgId!) on the content_pieces query (content.tsx:580-590)",Same,Same,N/A,LIVE,A,,,,LIVE,A
CONT-0525,ContentOS -> Content,Overview dialog,Shares,RAW,content_metrics.shares (content.tsx:2105),N/A,count,"None — all rows for the org, no date filter in the query","content.tsx:585 .eq(""org_id"", orgId!) on the content_pieces query (content.tsx:580-590)",Same,Same,N/A,LIVE,A,,,"Input list tags unit=% — incorrect, plain count.",LIVE,A
CONT-0526,ContentOS -> Content,Overview dialog,Saves,RAW,content_metrics.saves (content.tsx:2106),N/A,count,"None — all rows for the org, no date filter in the query","content.tsx:585 .eq(""org_id"", orgId!) on the content_pieces query (content.tsx:580-590)",Same,Same,N/A,LIVE,A,,,,LIVE,A
CONT-0527,ContentOS -> Content,Overview dialog,Follower views,RAW,content_metrics.follower_views (content.tsx:2107),N/A,count,"None — all rows for the org, no date filter in the query","content.tsx:585 .eq(""org_id"", orgId!) on the content_pieces query (content.tsx:580-590)",Same,Same,N/A,LIVE,A,,,,LIVE,A
CONT-0528,ContentOS -> Content,Overview dialog,Non-follower views,RAW,content_metrics.non_follower_views (content.tsx:2108),N/A,count,"None — all rows for the org, no date filter in the query","content.tsx:585 .eq(""org_id"", orgId!) on the content_pieces query (content.tsx:580-590)",Same,Same,N/A,LIVE,A,,,,LIVE,A
CONT-0529,ContentOS -> Content,Overview dialog,Engagement rate,RAW,content_metrics.engagement_rate_pct (content.tsx:2109),"N/A — displays the manually-typed value, not a recomputation",%,"None — all rows for the org, no date filter in the query","content.tsx:585 .eq(""org_id"", orgId!) on the content_pieces query (content.tsx:580-590)",Same,Same,N/A,LIVE,A,,,Same field as CONT-0514.,LIVE,A
CONT-0530,ContentOS -> Content,Overview dialog,Drop-off rate,RAW,content_metrics.drop_off_rate_pct (content.tsx:2110),N/A,%,"None — all rows for the org, no date filter in the query","content.tsx:585 .eq(""org_id"", orgId!) on the content_pieces query (content.tsx:580-590)",Same,Same,N/A,LIVE,A,,,Same field written by CONT-0503's second half.,LIVE,A
CONT-0531,ContentOS -> Content Calendar,Hero,Scheduled this month,AGGREGATED,"monthPieces.length (content-calendar.tsx:390), monthPieces = pieces filtered client-side to the visible calendar month (content-calendar.tsx:366-368)",count(content_pieces where scheduled_date is in the visible month),count,"Current calendar month shown in the client-side month cursor (all-time underlying data, just filtered to the visible month)","content-calendar.tsx:243 .eq(""org_id"", orgId!) on the content_pieces schedule query",content_pieces (scheduled_date is not null) — content-calendar.tsx:238-249,Calendar grid cells below list the same pieces,N/A,LIVE,A,,,,LIVE,A
CONT-0532,ContentOS -> Content Calendar,Hero,Ready to post,AGGREGATED,monthPieces.filter(pipeline_status==='ready_to_post').length (content-calendar.tsx:391),N/A,count,"Current calendar month shown in the client-side month cursor (all-time underlying data, just filtered to the visible month)","content-calendar.tsx:243 .eq(""org_id"", orgId!) on the content_pieces schedule query",content_pieces,"Content Pipeline's ""Ready to Post"" column below (CONT-0544)",N/A,LIVE,A,,"CONT-0544 (same status value, different scope: hero counts scheduled pieces this month, pipeline column counts ALL pieces org-wide in that status)",,LIVE,A
CONT-0533,ContentOS -> Content Calendar,Hero,Already posted,AGGREGATED,monthPieces.filter(pipeline_status==='posted').length (content-calendar.tsx:392),N/A,count,"Current calendar month shown in the client-side month cursor (all-time underlying data, just filtered to the visible month)","content-calendar.tsx:243 .eq(""org_id"", orgId!) on the content_pieces schedule query",content_pieces,None directly,N/A,LIVE,A,,CONT-0545,,LIVE,A
CONT-0534,ContentOS -> Content Calendar,Hero,Long-form Queued,AGGREGATED,content-calendar.tsx:406-412,"count(monthPieces where post_format in ('long_form','long_to_short'))",count,"Current calendar month shown in the client-side month cursor (all-time underlying data, just filtered to the visible month)","content-calendar.tsx:243 .eq(""org_id"", orgId!) on the content_pieces schedule query",content_pieces,None,N/A,LIVE,A,,,,LIVE,A
CONT-0535,ContentOS -> Content Calendar,Format legend,Short-form,DIMENSION,"FORMAT_LABEL['short_form'] static legend chip (content-calendar.tsx:89-96,466-472), color-keyed via FMT_TONE (content-calendar.tsx:75-88)","N/A — static legend, not a count",text (color-coded label),N/A,N/A,None,None — purely a key for interpreting the calendar's colored post chips,N/A,LIVE,A,,,"This is a legend, not a metric value — it always renders the same 6 labels regardless of data.",LIVE,A
CONT-0536,ContentOS -> Content Calendar,Format legend,Long-form,DIMENSION,FORMAT_LABEL['long_form'] (content-calendar.tsx:91),N/A,text,N/A,N/A,None,None,N/A,LIVE,A,,CONT-0535 (same legend pattern),,LIVE,A
CONT-0537,ContentOS -> Content Calendar,Format legend,Long-form -> clips,DIMENSION,FORMAT_LABEL['long_to_short'] (content-calendar.tsx:92),N/A,text,N/A,N/A,None,None,N/A,LIVE,A,,CONT-0535,,LIVE,A
CONT-0538,ContentOS -> Content Calendar,Format legend,Story sequence,DIMENSION,FORMAT_LABEL['story'] (content-calendar.tsx:93),N/A,text,N/A,N/A,None,None,N/A,LIVE,A,,CONT-0535,,LIVE,A
CONT-0539,ContentOS -> Content Calendar,Format legend,Carousel,DIMENSION,FORMAT_LABEL['carousel'] (content-calendar.tsx:94),N/A,text,N/A,N/A,None,None,N/A,LIVE,A,,CONT-0535,,LIVE,A
CONT-0540,ContentOS -> Content Calendar,Format legend,Email/SMS,DIMENSION,FORMAT_LABEL['email'] (content-calendar.tsx:95),N/A,text,N/A,N/A,None,None,N/A,LIVE,A,,CONT-0535,"Labeled ""Email / SMS"" in the UI but the underlying enum value and post_format option is just ""email"" — no distinct SMS format exists in the schema/enum.",LIVE,A
CONT-0541,ContentOS -> Content Calendar,Content Pipeline (admin),Draft,AGGREGATED,"getContentPipeline() (content-pipeline.server.ts:55-70), called via contentPipelineFn (content-pipeline.functions.ts:8-13), rendered as kanban columns filtered by pipelinePieces.filter(p => p.pipeline_status===col.key) (content-calendar.tsx:602-621)","count(content_pieces where pipeline_status='draft' or null, org-wide, org-scoped by requirePipelineAccess())",count,"None — all rows for the org, no date filter in the query","content-pipeline.server.ts:18-32 requirePipelineAccess() re-derives org_id + role from memberships server-side (never trusts client), content-pipeline.server.ts:65 .eq(""org_id"", orgId)","content_pieces (no scheduled_date filter — this is the full pipeline, not just scheduled/calendar items)",Each card shown is a real content_pieces row with hook/platform/funnel_stage,N/A,LIVE,A,,,"Gated to admin/owner/growth_ops both client-side (canViewPipeline, content-calendar.tsx:278-279) and server-side (content-pipeline.server.ts:12-32) — the server check is the real enforcement.",LIVE,A
CONT-0542,ContentOS -> Content Calendar,Content Pipeline (admin),In Review,AGGREGATED,"getContentPipeline() (content-pipeline.server.ts:55-70), called via contentPipelineFn (content-pipeline.functions.ts:8-13), rendered as kanban columns filtered by pipelinePieces.filter(p => p.pipeline_status===col.key) (content-calendar.tsx:602-621)",count(pipeline_status='in_review'),count,"None — all rows for the org, no date filter in the query","content-pipeline.server.ts:18-32 requirePipelineAccess() re-derives org_id + role from memberships server-side (never trusts client), content-pipeline.server.ts:65 .eq(""org_id"", orgId)",content_pieces,Same,N/A,LIVE,A,,,,LIVE,A
CONT-0543,ContentOS -> Content Calendar,Content Pipeline (admin),Approved,AGGREGATED,"getContentPipeline() (content-pipeline.server.ts:55-70), called via contentPipelineFn (content-pipeline.functions.ts:8-13), rendered as kanban columns filtered by pipelinePieces.filter(p => p.pipeline_status===col.key) (content-calendar.tsx:602-621)",count(pipeline_status='approved'),count,"None — all rows for the org, no date filter in the query","content-pipeline.server.ts:18-32 requirePipelineAccess() re-derives org_id + role from memberships server-side (never trusts client), content-pipeline.server.ts:65 .eq(""org_id"", orgId)",content_pieces,Same,N/A,LIVE,A,,,,LIVE,A
CONT-0544,ContentOS -> Content Calendar,Content Pipeline (admin),Ready to Post,AGGREGATED,"getContentPipeline() (content-pipeline.server.ts:55-70), called via contentPipelineFn (content-pipeline.functions.ts:8-13), rendered as kanban columns filtered by pipelinePieces.filter(p => p.pipeline_status===col.key) (content-calendar.tsx:602-621)",count(pipeline_status='ready_to_post'),count,"None — all rows for the org, no date filter in the query","content-pipeline.server.ts:18-32 requirePipelineAccess() re-derives org_id + role from memberships server-side (never trusts client), content-pipeline.server.ts:65 .eq(""org_id"", orgId)",content_pieces,Same,N/A,LIVE,A,,"CONT-0532 (same status value, month-scoped hero count vs. org-wide pipeline count)","Moving a card here triggers dispatchContentReady (content-calendar.tsx:292,321-327) — a real side-effect dispatch, best-effort (failure is swallowed, content-calendar.tsx:323-326).",LIVE,A
CONT-0545,ContentOS -> Content Calendar,Content Pipeline (admin),Posted (per-stage counts),AGGREGATED,"getContentPipeline() (content-pipeline.server.ts:55-70), called via contentPipelineFn (content-pipeline.functions.ts:8-13), rendered as kanban columns filtered by pipelinePieces.filter(p => p.pipeline_status===col.key) (content-calendar.tsx:602-621)",count(pipeline_status='posted'),count,"None — all rows for the org, no date filter in the query","content-pipeline.server.ts:18-32 requirePipelineAccess() re-derives org_id + role from memberships server-side (never trusts client), content-pipeline.server.ts:65 .eq(""org_id"", orgId)",content_pieces,Same,N/A,LIVE,A,,CONT-0533,,LIVE,A
CONT-0546,ContentOS -> Sequences,7-day templates,Flexible/Any Sequence,OTHER,"TEMPLATES constant array, src/routes/_authenticated.sequences.tsx:28-123 — hardcoded template definitions (day, title, subtitle, slide labels/hints), identical for every workspace (key='flexible', line 30-38)","N/A — static config, not a computed metric",N/A (template definition),N/A,N/A (not org-scoped — same hardcoded content for every org),None,Selecting the day opens the template's slide-by-slide editor,N/A,LIVE,A,,,Not a KPI at all — a fixed content template used to scaffold the AI-draft/manual-edit flow. Functions as intended; not org-customizable.,LIVE,A
CONT-0547,ContentOS -> Sequences,7-day templates,Story Poll Sequence #1,OTHER,"TEMPLATES constant array, src/routes/_authenticated.sequences.tsx:28-123 — hardcoded template definitions (day, title, subtitle, slide labels/hints), identical for every workspace (key='story_poll_1', line 39-51)",N/A,N/A,N/A,N/A,None,Same,N/A,LIVE,A,,CONT-0546 (same static-template pattern),,LIVE,A
CONT-0548,ContentOS -> Sequences,7-day templates,Wins Nurturing Sequence,OTHER,"TEMPLATES constant array, src/routes/_authenticated.sequences.tsx:28-123 — hardcoded template definitions (day, title, subtitle, slide labels/hints), identical for every workspace (key='wins_nurture', line 52-65)",N/A,N/A,N/A,N/A,None,Same,N/A,LIVE,A,,CONT-0546,Default active template on page load (sequences.tsx:132).,LIVE,A
CONT-0549,ContentOS -> Sequences,7-day templates,YouTube Vid Sequence,OTHER,"TEMPLATES constant array, src/routes/_authenticated.sequences.tsx:28-123 — hardcoded template definitions (day, title, subtitle, slide labels/hints), identical for every workspace (key='youtube_vid', line 66-78)",N/A,N/A,N/A,N/A,None,Same,N/A,LIVE,A,,CONT-0546,,LIVE,A
CONT-0550,ContentOS -> Sequences,7-day templates,Story Poll Sequence #2,OTHER,"TEMPLATES constant array, src/routes/_authenticated.sequences.tsx:28-123 — hardcoded template definitions (day, title, subtitle, slide labels/hints), identical for every workspace (key='story_poll_2', line 79-91)",N/A,N/A,N/A,N/A,None,Same,N/A,LIVE,A,,CONT-0546,,LIVE,A
CONT-0551,ContentOS -> Sequences,7-day templates,Instagram Story Funnel,OTHER,"TEMPLATES constant array, src/routes/_authenticated.sequences.tsx:28-123 — hardcoded template definitions (day, title, subtitle, slide labels/hints), identical for every workspace (key='ig_story_funnel', line 92-107)",N/A,N/A,N/A,N/A,None,Same,N/A,LIVE,A,,CONT-0546,,LIVE,A
CONT-0552,ContentOS -> Sequences,7-day templates,Personal Story Sequence,OTHER,"TEMPLATES constant array, src/routes/_authenticated.sequences.tsx:28-123 — hardcoded template definitions (day, title, subtitle, slide labels/hints), identical for every workspace (key='personal_story', line 108-122)",N/A,N/A,N/A,N/A,None,Same,N/A,LIVE,A,,CONT-0546,,LIVE,A
CONT-0553,ContentOS -> Sequences,Saved sequences,status (draft/ready/posted),RAW,story_sequences.status (sequences.tsx:139-146 query; badge rendered at sequences.tsx:354),N/A,text (enum-like: draft/ready/posted),"None — all rows for the org, no date filter in the query","RLS only — story_sequences query (sequences.tsx:139-146) does not add an explicit .eq(""org_id"",...) filter; relies on RLS policy ""members read story sequences"" (is_org_member) from supabase/migrations/20260610031508_...sql:24",None (single-table read),"Row's own ""Edit"" button reopens the full editor for that sequence",N/A,LIVE,A,,,Set via a plain <Select> when creating/editing a draft (sequences.tsx:296-303) — no workflow automation moves it between states.,LIVE,A
CONT-0554,ContentOS -> Sequences,Saved sequences,slide count,AGGREGATED,"slides.length, computed client-side from story_sequences.slides (jsonb array) (sequences.tsx:349,357)",length of the slides jsonb array stored on the row,count,"None — all rows for the org, no date filter in the query","RLS only — story_sequences query (sequences.tsx:139-146) does not add an explicit .eq(""org_id"",...) filter; relies on RLS policy ""members read story sequences"" (is_org_member) from supabase/migrations/20260610031508_...sql:24",None,Row itself; editing exposes each slide's body text,N/A,LIVE,A,,,,LIVE,A
COPY-0555,CopyOS -> Client DNA,Positioning snapshot,Profile completeness,DERIVED,"positioningScore, computed client-side in ClientsTab (copy.tsx:1242-1263)","round(filledCount / 14 * 100), where filledCount counts how many of 14 named copy_clients fields (niche, bio, location, instagram_handle, business_stage, monthly_revenue_cents, offer_price_cents, content_pillars, goals, dream_outcome, proof_assets, sacred_cows, competitors, voice_transcripts) are non-empty",%,"None — snapshot of current row/record state, not time-windowed","RLS only — copy.tsx:33-40 useClients() query has no explicit org_id filter; relies on RLS policy ""members manage copy_clients"" (is_org_member) from supabase/migrations/20260606013236_...sql:20",None (single-row read),Rendered as a GaugeChart (copy.tsx:1284); no click-through to the individual missing fields,N/A,LIVE,A,,,"Code comment (copy.tsx:1242) explicitly frames this as ""real completeness metric, not a fabricated brand score"" — verified accurate against the real formula.",LIVE,A
COPY-0556,CopyOS -> Client DNA,Positioning snapshot,Reach by channel (Instagram/TikTok/YouTube),DERIVED,reachRadar (copy.tsx:1274-1277),"per channel: round(channel_followers / max(instagram_followers, tiktok_followers, youtube_subscribers, 1) * 100) — a relative share, not an absolute count",% (relative to the largest channel),"None — snapshot of current row/record state, not time-windowed","RLS only — copy.tsx:33-40 useClients() query has no explicit org_id filter; relies on RLS policy ""members manage copy_clients"" (is_org_member) from supabase/migrations/20260606013236_...sql:20",None,"Radar chart only, no drill-down",N/A,LIVE,A,,,"All three follower counts are manually typed numbers (copy.tsx:1390-1404), not pulled from any live social API.",LIVE,A
COPY-0557,CopyOS -> Client DNA,Positioning snapshot,Total reach,AGGREGATED,totalReach (copy.tsx:1264-1267),instagram_followers + tiktok_followers + youtube_subscribers,count,"None — snapshot of current row/record state, not time-windowed","RLS only — copy.tsx:33-40 useClients() query has no explicit org_id filter; relies on RLS policy ""members manage copy_clients"" (is_org_member) from supabase/migrations/20260606013236_...sql:20",None,None,N/A,LIVE,A,Instagram/TikTok/YouTube Business APIs could auto-populate the three inputs this sums,,,LIVE,A
COPY-0558,CopyOS -> Client DNA,Positioning snapshot,Business stage,RAW,copy_clients.business_stage (copy.tsx:1309-1313),N/A,"text (free text, e.g. ""Pre-offer / $10k mo / scaling"")","None — snapshot of current row/record state, not time-windowed","RLS only — copy.tsx:33-40 useClients() query has no explicit org_id filter; relies on RLS policy ""members manage copy_clients"" (is_org_member) from supabase/migrations/20260606013236_...sql:20",None,None,N/A,LIVE,A,,,,LIVE,A
COPY-0559,CopyOS -> Client DNA,Positioning snapshot,Proof assets logged,STATUS,Boolean presence badge on copy_clients.proof_assets (copy.tsx:1316-1318),badge shown iff proof_assets is truthy (non-empty text),boolean (badge presence),"None — snapshot of current row/record state, not time-windowed","RLS only — copy.tsx:33-40 useClients() query has no explicit org_id filter; relies on RLS policy ""members manage copy_clients"" (is_org_member) from supabase/migrations/20260606013236_...sql:20",None,None,N/A,LIVE,A,,,"""Logged"" here means ""the free-text field is non-empty,"" not a count of discrete proof assets/files — there's no structured proof-assets table, just one text field.",LIVE,A
COPY-0560,CopyOS -> Client DNA,Profile,Age,RAW,"copy_clients.age (copy.tsx:1345-1351,1161)",N/A,count (years),"None — snapshot of current row/record state, not time-windowed","RLS only — copy.tsx:33-40 useClients() query has no explicit org_id filter; relies on RLS policy ""members manage copy_clients"" (is_org_member) from supabase/migrations/20260606013236_...sql:20",None,None,N/A,LIVE,A,,,,LIVE,A
COPY-0561,CopyOS -> Client DNA,Profile,Niche,RAW,copy_clients.niche (copy.tsx:1353-1359),N/A,text,"None — snapshot of current row/record state, not time-windowed","RLS only — copy.tsx:33-40 useClients() query has no explicit org_id filter; relies on RLS policy ""members manage copy_clients"" (is_org_member) from supabase/migrations/20260606013236_...sql:20",None,None,N/A,LIVE,A,,,,LIVE,A
COPY-0562,CopyOS -> Client DNA,Profile,Location,RAW,copy_clients.location (copy.tsx:1361-1367),N/A,text,"None — snapshot of current row/record state, not time-windowed","RLS only — copy.tsx:33-40 useClients() query has no explicit org_id filter; relies on RLS policy ""members manage copy_clients"" (is_org_member) from supabase/migrations/20260606013236_...sql:20",None,None,N/A,LIVE,A,,,,LIVE,A
COPY-0563,CopyOS -> Client DNA,Profile,Monthly revenue,RAW,"copy_clients.monthly_revenue_cents (copy.tsx:1416-1426,1170-1173)","N/A (stored as cents, displayed divided by 100)",$,"None — snapshot of current row/record state, not time-windowed","RLS only — copy.tsx:33-40 useClients() query has no explicit org_id filter; relies on RLS policy ""members manage copy_clients"" (is_org_member) from supabase/migrations/20260606013236_...sql:20",None,None,N/A,LIVE,A,,,,LIVE,A
COPY-0564,CopyOS -> Client DNA,Profile,Offer price,RAW,"copy_clients.offer_price_cents (copy.tsx:1428-1438,1174-1177)",N/A,$,"None — snapshot of current row/record state, not time-windowed","RLS only — copy.tsx:33-40 useClients() query has no explicit org_id filter; relies on RLS policy ""members manage copy_clients"" (is_org_member) from supabase/migrations/20260606013236_...sql:20",None,None,N/A,LIVE,A,,,"Distinct table/field from the Offer Configuration's offers.price_cents (COPY-0570) — this is a single free-standing number on the client profile, not linked to the structured offers list.",LIVE,A
COPY-0565,CopyOS -> Client DNA,Profile,Content pillars,RAW,copy_clients.content_pillars (copy.tsx:1442-1448),N/A,text (free text),"None — snapshot of current row/record state, not time-windowed","RLS only — copy.tsx:33-40 useClients() query has no explicit org_id filter; relies on RLS policy ""members manage copy_clients"" (is_org_member) from supabase/migrations/20260606013236_...sql:20",None,None,N/A,LIVE,A,,,,LIVE,A
COPY-0566,CopyOS -> Client DNA,Profile,Proof/receipts,RAW,copy_clients.proof_assets (copy.tsx:1451-1457),N/A,text (free text),"None — snapshot of current row/record state, not time-windowed","RLS only — copy.tsx:33-40 useClients() query has no explicit org_id filter; relies on RLS policy ""members manage copy_clients"" (is_org_member) from supabase/migrations/20260606013236_...sql:20",None,None,N/A,LIVE,A,,"COPY-0559 (same field, boolean-badge vs. text-content views)",,LIVE,A
COPY-0567,CopyOS -> Client DNA,Profile,90-day goals,RAW,"copy_clients.goals, labeled ""His goals (next 90 days)"" in the UI (copy.tsx:1460-1465)",N/A,text (free text),"None — snapshot of current row/record state, not time-windowed","RLS only — copy.tsx:33-40 useClients() query has no explicit org_id filter; relies on RLS policy ""members manage copy_clients"" (is_org_member) from supabase/migrations/20260606013236_...sql:20",None,None,N/A,LIVE,A,,,,LIVE,A
COPY-0568,CopyOS -> Client DNA,Profile,Dream outcome,RAW,copy_clients.dream_outcome (copy.tsx:1468-1473),N/A,text (free text),"None — snapshot of current row/record state, not time-windowed","RLS only — copy.tsx:33-40 useClients() query has no explicit org_id filter; relies on RLS policy ""members manage copy_clients"" (is_org_member) from supabase/migrations/20260606013236_...sql:20",None,None,N/A,LIVE,A,,,,LIVE,A
COPY-0569,CopyOS -> Client DNA,Offer Configuration,Ticket tiers,RAW,"offer_tiers table (id/key/label/sort_order/is_active), read+written in TierEditor (copy.tsx:518-613); query at copy.tsx:215-227",N/A,list of records (label/key/order/active),"None — all rows for the org, no date filter in the query","copy.tsx:222,235,248,261 .eq(""org_id"", orgId!) explicit filter on offer_tiers/offers/offer_payment_plans/lead_classification_rules, additionally RLS-enforced (is_org_member for read, has_org_role admin/sales_manager/growth_ops for write) per supabase/migrations/20260904090000_client_dna_offer_config.sql","offer_tiers; referenced by offers.tier_key, lead_classification_rules.tier_key, and leads.ticket_tier via FK/lookup",Row itself; deleting a referenced tier archives it instead (is_active=false) after checking real reference counts across offers/lead_classification_rules/leads (copy.tsx:333-353),N/A,LIVE,A,,,Write access is RLS-gated to owner/admin/sales_manager/growth_ops (migration 20260904090000); all org members can read.,LIVE,A
COPY-0570,CopyOS -> Client DNA,Offer Configuration,Offers (price),RAW,offers.price_cents (copy.tsx:670-676),N/A,$,"None — all rows for the org, no date filter in the query","copy.tsx:222,235,248,261 .eq(""org_id"", orgId!) explicit filter on offer_tiers/offers/offer_payment_plans/lead_classification_rules, additionally RLS-enforced (is_org_member for read, has_org_role admin/sales_manager/growth_ops for write) per supabase/migrations/20260904090000_client_dna_offer_config.sql",offers -> offer_tiers (tier_key FK),Row itself,N/A,LIVE,A,,"COPY-0564 (unrelated field, same $ concept, different table)",,LIVE,A
COPY-0571,CopyOS -> Client DNA,Offer Configuration,pricing type,RAW,offers.pricing_type (copy.tsx:677-688),N/A,text (enum: single/mrr),"None — all rows for the org, no date filter in the query","copy.tsx:222,235,248,261 .eq(""org_id"", orgId!) explicit filter on offer_tiers/offers/offer_payment_plans/lead_classification_rules, additionally RLS-enforced (is_org_member for read, has_org_role admin/sales_manager/growth_ops for write) per supabase/migrations/20260904090000_client_dna_offer_config.sql",offers,Row itself,N/A,LIVE,A,,,,LIVE,A
COPY-0572,CopyOS -> Client DNA,Offer Configuration,active/inactive,STATUS,offers.is_active (copy.tsx:690-700),N/A,boolean,"None — all rows for the org, no date filter in the query","copy.tsx:222,235,248,261 .eq(""org_id"", orgId!) explicit filter on offer_tiers/offers/offer_payment_plans/lead_classification_rules, additionally RLS-enforced (is_org_member for read, has_org_role admin/sales_manager/growth_ops for write) per supabase/migrations/20260904090000_client_dna_offer_config.sql",offers,Row itself,N/A,LIVE,A,,,,LIVE,A
COPY-0573,CopyOS -> Client DNA,Offer Configuration,Payment plans (cadence),RAW,offer_payment_plans.cadence (copy.tsx:817-828),N/A,text (enum: single/weekly/biweekly/monthly/mrr/custom),"None — all rows for the org, no date filter in the query","copy.tsx:222,235,248,261 .eq(""org_id"", orgId!) explicit filter on offer_tiers/offers/offer_payment_plans/lead_classification_rules, additionally RLS-enforced (is_org_member for read, has_org_role admin/sales_manager/growth_ops for write) per supabase/migrations/20260904090000_client_dna_offer_config.sql",offer_payment_plans -> offers (offer_id FK),Row itself,N/A,LIVE,A,,,,LIVE,A
COPY-0574,CopyOS -> Client DNA,Offer Configuration,deposit,RAW,offer_payment_plans.deposit_cents (copy.tsx:829-835),N/A,$,"None — all rows for the org, no date filter in the query","copy.tsx:222,235,248,261 .eq(""org_id"", orgId!) explicit filter on offer_tiers/offers/offer_payment_plans/lead_classification_rules, additionally RLS-enforced (is_org_member for read, has_org_role admin/sales_manager/growth_ops for write) per supabase/migrations/20260904090000_client_dna_offer_config.sql",offer_payment_plans,Row itself,N/A,LIVE,A,,,,LIVE,A
COPY-0575,CopyOS -> Client DNA,Offer Configuration,installment,RAW,offer_payment_plans.installment_amount_cents (copy.tsx:836-842),N/A,$,"None — all rows for the org, no date filter in the query","copy.tsx:222,235,248,261 .eq(""org_id"", orgId!) explicit filter on offer_tiers/offers/offer_payment_plans/lead_classification_rules, additionally RLS-enforced (is_org_member for read, has_org_role admin/sales_manager/growth_ops for write) per supabase/migrations/20260904090000_client_dna_offer_config.sql",offer_payment_plans,Row itself,N/A,LIVE,A,,,,LIVE,A
COPY-0576,CopyOS -> Client DNA,Offer Configuration,# installments,RAW,offer_payment_plans.installment_count (copy.tsx:843-851),N/A,count,"None — all rows for the org, no date filter in the query","copy.tsx:222,235,248,261 .eq(""org_id"", orgId!) explicit filter on offer_tiers/offers/offer_payment_plans/lead_classification_rules, additionally RLS-enforced (is_org_member for read, has_org_role admin/sales_manager/growth_ops for write) per supabase/migrations/20260904090000_client_dna_offer_config.sql",offer_payment_plans,Row itself,N/A,LIVE,A,,,,LIVE,A
COPY-0577,CopyOS -> Client DNA,Offer Configuration,total contracted value,RAW,offer_payment_plans.total_contracted_value_cents (copy.tsx:852-858),"N/A — independently typed, NOT auto-computed as deposit + installment_amount*installment_count",$,"None — all rows for the org, no date filter in the query","copy.tsx:222,235,248,261 .eq(""org_id"", orgId!) explicit filter on offer_tiers/offers/offer_payment_plans/lead_classification_rules, additionally RLS-enforced (is_org_member for read, has_org_role admin/sales_manager/growth_ops for write) per supabase/migrations/20260904090000_client_dna_offer_config.sql",offer_payment_plans,Row itself,N/A,LIVE,A,,,Can silently drift from deposit+installments if an operator updates one field and forgets the other — no validation ties them together.,LIVE,A
COPY-0578,CopyOS -> Client DNA,Offer Configuration,Classification rules (threshold -> tier),RAW,"lead_classification_rules (priority/typeform_field_key/operator/threshold_cents/tier_key/is_active), copy.tsx:923-1083; consumed by src/routes/api/public/typeform.ts:138-155 to set leads.ticket_tier/ticket_tier_raw_value/ticket_tier_rule_id on real Typeform webhook ingestion","Evaluated in priority order; first rule whose typeform_field_key is present and whose operator(value, threshold_cents) is true wins — unmatched leads are left Unknown/Unclassified rather than guessed (copy.tsx:1053-1058)",list of rules (ordered),"None — all rows for the org, no date filter in the query","copy.tsx:222,235,248,261 .eq(""org_id"", orgId!) explicit filter on offer_tiers/offers/offer_payment_plans/lead_classification_rules, additionally RLS-enforced (is_org_member for read, has_org_role admin/sales_manager/growth_ops for write) per supabase/migrations/20260904090000_client_dna_offer_config.sql",lead_classification_rules -> offer_tiers (tier_key FK); consumed against leads via the Typeform webhook route,Row itself,N/A,LIVE,A,Typeform webhook (src/routes/api/public/typeform.ts) is the real external trigger that evaluates these rules,,"Confirmed genuinely wired end-to-end: this is real config that drives production lead classification, not just a form that writes to an unused table.",LIVE,A
FULF-0579,Fulfillment → Onboarding,Stat row,Total intakes,AGGREGATED,"public.onboarding_responses (org_id, client_id, responses jsonb, submitted_at) — src/routes/_authenticated.onboarding.tsx:538-548,606",total = responses?.length ?? 0 — onboarding.tsx:606,count,All-time (no date filter on the query),"Yes — .eq(""org_id"", orgId!) onboarding.tsx:543; RLS is_org_member() (migration 20260518151934...sql:107,196-201 loop)",None (client-side count of the fetched array),"Recent intakes list (same query, onboarding.tsx:916-963)",N/A,LIVE,A,N/A,None,Given unit=count is correct.,LIVE,A
FULF-0580,Fulfillment → Onboarding,Stat row,Submitted,AGGREGATED,Same onboarding_responses query — onboarding.tsx:607,submitted = responses.filter(r => r.submitted_at).length,count,All-time,Yes (same as above),None,Recent intakes list,N/A,LIVE,A,N/A,None,"submitted_at is set once at insert time (create mutation always sets it — onboarding.tsx:571) so in practice every row is 'submitted'; there is no separate draft/save-without-submit flow, making Pending (below) always ~0 in real usage.",LIVE,A
FULF-0581,Fulfillment → Onboarding,Stat row,Pending,DERIVED,Derived from Total/Submitted above — onboarding.tsx:648,total - submitted,count,All-time,Yes (inherits scope of Total/Submitted),None,None (no drill-down wired for this tile),N/A,LIVE,A,N/A,None,"Real subtraction, but see 0580 note — this is structurally always 0 today since every insert sets submitted_at.",LIVE,A
FULF-0582,Fulfillment → Onboarding,Stat row,Insight signals,DERIVED,onboarding.tsx:651,"submitted * QUESTIONS.length (32 questions in QUESTIONS array, onboarding.tsx:238-427)",count,All-time,Yes (inherits),None,None,N/A,LIVE,B,N/A,None,"Misleading label: this is NOT a count of AI-generated insights (those are only produced on-demand via the 'Analyze' button and never persisted) — it is submitted-intake-count × a fixed question-count multiplier (32, not the 38 implied by the metric list's earlier guess). A real, deterministic number, but not 'signals' in any AI/detection sense.",LIVE,B
FULF-0583,Fulfillment → Onboarding,Mechanism tags,Educational,AGGREGATED,"onboarding_responses.mechanism_signals jsonb — onboarding.tsx:609-627, mechanism keys from src/lib/content-mechanisms.ts:18 (MECHANISMS.educational)","mechanismTagCounts: per response, the MECHANISM_KEYS with the highest weight in mechanism_signals wins that response's tag; ties/zero go to Untagged — onboarding.tsx:609-627",count,All-time,"Yes — same onboarding_responses query, org_id-scoped",None,"None (tag counts only, no per-tag list view)",Content mechanism mix (feeds Content Signals per code comment onboarding.tsx:669),LIVE,A,N/A,None,"mechanism_signals is computed and stored at intake create/update time via mechanismSignalsFor() (onboarding.tsx:435-441,570,594), scoring first_touchpoint/pivotal_moment/join_sooner text against the 4 mechanisms with content-mechanisms.ts's scoreText().",LIVE,A
FULF-0584,Fulfillment → Onboarding,Mechanism tags,Credibility,AGGREGATED,Same as 0583 (content-mechanisms.ts:34),Same algorithm as 0583,count,All-time,Yes (same),None,None,Same as 0583,LIVE,A,N/A,None,Same mechanism as 0583.,LIVE,A
FULF-0585,Fulfillment → Onboarding,Mechanism tags,Authoritative,AGGREGATED,Same as 0583 (content-mechanisms.ts:50),Same algorithm as 0583,count,All-time,Yes (same),None,None,Same as 0583,LIVE,A,N/A,None,Same mechanism as 0583.,LIVE,A
FULF-0586,Fulfillment → Onboarding,Mechanism tags,Relatability,AGGREGATED,Same as 0583 (content-mechanisms.ts:66),Same algorithm as 0583,count,All-time,Yes (same),None,None,Same as 0583,LIVE,A,N/A,None,Same mechanism as 0583.,LIVE,A
FULF-0587,Fulfillment → Onboarding,Mechanism tags,Untagged,AGGREGATED,onboarding.tsx:609-627,Responses where every mechanism weight is 0 (no scorable keywords in the 3 scored answers),count,All-time,Yes (same),None,None,N/A,LIVE,A,N/A,None,Honest fallback bucket — not fabricated.,LIVE,A
FULF-0588,Fulfillment → Onboarding,Intake fields (32 real — not 28),first content touchpoint,RAW,"onboarding_responses.responses->>'first_touchpoint' — onboarding.tsx:243-246,1097-1153",Verbatim free-text answer,text (not count),Per-response (submission date),Yes (same query),None,Intake detail panel (onboarding.tsx:965-1157),Feeds mechanism scoring (0583-0587) and Themes tab (0621-0624),LIVE,A,N/A,None,"The metric list's given unit=count is wrong for every field in this group (588-618) — every one is a free-text answer, not a count. Real question count is 32 (13 sales + 16 fulfillment + 3 logistics, onboarding.tsx:238-427), not 28.",LIVE,A
FULF-0589,Fulfillment → Onboarding,Intake fields (32 real — not 28),decision moment,RAW,responses->>'pivotal_moment' — onboarding.tsx:249-252,Verbatim free-text answer,text,Per-response,Yes,None,Intake detail panel,Feeds 0583-0587 and 0621-0624,LIVE,A,N/A,None,Same pattern as 0588.,LIVE,A
FULF-0590,Fulfillment → Onboarding,Intake fields (32 real — not 28),hesitations,RAW,responses->>'objections_before' — onboarding.tsx:254-258,Verbatim free-text answer,text,Per-response,Yes,None,Intake detail panel,Feeds 0619 bottleneck analysis,LIVE,A,N/A,None,Same pattern as 0588.,LIVE,A
FULF-0591,Fulfillment → Onboarding,Intake fields (32 real — not 28),"""30 days sooner""",RAW,responses->>'join_sooner' — onboarding.tsx:259-264,Verbatim free-text answer,text,Per-response,Yes,None,Intake detail panel,Feeds 0619 bottleneck analysis,LIVE,A,N/A,None,Same pattern as 0588.,LIVE,A
FULF-0592,Fulfillment → Onboarding,Intake fields (32 real — not 28),why chose us,RAW,responses->>'why_us' — onboarding.tsx:265,Verbatim free-text answer,text,Per-response,Yes,None,Intake detail panel,Feeds 0624 (Desired identity theme),LIVE,A,N/A,None,Same pattern as 0588.,LIVE,A
FULF-0593,Fulfillment → Onboarding,Intake fields (32 real — not 28),#1 problem,RAW,responses->>'current_pain' — onboarding.tsx:266-271,Verbatim free-text answer,text,Per-response,Yes,None,Intake detail panel,"Also shown on Fulfillment page as ""Stated pain"" (FULF-0626) for the linked client",LIVE,A,N/A,DuplicateOf FULF-0626,Same underlying field re-displayed on the Fulfillment/Mentee Results page.,LIVE,A
FULF-0594,Fulfillment → Onboarding,Intake fields (32 real — not 28),12-month identity,RAW,responses->>'desired_identity' — onboarding.tsx:272-277,Verbatim free-text answer,text,Per-response,Yes,None,Intake detail panel,"Also shown as ""Desired identity"" on Fulfillment page (FULF-0627)",LIVE,A,N/A,DuplicateOf FULF-0627,Same field re-displayed elsewhere.,LIVE,A
FULF-0595,Fulfillment → Onboarding,Intake fields (32 real — not 28),tried-before,RAW,responses->>'tried_before' — onboarding.tsx:278-283,Verbatim free-text answer,text,Per-response,Yes,None,Intake detail panel,"Also shown as ""What they've tried"" (FULF-0628)",LIVE,A,N/A,DuplicateOf FULF-0628,Same field re-displayed elsewhere.,LIVE,A
FULF-0596,Fulfillment → Onboarding,Intake fields (32 real — not 28),biggest fear,RAW,responses->>'fear' — onboarding.tsx:284-289,Verbatim free-text answer,text,Per-response,Yes,None,Intake detail panel,"Also shown as ""Biggest fear"" (FULF-0629); feeds 0619 bottlenecks",LIVE,A,N/A,DuplicateOf FULF-0629,Same field re-displayed elsewhere.,LIVE,A
FULF-0597,Fulfillment → Onboarding,Intake fields (32 real — not 28),belief shift,RAW,responses->>'beliefs_shifted' — onboarding.tsx:290-295,Verbatim free-text answer,text,Per-response,Yes,None,Intake detail panel,"Also shown as ""Belief that shifted"" (FULF-0631); feeds 0620 double-down",LIVE,A,N/A,DuplicateOf FULF-0631,Same field re-displayed elsewhere.,LIVE,A
FULF-0598,Fulfillment → Onboarding,Intake fields (32 real — not 28),best content type,RAW,responses->>'content_type_helped' — onboarding.tsx:296-302 (choice: Reels/Stories/YouTube/DMs/Ads),Selected option value,text (categorical),Per-response,Yes,None,Intake detail panel,Feeds 0620 double-down analysis,LIVE,A,N/A,None,"Closed-choice field, not free text.",LIVE,A
FULF-0599,Fulfillment → Onboarding,Intake fields (32 real — not 28),experience level,RAW,responses->>'experience_level' — onboarding.tsx:303-309 (choice: Beginner/Intermediate/Advanced),Selected option value,text (categorical),Per-response,Yes,None,Intake detail panel,N/A,LIVE,A,N/A,None,Closed-choice field.,LIVE,A
FULF-0600,Fulfillment → Onboarding,Intake fields (32 real — not 28),current monthly revenue,RAW,responses->>'current_revenue' — onboarding.tsx:314-317 (type: short text),Verbatim free-text answer,text — NOT parsed as $ despite the given unit=$,Per-response,Yes,None,Intake detail panel,N/A,LIVE,A,N/A,None,"This is a plain <Input> free-text field (""or close estimate""), never coerced to a number/currency anywhere in the code — displaying it as $ would be misleading.",LIVE,A
FULF-0601,Fulfillment → Onboarding,Intake fields (32 real — not 28),target revenue (90d),RAW,responses->>'target_revenue_90d' — onboarding.tsx:319-323,Verbatim free-text answer,text — NOT parsed as $ despite the given unit=$,Per-response,Yes,None,Intake detail panel,N/A,LIVE,A,N/A,None,"Same as 0600 — free text, not a numeric/currency field.",LIVE,A
FULF-0602,Fulfillment → Onboarding,Intake fields (32 real — not 28),single-outcome goal,RAW,responses->>'north_star_outcome' — onboarding.tsx:325-329,Verbatim free-text answer,text,Per-response,Yes,None,Intake detail panel,N/A,LIVE,A,N/A,None,None.,LIVE,A
FULF-0603,Fulfillment → Onboarding,Intake fields (32 real — not 28),30/60/90 success measure,RAW,responses->>'success_metric' — onboarding.tsx:331-335,Verbatim free-text answer,text,Per-response,Yes,None,Intake detail panel,N/A,LIVE,A,N/A,None,None.,LIVE,A
FULF-0604,Fulfillment → Onboarding,Intake fields (32 real — not 28),current offer,RAW,responses->>'current_offer' — onboarding.tsx:337-341,Verbatim free-text answer,text,Per-response,Yes,None,Intake detail panel,N/A,LIVE,A,N/A,None,None.,LIVE,A
FULF-0605,Fulfillment → Onboarding,Intake fields (32 real — not 28),audience size/platform,RAW,responses->>'audience_size' — onboarding.tsx:343-347,Verbatim free-text answer,text,Per-response,Yes,None,Intake detail panel,N/A,LIVE,A,N/A,None,None.,LIVE,A
FULF-0606,Fulfillment → Onboarding,Intake fields (32 real — not 28),funnel walkthrough,RAW,responses->>'current_funnel' — onboarding.tsx:349-353,Verbatim free-text answer,text,Per-response,Yes,None,Intake detail panel,N/A,LIVE,A,N/A,None,None.,LIVE,A
FULF-0607,Fulfillment → Onboarding,Intake fields (32 real — not 28),biggest bottleneck,RAW,responses->>'biggest_bottleneck' — onboarding.tsx:355-359,Verbatim free-text answer,text,Per-response,Yes,None,Intake detail panel,N/A,LIVE,A,N/A,None,None.,LIVE,A
FULF-0608,Fulfillment → Onboarding,Intake fields (32 real — not 28),team composition,RAW,responses->>'team_setup' — onboarding.tsx:361-365,Verbatim free-text answer,text,Per-response,Yes,None,Intake detail panel,N/A,LIVE,A,N/A,None,None.,LIVE,A
FULF-0609,Fulfillment → Onboarding,Intake fields (32 real — not 28),tools used,RAW,responses->>'tech_stack' — onboarding.tsx:367-371,Verbatim free-text answer,text,Per-response,Yes,None,Intake detail panel,N/A,LIVE,A,N/A,None,None.,LIVE,A
FULF-0610,Fulfillment → Onboarding,Intake fields (32 real — not 28),hours/week,RAW,responses->>'weekly_hours' — onboarding.tsx:373-378 (choice: <5/5-10/10-20/20-40/40+),Selected option value,text (categorical),Per-response,Yes,None,Intake detail panel,N/A,LIVE,A,N/A,None,Closed-choice field.,LIVE,A
FULF-0611,Fulfillment → Onboarding,Intake fields (32 real — not 28),learning style,RAW,responses->>'learning_style' — onboarding.tsx:380-385,Selected option value,text (categorical),Per-response,Yes,None,Intake detail panel,N/A,LIVE,A,N/A,None,Closed-choice field.,LIVE,A
FULF-0612,Fulfillment → Onboarding,Intake fields (32 real — not 28),accountability preference,RAW,responses->>'accountability_pref' — onboarding.tsx:387-398,Selected option value,text (categorical),Per-response,Yes,None,Intake detail panel,N/A,LIVE,A,N/A,None,Closed-choice field.,LIVE,A
FULF-0613,Fulfillment → Onboarding,Intake fields (32 real — not 28),personal factors,RAW,responses->>'blockers_personal' — onboarding.tsx:400-404,Verbatim free-text answer,text,Per-response,Yes,None,Intake detail panel,N/A,LIVE,A,N/A,None,None.,LIVE,A
FULF-0614,Fulfillment → Onboarding,Intake fields (32 real — not 28),what's working,RAW,responses->>'wins_so_far' — onboarding.tsx:406-410,Verbatim free-text answer,text,Per-response,Yes,None,Intake detail panel,N/A,LIVE,A,N/A,None,None.,LIVE,A
FULF-0615,Fulfillment → Onboarding,Intake fields (32 real — not 28),non-negotiables,RAW,responses->>'non_negotiables' — onboarding.tsx:412-416,Verbatim free-text answer,text,Per-response,Yes,None,Intake detail panel,N/A,LIVE,A,N/A,None,None.,LIVE,A
FULF-0616,Fulfillment → Onboarding,Intake fields (32 real — not 28),time zone,RAW,responses->>'timezone' — onboarding.tsx:419,Verbatim free-text answer,text,Per-response,Yes,None,Intake detail panel,N/A,LIVE,A,N/A,None,None.,LIVE,A
FULF-0617,Fulfillment → Onboarding,Intake fields (32 real — not 28),best contact method,RAW,responses->>'best_contact' — onboarding.tsx:420,Verbatim free-text answer,text,Per-response,Yes,None,Intake detail panel,N/A,LIVE,A,N/A,None,None.,LIVE,A
FULF-0618,Fulfillment → Onboarding,Intake fields (32 real — not 28),start date,RAW,responses->>'kickoff_date' — onboarding.tsx:421-426,Verbatim free-text answer,text — not a date-typed field,Per-response,Yes,None,Intake detail panel,N/A,LIVE,A,N/A,None,"Rendered with a plain <Input> (short text), not a date picker — answers aren't guaranteed to be ISO dates.",LIVE,A
FULF-0619,Fulfillment → Onboarding,Pattern analysis,Bottlenecks across N intakes,DERIVED (AI),"src/lib/intake-insights.functions.ts:95-170 analyzeIntakesAggregate — Lovable AI Gateway (gemini-2.5-flash), reading onboarding_responses.responses for objections_before/join_sooner/fear across all intakes in the selected range",AI summarizes recurring friction patterns across BOTTLENECK_KEYS answers in the date range; onSuccess shown at onboarding.tsx:858-883,count (sampleSize) + qualitative list,User-selected range (Today/3d/7d/30d/MTD/All/Custom) — onboarding.tsx:486-510,"Yes — .eq(""org_id"", m.org_id) intake-insights.functions.ts:120",None beyond the range filter,"None (AI prose only, no per-item drilldown)",N/A,LIVE,A,N/A,None,"Real Gemini call; throws a raw Error (not a graceful ""AI not configured"" string) if LOVABLE_API_KEY is unset — intake-insights.functions.ts:31, less graceful than daily-wins' equivalent (FULF-0639).",LIVE,A
FULF-0620,Fulfillment → Onboarding,Pattern analysis,Double down across N intakes,DERIVED (AI),Same function as 0619 — DOUBLE_DOWN_KEYS (first_touchpoint/pivotal_moment/beliefs_shifted/content_type_helped),Same AI call as 0619,count + qualitative list,Same range as 0619,Yes (same),None,None,N/A,LIVE,A,N/A,None,Same AI call as 0619 (one request returns both lists).,LIVE,A
FULF-0621,Fulfillment → Onboarding,Themes tab,Pain points,AGGREGATED,"onboarding.tsx:1170-1213,1221-1246 topPhrases() over responses.current_pain + tried_before","2-word (bigram) phrase frequency count across all responses, stopword-filtered, phrases with count>=2 kept, top 15 shown — onboarding.tsx:184-205",count (per phrase),All-time (all fetched responses),Yes (inherits main query scope),None,None (word-cloud only),N/A,LIVE,A,N/A,None,"Deterministic client-side n-gram counter, not AI — real, no fabrication.",LIVE,A
FULF-0622,Fulfillment → Onboarding,Themes tab,Pivotal moments,AGGREGATED,onboarding.tsx:1228-1233 — pivotal_moment + beliefs_shifted,Same topPhrases() algorithm as 0621,count,All-time,Yes,None,None,N/A,LIVE,A,N/A,None,Same mechanism as 0621.,LIVE,A
FULF-0623,Fulfillment → Onboarding,Themes tab,Objections,AGGREGATED,onboarding.tsx:1234-1239 — objections_before + fear,Same topPhrases() algorithm as 0621,count,All-time,Yes,None,None,N/A,LIVE,A,N/A,None,Same mechanism as 0621.,LIVE,A
FULF-0624,Fulfillment → Onboarding,Themes tab,Desired identity,AGGREGATED,onboarding.tsx:1240-1245 — desired_identity + why_us,Same topPhrases() algorithm as 0621,count,All-time,Yes,None,None,N/A,LIVE,A,N/A,None,Same mechanism as 0621.,LIVE,A
FULF-0625,Fulfillment,Mentee summary,Pre-close summary,RAW,"public.clients.pre_close_summary — src/routes/_authenticated.fulfillment.tsx:30,54,208-217; written by AI via generatePreCloseFn (src/lib/pre-close.functions.ts) triggered from mentee-renewal-panel.tsx:989-1006","Stored text, generated once (or re-generated) by an AI call elsewhere, displayed verbatim here",text,Point-in-time (whenever last generated),"Yes — .eq(""org_id"", orgId!).eq(""status"",""active"") fulfillment.tsx:55-56",clients ⋈ (none needed here),None,N/A,LIVE,A,N/A,None,"Given type=RAW unit=count is wrong — it's free text, no count semantics.",LIVE,A
FULF-0626,Fulfillment,Mentee summary,Stated pain,RAW,"onboarding_responses.responses->>'current_pain' for the most recent submission by client_id — fulfillment.tsx:63-76,106,220",Latest onboarding response for the selected client,text,Latest submission,"Yes — .eq(""org_id"", orgId!).eq(""client_id"", selected!) fulfillment.tsx:70-71",onboarding_responses ⋈ clients (by client_id),None,N/A,LIVE,A,N/A,DuplicateOf FULF-0593,"Same field as Onboarding's """"#1 problem.""""",LIVE,A
FULF-0627,Fulfillment,Mentee summary,Desired identity,RAW,Same query as 0626 — responses->>'desired_identity',Latest onboarding response,text,Latest submission,Yes (same),Same join,None,N/A,LIVE,A,N/A,DuplicateOf FULF-0594,"Same field as Onboarding's """"12-month identity.""""",LIVE,A
FULF-0628,Fulfillment,Mentee summary,What they've tried,RAW,Same query — responses->>'tried_before',Latest onboarding response,text,Latest submission,Yes,Same join,None,N/A,LIVE,A,N/A,DuplicateOf FULF-0595,"Same field as Onboarding's """"tried-before.""""",LIVE,A
FULF-0629,Fulfillment,Mentee summary,Biggest fear,RAW,Same query — responses->>'fear',Latest onboarding response,text,Latest submission,Yes,Same join,None,N/A,LIVE,A,N/A,DuplicateOf FULF-0596,"Same field as Onboarding's """"biggest fear.""""",LIVE,A
FULF-0630,Fulfillment,Mentee summary,Pivotal moment,RAW,Same query — responses->>'pivotal_moment',Latest onboarding response,text,Latest submission,Yes,Same join,None,N/A,LIVE,A,N/A,DuplicateOf FULF-0589,"Same field as Onboarding's """"decision moment.""""",LIVE,A
FULF-0631,Fulfillment,Mentee summary,Belief that shifted,RAW,Same query — responses->>'beliefs_shifted',Latest onboarding response,text,Latest submission,Yes,Same join,None,N/A,LIVE,A,N/A,DuplicateOf FULF-0597,"Same field as Onboarding's """"belief shift.""""",LIVE,A
FULF-0632,Fulfillment,Mentee summary,Progress checkpoints,EVENT,"public.daily_wins filtered by client_id — fulfillment.tsx:81-100 (win_date, win_description, win_types, financial_amount_cents, energy_score, blocker)","One card per real daily_wins row for the selected client, ordered by win_date desc — ProgressCheckpoints/CheckpointCard, fulfillment.tsx:253-335",count (list of dated entries),All-time for that client (no range filter on this query),"Yes — .eq(""org_id"", orgId!).eq(""client_id"", selected!) fulfillment.tsx:94-95","daily_wins ⋈ clients (by client_id, not fuzzy name-match)",Each checkpoint card is itself the drill-down record,N/A,LIVE,A,N/A,None,"Deliberately uses the real client_id FK, not the fuzzy student_name matching DailyWinsPanel uses (code comment fulfillment.tsx:78-80).",LIVE,A
FULF-0633,Fulfillment,Daily Wins panel,Logs,AGGREGATED,public.daily_wins — src/components/daily-wins-panel.tsx:131-144,"rows.length (daily_wins rows in the selected day-range, optionally filtered by studentName)",count,"User-selected range (Today/3d/7d/30d/90d) — daily-wins-panel.tsx:62-68,90-96","Yes — .eq(""org_id"", orgId!) daily-wins-panel.tsx:136",None,"Win cards list below the stat row, same query",N/A,LIVE,A,N/A,None,None.,LIVE,A
FULF-0634,Fulfillment,Daily Wins panel,Financial wins,AGGREGATED,Same query as 0633,rows.filter(w => win_types.includes('financial')).length — daily-wins-panel.tsx:148,count,Same range as 0633,Yes (same),None,Same win cards list,N/A,LIVE,A,N/A,None,None.,LIVE,A
FULF-0635,Fulfillment,Daily Wins panel,Cash logged,AGGREGATED,Same query as 0633,sum(financial_amount_cents) — daily-wins-panel.tsx:147,$,Same range as 0633,Yes (same),None,Same win cards list,N/A,LIVE,A,N/A,None,None.,LIVE,A
FULF-0636,Fulfillment,Daily Wins panel,Commitments kept,DERIVED,Same query as 0633,"kept/rows.length * 100 where kept = count(yesterday_status==='done') — daily-wins-panel.tsx:153,315-318",% (given unit=count is wrong — rendered as a % string),Same range as 0633,Yes (same),None,Same win cards list,N/A,LIVE,A,N/A,None,Given unit=count should be %.,LIVE,A
FULF-0637,Fulfillment,Daily Wins panel,Avg energy,DERIVED,Same query as 0633,sum(energy_score)/count(rows with energy_score != null) — daily-wins-panel.tsx:149-152,score /10 (given unit=% is wrong),Same range as 0633,Yes (same),None,Same win cards list,N/A,LIVE,A,N/A,None,"Given unit=% is wrong — it's a 1-10 energy score average, not a percentage; UI flags red below 5 (daily-wins-panel.tsx:322).",LIVE,A
FULF-0638,Fulfillment,Daily Wins panel,Save-call triggers,ALERT,"Same query as 0633 (client-side, not persisted)","repeatBlockers: groups by (student_name + first 40 chars of blocker text), keeps groups with count>=3 within the selected range — daily-wins-panel.tsx:156-166",count (of triggered students),Same range as 0633,Yes (inherits query scope),None,Inline list of triggered students/blockers (no separate panel),N/A,LIVE,A,N/A,None,Purely a computed/ephemeral client-side alert (recomputed on every render from the fetched rows) — not written to any alerts table (consistent with the already-confirmed fact that public.alerts has zero writers app-wide).,LIVE,A
FULF-0639,Fulfillment,Daily Wins panel,AI coach read,DERIVED (AI),src/lib/daily-wins.functions.ts:39-57 analyzeDailyWinsFn → src/lib/daily-wins.server.ts:97-149 analyzeWins() — Lovable AI Gateway (gemini-2.5-flash) over the last N days of daily_wins,AI-generated markdown coaching summary (Momentum/Double down/Bottlenecks/Save-call radar) from real logged rows,text (markdown),User-selected range (days param),"Yes — .eq(""org_id"", mem.org_id) daily-wins.functions.ts:51",None beyond the range filter,None (prose only),N/A,LIVE,A,N/A,None,"Gracefully returns {insight:""AI is not configured.""} if LOVABLE_API_KEY is unset (daily-wins.server.ts:99) — more graceful than the Onboarding AI functions (FULF-0619/0620), which throw.",LIVE,A
FULF-0640,Fulfillment,Log a Daily W dialog,Win type,RAW,public.daily_wins.win_types text[] — written via submitDailyWinFn (src/lib/daily-wins.functions.ts:24-29) → insertDailyWin (daily-wins.server.ts:21-69),User-selected checkboxes (financial/mental/physical),text[] (categorical),At submission,"Yes — org_id passed explicitly in the form payload (daily-wins-panel.tsx:530), zod-validated org_id.uuid() (daily-wins.functions.ts:6)","clients (best-effort ilike full_name match, daily-wins.server.ts:25-31 — not a guaranteed FK)",Win card in the panel list,N/A,LIVE,A,N/A,None,"submitDailyWinFn has NO requireSupabaseAuth middleware — it's intentionally public (""students submit without an account""), so org scoping relies on the caller supplying a valid org_id rather than a session-derived one; RLS on daily_wins still applies at the DB layer.",LIVE,A
FULF-0641,Fulfillment,Log a Daily W dialog,Win description,RAW,Same insert as 0640 — win_description,Free-text (zod min 3 / max 2000 chars),text,At submission,Yes (same as 0640),Same best-effort client match,Win card,N/A,LIVE,A,N/A,None,None.,LIVE,A
FULF-0642,Fulfillment,Log a Daily W dialog,Amount,RAW,"Same insert as 0640 — financial_amount_cents, only when win_types includes financial (daily-wins.server.ts:22,43)",Parsed from the dialog's $ input,$,At submission,Yes (same as 0640),Same,Win card,N/A,LIVE,A,N/A,None,None.,LIVE,A
FULF-0643,Fulfillment,Log a Daily W dialog,Energy (1-10),RAW,Same insert — energy_score (zod int 1-10),Slider value,score /10,At submission,Yes (same as 0640),Same,Win card,N/A,LIVE,A,N/A,None,Given unit=count should be a 1-10 score.,LIVE,A
FULF-0644,Fulfillment,Log a Daily W dialog,Biggest blocker,RAW,Same insert — blocker,Free-text,text,At submission,Yes (same as 0640),Same,Win card,N/A,LIVE,A,N/A,None,Feeds the Save-call trigger detection (FULF-0638).,LIVE,A
FULF-0645,Fulfillment,Log a Daily W dialog,Tomorrow's #1 needle-mover,RAW,Same insert — tomorrow_needle_mover; also read back via lastNeedleMoverFn (daily-wins.functions.ts:32-37),Free-text,text,At submission,Yes (same as 0640),Same,Win card,N/A,LIVE,A,N/A,None,"Pre-fills the next day's form via lastNeedleMoverFn (public endpoint, ilike name match).",LIVE,A
FULF-0646,Fulfillment → Payments,This Range,Total collected,AGGREGATED,public.payments — src/routes/_authenticated.payments.tsx:570-572,"sum(amount_cents) where status='paid', over filteredRows (date-range + UI filters applied)",$ (given unit=count is wrong),Selected date range (payments.gte/.lte collected_at) — payments.tsx:270-271,"Yes — .eq(""org_id"", orgId!) payments.tsx:269","clients (for ledger row display only, not required for the sum)","MetricDetailPanel ""Collected payments"" — payments.tsx:660-670",N/A,LIVE,A,N/A,None,Real writers exist only via the 5 payment-processor webhooks (see FULF-0654 notes) — the payments table itself has no manual-entry UI anywhere in the app.,LIVE,A
FULF-0647,Fulfillment → Payments,This Range,Total contracted,AGGREGATED,public.clients.contract_value_cents — payments.tsx:573-581,sum(contract_value_cents) for every DISTINCT client with >=1 payment row inside the current filteredRows/date range,$,"Selected date range, but only via which clients have a payment in range — payments.tsx:578-581",Yes (inherits clients+payments scope),payments ⋈ clients (distinct client ids from filtered payments),"MetricDetailPanel ""Contracted clients in view"" — payments.tsx:671-684",N/A,LIVE,A,N/A,DuplicateOf FULF-0687 (Portfolio value) — see plan file /Users/aryanmahmoudi/.claude/plans/quirky-sleeping-bee.md finding #1,"This is the exact metric-conflict the plan file documented: this card is date-range-gated (only clients WITH a payment in range count), while FULF-0687 'Portfolio value' sums ALL clients unconditionally. Per the plan's fix (§A), the Portfolio card was renamed away from 'Contracted' specifically so the two can't be read as the same number — confirmed implemented (payments.tsx:996-1002 label='Total contracted' hint='X clients active in this range'; mentee-renewal-panel.tsx:1438-1440 label='value' not 'Contracted').",LIVE,A
FULF-0648,Fulfillment → Payments,This Range,Total outstanding,AGGREGATED,"public.clients (contract_value_cents, invested_to_date_cents) — payments.tsx:582-591","sum(max(0, contract_value_cents - invested_to_date_cents)) over ALL clients unconditionally",$ (given unit=count is wrong),"As of now — deliberately NOT scoped to the date range (comment payments.tsx:582-587, disclosed in UI hint 'not scoped to date range')","Yes — clients query .eq(""org_id"", orgId!) payments.tsx:235",None beyond clients,"MetricDetailPanel ""Outstanding balance"" — payments.tsx:685-707",N/A,LIVE,A,N/A,None,"Same formula as buildRecoveryQueue()'s outstanding calc and the renewal panel's cash-position chip, by design (comment payments.tsx:584-586) — can never disagree with those.",LIVE,A
FULF-0649,Fulfillment → Payments,This Range,Failed & at-risk,AGGREGATED,"src/lib/mentee-payments.ts:293-352 reconcileRecoveryQueue(clients, payments, payment_recovery_items) — payments.tsx:596-605",sum(amountCents) of the reconciled 'active' recovery rows (real-time bucket membership joined against any open payment_recovery_items row); scoped to the selected client if one is being viewed,$ (given unit=count is wrong),Live — explicitly NOT scoped to date range (hint text payments.tsx:1016),"Yes — clients+payments+recoveryItems all .eq(""org_id"", orgId!) (payments.tsx:235,269,438)",clients ⋈ payments ⋈ payment_recovery_items,"MetricDetailPanel ""Failed & at-risk payments"" — payments.tsx:708-717, and RecoveryQueuePanel below",N/A,LIVE,A,N/A,None,This is the single canonical 'who owes/at-risk' total per plan §G — both the ledger's stat card and the Recovery Queue panel below read the SAME reconciled result (confirmed: payments.tsx:596-605 feeds both). The two-disjoint-systems problem the plan documented has been fixed.,LIVE,A
FULF-0650,Fulfillment → Payments,Ledger columns,Client,DIMENSION,public.payments.client_id ⋈ clients.full_name — payments.tsx:1085-1096,Direct FK lookup via clientsById map,text,Per-row,Yes (inherits),payments ⋈ clients,Row links to /payments?client=id (self-filter),N/A,LIVE,A,N/A,None,"Row shows ""Unknown client"" honestly when client_id has no clients match (payments.tsx:1094-1096) — never fabricated.",LIVE,A
FULF-0651,Fulfillment → Payments,Ledger columns,Date,RAW,public.payments.collected_at — payments.tsx:1098-1100,Direct column,date,Per-row,Yes,None,N/A,N/A,LIVE,A,N/A,None,None.,LIVE,A
FULF-0652,Fulfillment → Payments,Ledger columns,Amount,RAW,public.payments.amount_cents — payments.tsx:1101-1103,Direct column,$,Per-row,Yes,None,N/A,N/A,LIVE,A,N/A,None,None.,LIVE,A
FULF-0653,Fulfillment → Payments,Ledger columns,Status,STATUS,public.payments.status — payments.tsx:1104-1119 (paid/failed/refunded/partial/other),"Direct column; colored badge, failure_reason shown as tooltip",text (enum),Per-row,Yes,None,N/A,N/A,LIVE,A,N/A,None,None.,LIVE,A
FULF-0654,Fulfillment → Payments,Ledger columns,Processor,DIMENSION,"public.payments.processor — payments.tsx:1120, src/lib/payments-ledger.ts:8-34 resolveProcessorLabel()",Direct column; 'Not logged' when null,text (enum: wise/paypal/fanbasis/whop/stripe/bank_transfer/other),Per-row,Yes,None,N/A,N/A,PARTIALLY CONNECTED,B,"Stripe/PayPal/Fanbasis/Wise/Whop — real webhook routes exist (src/routes/api/public/{stripe,paypal,fanbasis,wise,whop}.ts, e.g. stripe.ts:1-185 with real HMAC signature verification (createHmac/timingSafeEqual, stripe.ts:11-35) and a real payments insert incl. processor:'stripe' (stripe.ts:125-149)), connector_registry rows added in migration 20260920210000_payment_processor_connector_rows.sql, and a connection UI in src/components/connections-panel.tsx (webhookSecret fields lines 205-260). These are NOT stubs — real signature verification and real writes — but they are new/uncommitted work on this branch and require an org admin to actually connect a processor account before any payment row (and thus this column) is ever populated.",None,"These webhook routes (stripe.ts, paypal.ts, fanbasis.ts, wise.ts, whop.ts) and the connector_registry migration are currently UNCOMMITTED changes on this branch (git status) — not yet on main. There is also NO manual 'add payment' UI anywhere in the app (grep confirmed insert('payments') only happens in these 5 webhook handlers) — meaning until a processor is connected, the payments table (and the entire Payment Ledger group) stays empty.",PARTIALLY CONNECTED,B
FULF-0655,Fulfillment → Payments,Ledger columns,Type,DIMENSION,"public.payments.payment_type — payments.tsx:1121, payments-ledger.ts:36-50 resolvePaymentTypeLabel() (deposit/installment/pif/renewal/other)",Direct column; 'Not logged' when null,text (enum),Per-row,Yes,None,N/A,N/A,LIVE,A,N/A,None,None.,LIVE,A
FULF-0656,Fulfillment → Payments,Ledger columns,Tier,DIMENSION,"Resolved via leads.ticket_tier (by client.lead_id) or offer_tiers — payments.tsx:141-147,488-491,521-524","tierKey resolved from the lead's ticket_tier first, else devTierByOffer fallback (dev bypass only); 'Unknown' if neither resolves",text (enum),Per-row,"Yes — leads/offer_tiers both .eq(""org_id"", orgId!) payments.tsx:353-374",payments ⋈ clients ⋈ leads (ticket_tier) or offer_tiers,N/A,N/A,PARTIALLY CONNECTED,B,N/A,None,"Requires clients.lead_id to be populated AND that lead to carry a ticket_tier — for any client not linked to a lead (e.g. manually added mentees), this always renders 'Unknown.'",PARTIALLY CONNECTED,B
FULF-0657,Fulfillment → Payments,Ledger columns,Plan,DERIVED,src/lib/payments-ledger.ts:82-122 resolvePlanStructure() — reads client.payment_plan/installments_remaining/installment_amount_cents/contract_value_cents and (if linked) offer_payment_plans,"'Paid in Full' (payment_plan=false) / catalog plan label (offer_payment_plan_id links to a real offer_payment_plans row) / 'Custom (unlinked)' (payment_plan=true, no catalog link) — formatPlanStructure() for display","text (formatted, e.g. '$2,500 × 2')","Per-row (uses the row's client, not date-scoped)",Yes (clients+offer_payment_plans both org-scoped),payments ⋈ clients ⋈ offer_payment_plans,N/A,N/A,LIVE,A,N/A,None,Honestly labels an unlinked-but-on-a-plan client 'Custom (unlinked)' rather than silently guessing it matches a configured catalog plan (code comment payments-ledger.ts:85-86).,LIVE,A
FULF-0658,Fulfillment → Payments,Payment Operations — Recovery queue,Failed Payment Today (bucket),AGGREGATED,src/lib/mentee-payments.ts:164-239 buildRecoveryQueue() → reconcileRecoveryQueue() — payment_recovery_items status + payments.status='failed' with collected_at=today,Client has a payments row with status='failed' AND collected_at is today (daysBetween==0) — mentee-payments.ts:179-190,count,Live (today's date at read time),Yes (inherits reconciled scope),payments ⋈ clients ⋈ payment_recovery_items,RecoveryQueuePanel row list (filterable by bucket) — recovery-queue-panel.tsx:115-131,N/A,LIVE,A,N/A,None,"A client can appear in multiple buckets simultaneously (by design, code comment mentee-payments.ts:161-163).",LIVE,A
FULF-0659,Fulfillment → Payments,Payment Operations — Recovery queue,Retry Pending (bucket),AGGREGATED,Same source as 0658 — mentee-payments.ts:191-200,Client has ANY failed payment but not one from today,count,Live,Yes,Same joins,Same panel,N/A,PARTIALLY CONNECTED,B,N/A,None,"'Retry Pending' here means a logged human retry intent (payment_recovery_items.status='retry', set only by the manual 'Retry payment' action) — provider_execution_status stays 'unavailable' forever (no automated processor retry exists), matching the already-confirmed ground truth in the plan file.",PARTIALLY CONNECTED,B
FULF-0660,Fulfillment → Payments,Payment Operations — Recovery queue,Due Next 3 Days (bucket),AGGREGATED,Same source — mentee-payments.ts:201-210 (client.expected_next_payment_date within 0-3 days),"daysBetween(expected_next_payment_date) in [0,3]",count,Live,Yes,Same joins,Same panel,N/A,LIVE,A,N/A,None,None.,LIVE,A
FULF-0661,Fulfillment → Payments,Payment Operations — Recovery queue,Overdue 1-7/8-30/30+ (buckets),AGGREGATED,Same source — mentee-payments.ts:211-222,"daysBetween(expected_next_payment_date) negative, bucketed by abs(days) <=7 / <=30 / >30",count,Live,Yes,Same joins,Same panel,N/A,LIVE,A,N/A,None,These are 3 distinct buckets merged into one metric-list row.,LIVE,A
FULF-0662,Fulfillment → Payments,Payment Operations — Recovery queue,Promise-to-Pay Due Today (bucket),STATUS/ALERT,payments.tsx:894-905 — payment_recovery_items.next_action==='Log promise-to-pay' with next_action_at <= now,Reconciled row's recoveryItem.next_action check,count,Live,Yes,payment_recovery_items ⋈ clients,Payment notifications feed (payments.tsx:1159-1178) — NOT a distinct RecoveryQueuePanel bucket badge,N/A,PARTIALLY CONNECTED,B,N/A,None,"This is NOT one of buildRecoveryQueue()'s 8 real RecoveryBucketKey values (mentee-payments.ts:116-124 has no promise_to_pay_today key) — it only appears as a Payment Notifications card, computed inline in the route, not as a Recovery Queue filter bucket. The metric list's grouping conflates the two surfaces.",PARTIALLY CONNECTED,B
FULF-0663,Fulfillment → Payments,Payment Operations — Recovery queue,High-Value Outstanding (bucket),AGGREGATED,"Same source — mentee-payments.ts:224-236, threshold constant HIGH_VALUE_THRESHOLD_CENTS=$2000 (mentee-payments.ts:159)","outstanding = max(0, contract_value_cents - invested_to_date_cents) >= $2000",$ (amount) / count (bucket membership),Live,Yes,Same joins,Same panel,N/A,LIVE,A,N/A,None,"$2,000 threshold is a hardcoded 'defensible round-number default' (code comment mentee-payments.ts:157-159), not a workspace setting yet — worth flagging per this user's known preference that alert thresholds calibrate to the org's own baseline, not an arbitrary floor.",LIVE,A
FULF-0664,Fulfillment → Payments,Payment Operations — Recovery queue,Offer,DIMENSION,public.clients.offer_name — recovery-queue-panel.tsx:174-179,Direct column,text,Per-row,Yes (inherits clients scope),clients,Recovery queue row,N/A,LIVE,A,N/A,None,None.,LIVE,A
FULF-0665,Fulfillment → Payments,Payment Operations — Recovery queue,Amount,DERIVED,reconcileRecoveryQueue() row.amountCents — recovery-queue-panel.tsx:180-183,Max of the amounts across all buckets a client qualifies for (mentee-payments.ts:319),$,Live,Yes,Same joins as 0658,Recovery queue row,N/A,LIVE,A,N/A,None,None.,LIVE,A
FULF-0666,Fulfillment → Payments,Payment Operations — Recovery queue,Due,RAW,row.dueDate (expected_next_payment_date) — recovery-queue-panel.tsx:184-187,Direct column via the client,date,Per-row,Yes,None,Recovery queue row,N/A,LIVE,A,N/A,None,None.,LIVE,A
FULF-0667,Fulfillment → Payments,Payment Operations — Recovery queue,Status,STATUS,"payment_recovery_items.status — recovery-queue-panel.tsx:188-193 (due/paid/missed/overdue/failed/retry/recovered/refunded, migration 20260901090000...sql:73)","recoveryItem?.status, or 'Not logged' when the client is a real (untracked) candidate with no persisted row yet",text (enum),Live,Yes,payment_recovery_items ⋈ clients,Recovery queue row,N/A,PARTIALLY CONNECTED,B,N/A,None,'Tracked'/'Not yet tracked' badge (recovery-queue-panel.tsx:166-171) makes the untracked case visible rather than silently omitted — per plan §G's reconciliation rule.,PARTIALLY CONNECTED,B
FULF-0668,Fulfillment → Payments,Payment Operations — Recovery queue,Last action,RAW,payment_recovery_items.next_action — recovery-queue-panel.tsx:194-199,"Set by the 2 real action buttons: 'Reminder sent' / 'Mark resolved' (recovery-queue-panel.tsx:21-24), or by the payments.tsx recoveryAction mutation (payments.tsx:759-803)",text,Live (updated on click),Yes,payment_recovery_items,Recovery queue row,N/A,LIVE,A,N/A,None,"Trimmed from a planned 6 actions down to 2 real ones (code comment recovery-queue-panel.tsx:14-20) — retry/promise/check-in/escalate buttons were removed since none had real automation behind them, avoiding UI implying action where there's none.",LIVE,A
FULF-0669,Fulfillment → Payments,Expected Cash,Expected vs Actual collections (chart),DERIVED,src/lib/mentee-payments.ts:360-385 expectedVsActualSeries() — payments.tsx:933-936; inputs: payment_schedule_items.due_date/amount_cents (expected) + payments.collected_at/amount_cents where status='paid' (actual),Per-day buckets of expected (schedule due) vs actual (paid) cents within the selected date range,$ (given unit=count is wrong),Selected date range,"Yes — both source tables .eq(""org_id"", orgId!) (payments.tsx:304,269)","payment_schedule_items ⋈ payments (both by client, aggregated by date — not directly joined row-to-row)",Chart tooltip only (no MetricDetailPanel),N/A,LIVE,A,N/A,None,"Per the plan file, this function (expectedVsActualSeries) was fully implemented+tested but had ZERO call sites before this pass — confirmed now wired in (payments.tsx:931-936,1196-1258), reviving dead-but-correct logic exactly as the plan proposed (§D).",LIVE,A
FULF-0670,Fulfillment → Payments,Payment Breakdown,Collected by processor,AGGREGATED,src/lib/payments-ledger.ts:226-235 groupByProcessor() — payments.tsx:607-615,sum(amount_cents) grouped by processor for status='paid' rows in filteredRows,$,Selected date range,Yes (inherits),None,Table only (no separate drilldown),N/A,PARTIALLY CONNECTED,B,See FULF-0654 (Stripe/PayPal/Fanbasis/Wise/Whop webhooks),None,Only populated once payments exist — see FULF-0654/0646 note on the payments table having no writer besides the 5 webhook routes.,PARTIALLY CONNECTED,B
FULF-0671,Fulfillment → Payments,Payment Breakdown,Collected by payment type,AGGREGATED,payments-ledger.ts:237-246 groupByPaymentType() — payments.tsx:616-627,sum(amount_cents) grouped by payment_type for paid rows,$,Selected date range,Yes,None,Table only,N/A,PARTIALLY CONNECTED,B,N/A,None,payment_type is set by the webhook handlers/whatever writes payments — same population dependency as 0670.,PARTIALLY CONNECTED,B
FULF-0672,Fulfillment → Payments,Payment Breakdown,High vs low ticket,AGGREGATED,payments-ledger.ts:248-258 groupByTicketTier() — payments.tsx:628-637,sum(amount_cents) grouped by resolved tierKey (see FULF-0656) for paid rows,$,Selected date range,Yes,payments ⋈ clients ⋈ leads (tier),Table only,Tier resolution depends on lead/traffic attribution (see 0656),PARTIALLY CONNECTED,B,N/A,None,Shows 'No tier data connected for these payments yet' honestly when empty (payments.tsx:1340-1342) rather than a fabricated 0-row table.,PARTIALLY CONNECTED,B
FULF-0673,Fulfillment → Payments,Payment Breakdown,PIF vs payment plan vs low-ticket MRR,AGGREGATED,src/lib/payments-ledger.ts:136-157 dealClassification() + 260-269 groupByDealClassification() — payments.tsx:638-649,"PIF (payment_plan=false) / Payment Plan (payment_plan=true, unlinked or non-MRR catalog plan) / Low-Ticket MRR (only when offer_payment_plans.cadence='mrr' or offers.pricing_type='mrr' — a REAL catalog link, never guessed) — grouped sum(amount_cents) for paid rows",$,Selected date range,Yes,payments ⋈ clients ⋈ offer_payment_plans ⋈ offers,Table only,N/A,LIVE,A,N/A,None,MRR-ness deliberately defaults to the honest 'payment_plan' label rather than guessing (code comment payments-ledger.ts:144-148).,LIVE,A
FULF-0674,Fulfillment → Payments,Renewal Operations — Kanban,Not Started,STATUS,"public.clients.renewal_stage — src/components/mentee-renewal-panel.tsx:88-99,1237-1247 (STAGES array)",Kanban column = clients grouped by renewal_stage (defaults to 'not_started' when null),count (of cards in column) + sum(contract_value_cents) shown as column total,All-time (view filter can narrow by health/search),"Yes — clients query .eq(""org_id"", orgId!) mentee-renewal-panel.tsx:599-608",None,Click a card opens the Edit mentee dialog,N/A,LIVE,A,N/A,None,"Drag-and-drop writes clients.renewal_stage + a mirrored renewal_work_items.stage row (updateStage mutation, mentee-renewal-panel.tsx:813-898) and fires a real Slack/Discord notification via notifyClientStageChangedFn.",LIVE,A
FULF-0675,Fulfillment → Payments,Renewal Operations — Kanban,Outreach Started,STATUS,Same as 0674 — renewal_stage='outreach_started',Same mechanism,count + $ total,All-time,Yes,None,Same,N/A,LIVE,A,N/A,None,Same mechanism as 0674.,LIVE,A
FULF-0676,Fulfillment → Payments,Renewal Operations — Kanban,Renewal Action/Next Step,STATUS,"Same as 0674 — renewal_stage='conversation' (DB value unchanged from spec's original 'conversation' key; only the DISPLAYED label was renamed from 'Conversation' to 'Renewal Action / Next Step' per a post-QA remediation, code comment mentee-renewal-panel.tsx:91-95)",Same mechanism,count + $ total,All-time,Yes,None,Same,N/A,LIVE,A,N/A,None,"Column label and underlying stage key intentionally differ — the stored value stays 'conversation' for backward compatibility, per the code comment.",LIVE,A
FULF-0677,Fulfillment → Payments,Renewal Operations — Kanban,Proposal/Payment Link Sent,STATUS,Same as 0674 — renewal_stage='proposal',Same mechanism,count + $ total,All-time,Yes,None,Same,N/A,LIVE,A,N/A,None,Same mechanism as 0674.,LIVE,A
FULF-0678,Fulfillment → Payments,Renewal Operations — Kanban,Renewed,STATUS,"Same as 0674 — renewal_stage='won' (also sets clients.status='active', mentee-renewal-panel.tsx:846)",Same mechanism,count + $ total,All-time,Yes,None,Same,N/A,LIVE,A,N/A,None,Same mechanism as 0674.,LIVE,A
FULF-0679,Fulfillment → Payments,Renewal Operations — Kanban,Churned,STATUS,"Same as 0674 — renewal_stage='churned' (also sets clients.status='churned', mentee-renewal-panel.tsx:845); dragging here prompts window.prompt() for an optional churn reason written to renewal_work_items.renewal_outcome (mentee-renewal-panel.tsx:853-856,867)",Same mechanism + optional reason capture,count + $ total,All-time,Yes,None,Same,N/A,LIVE,A,N/A,None,"Feeds Churn reason breakdown (FULF-0713) — a real capture point, though optional/best-effort (Cancel leaves it 'Not tracked').",LIVE,A
FULF-0680,Fulfillment → Payments,Renewal workflow,Stage,STATUS,"public.clients.renewal_stage, displayed in src/components/mentee-operations-panel.tsx:167-173",Direct column via stageLabel(),text (enum),All-time,Yes (inherits view scope),clients,Renewal Workflow card,N/A,LIVE,A,N/A,"DuplicateOf FULF-0674-0679 (same field, different rendering)",None.,LIVE,A
FULF-0681,Fulfillment → Payments,Renewal workflow,Owner,RAW,"public.renewal_work_items.next_action — mentee-operations-panel.tsx:73-106,174-204, prefixed 'Owner: <name>'","Free-text name typed into an inline input, stored by hijacking the next_action text column (NOT the table's own owner_id uuid column)",text,All-time,"Yes — .eq(""org_id"", orgId!) mentee-operations-panel.tsx:60",renewal_work_items ⋈ clients,Renewal Workflow card,N/A,PARTIALLY CONNECTED,B,N/A,None,"Notable anti-pattern: renewal_work_items HAS a real owner_id uuid column (migration 20260901090000...sql:86) but this UI does not use it — no team-member picker exists, so it stores the owner as a parsed 'Owner: X' prefix inside next_action instead (code comment mentee-operations-panel.tsx:81-84). This ALSO collides with FULF-0682/0668's own real use of next_action for a genuinely different purpose (the recovery queue's 'Last action') — same column name, two different semantics depending on which UI wrote it last, since a client can have entries in both renewal_work_items.next_action (here) and payment_recovery_items.next_action (Recovery Queue) which are different rows/tables so no direct collision, but within renewal_work_items itself only one next_action string exists per client, so setting Owner overwrites whatever 'reason'/next-step text might have been there.",PARTIALLY CONNECTED,B
FULF-0682,Fulfillment → Payments,Renewal workflow,Action date,RAW,public.clients.renewal_date — mentee-operations-panel.tsx:211-216 (labeled 'Action date'),Direct column,date,All-time,Yes (inherits),clients,Renewal Workflow card,N/A,PARTIALLY CONNECTED,B,N/A,None,"Misleading: renewal_work_items HAS its own next_action_at timestamptz column (migration 20260901090000...sql:92) that would be the semantically correct 'action date,' but this UI instead displays clients.renewal_date (the mentee's actual renewal date, a different concept) under the 'Action date' label — next_action_at is never read here.",PARTIALLY CONNECTED,B
FULF-0683,Fulfillment → Payments,Comms panel,Payment due,RAW,"public.scheduled_communications.trigger_type='payment_due' — src/components/mentee-scheduled-comms.tsx:67-90 (virtual, computed) + rows once queued",Virtual trigger: client.expected_next_payment_date within 0-14 days AND not already queued/dismissed,count (badge),Next 14 days (virtual) / all-time (once queued),"Yes — .eq(""org_id"", orgId!) mentee-scheduled-comms.tsx:51",clients (date fields only),Pending triggers list,N/A,LIVE,A,N/A,None,"trigger_type is schema-constrained to ONLY 'payment_due'/'renewal_due' (migration 20260903163745...sql:50) — no other trigger types exist, matching the already-confirmed ground truth.",LIVE,A
FULF-0684,Fulfillment → Payments,Comms panel,Renewal due,RAW,Same as 0683 — trigger_type='renewal_due',Virtual trigger: client.renewal_date within 0-14 days,count (badge),Next 14 days / all-time once queued,Yes (same),clients,Pending triggers list,N/A,LIVE,A,N/A,None,Same mechanism as 0683.,LIVE,A
FULF-0685,Fulfillment → Payments,Comms panel,Pending triggers,AGGREGATED,mentee-scheduled-comms.tsx:67-90 pendingTriggers,"Count of virtual (not-yet-queued) triggers = 0683 count + 0684 count, minus dismissed",count,Next 14 days,Yes,clients,Pending triggers list,N/A,LIVE,A,N/A,None,None.,LIVE,A
FULF-0686,Fulfillment → Payments,Comms panel,Queue,AGGREGATED,public.scheduled_communications rows — mentee-scheduled-comms.tsx:220-265,scheduled.length (real persisted rows),count,All-time,Yes,None,Queue list (send_status shown per row),N/A,PARTIALLY CONNECTED,B,"Real email/SMS provider (Resend/Twilio/etc.) — no evidence of intended provider beyond the ""No email/SMS provider connected"" badge (mentee-scheduled-comms.tsx:152-154)",None,"send_status only ever moves off 'not_connected' via the single manual 'Mark sent manually' button (mentee-scheduled-comms.tsx:125-138) — confirmed matches the already-established ground truth: 'queued' is real, 'sent' is self-reported, never a real delivery confirmation. Never call this 'delivered.'",PARTIALLY CONNECTED,B
FULF-0687,Fulfillment → Payments,Portfolio,value,AGGREGATED,public.clients.contract_value_cents — src/components/mentee-renewal-panel.tsx:1009-1010,sum(contract_value_cents) over ALL clients unconditionally — no date range,$,All-time,"Yes — .eq(""org_id"", orgId!) mentee-renewal-panel.tsx:599-608",None,Click opens 'Active mentees' MetricDetailPanel,N/A,LIVE,A,N/A,DuplicateOf FULF-0647 (see that row's note — this exact conflict is documented in the plan file),"Labeled 'value' (not 'Contracted') specifically to avoid being read as the same number as the Ledger's 'Total contracted' (FULF-0647) — per the plan's §A fix, confirmed implemented.",LIVE,A
FULF-0688,Fulfillment → Payments,Portfolio,active,AGGREGATED,public.clients.status — mentee-renewal-panel.tsx:1008,count(status==='active'),count,All-time,Yes (same),None,Click opens 'Active mentees' panel,N/A,LIVE,A,N/A,None,None.,LIVE,A
FULF-0689,Fulfillment → Payments,Portfolio,renewals <Nd,AGGREGATED,"public.clients.renewal_date — mentee-renewal-panel.tsx:1011-1015, N = workspace setting clients.renewalAtRiskDays (default in src/lib/workspace-settings.functions.ts)","count(daysUntilDate(renewal_date) in [0, renewalAtRiskDays))",count,Live (relative to today),Yes (same),None,Click opens 'Renewals < Nd' panel,N/A,LIVE,A,N/A,None,"N is a real, configurable workspace setting, not a hardcoded threshold — good practice matching this user's known preference against hardcoded/industry-floor thresholds.",LIVE,A
FULF-0690,Fulfillment → Payments,Portfolio,at-risk,AGGREGATED,src/lib/client-risk.ts clientAtRiskReason() — mentee-renewal-panel.tsx:1131-1140,count of clients where clientAtRiskReason() returns non-null (renewal<Nd with no conversation started OR renewal overdue),count,Live,Yes (same),None,Click opens 'At-risk mentees' panel / At-risk tab,N/A,LIVE,A,N/A,None,None.,LIVE,A
FULF-0691,Fulfillment → Payments,All mentees table,Contract,RAW,public.clients.contract_value_cents — mentee-renewal-panel.tsx:1838-1840,Direct column,$,Per-row,Yes,None,Row opens Edit mentee dialog,N/A,LIVE,A,N/A,None,None.,LIVE,A
FULF-0692,Fulfillment → Payments,All mentees table,Balance,DERIVED,mentee-renewal-panel.tsx:1815-1818,"max(0, contract_value_cents - invested_to_date_cents)",$,Per-row,Yes,None,Row,N/A,LIVE,A,N/A,None,Same formula as Total outstanding (FULF-0648) at the row level.,LIVE,A
FULF-0693,Fulfillment → Payments,All mentees table,Plan progress,DERIVED,"public.payment_schedule_items — src/lib/mentee-payments.ts:107-114 paymentProgress(), mentee-renewal-panel.tsx:1790-1791,1844-1864",count(status='paid')/count(total) schedule items for that client → 'X/Y paid' progress bar; falls back to 'N left (no schedule)' if no schedule rows exist,text ('3/5 paid'),Per-row (all-time for that client's schedule),Yes (schedule query org-scoped),payment_schedule_items ⋈ clients,Row,N/A,LIVE,A,N/A,None,None.,LIVE,A
FULF-0694,Fulfillment → Payments,All mentees table,Payment status,DERIVED,"mentee-renewal-panel.tsx:1792-1810, using effectiveScheduleStatus() (mentee-payments.ts:67-75)",'Paid in full' (not on a plan) / 'Overdue' (any schedule item aged past due) / 'Scheduled' (has an upcoming item) / 'Paid' (all items paid) / 'No schedule',text (enum),Read-time computed (ages 'scheduled' to 'overdue' as dates pass — no background job),Yes,payment_schedule_items,Row,N/A,LIVE,A,N/A,None,effectiveScheduleStatus never writes 'missed' — only scheduled/paid/overdue are real (matches confirmed ground truth).,LIVE,A
FULF-0695,Fulfillment → Payments,All mentees table,Days overdue,DERIVED,mentee-renewal-panel.tsx:1811-1813,abs(daysBetween(earliest overdue item's due_date)),count (days),Live,Yes,payment_schedule_items,Row,N/A,LIVE,A,N/A,None,None.,LIVE,A
FULF-0696,Fulfillment → Payments,All mentees table,Cadence,RAW,public.clients.payment_plan — mentee-renewal-panel.tsx:1892-1894,'Monthly' if payment_plan else '—',text,Per-row,Yes,None,Row,N/A,PARTIALLY CONNECTED,B,N/A,None,"Hardcoded 'Monthly' string, not read from any real cadence field — generatePaymentSchedule() (mentee-payments.ts:38-51) also only ever generates monthly schedules (comment: 'the only cadence InsightOS captures today'), so this is at least consistent with the real data, but there is no per-client cadence column.",PARTIALLY CONNECTED,B
FULF-0697,Fulfillment → Payments,All mentees table,Next payment,RAW,public.clients.expected_next_payment_date/_cents — mentee-renewal-panel.tsx:1895-1902,Direct columns,date + $,Per-row,Yes,None,Row,N/A,LIVE,A,N/A,None,None.,LIVE,A
FULF-0698,Fulfillment → Payments,All mentees table,Last payment,DERIVED,"public.payments.collected_at (max per client) — mentee-renewal-panel.tsx:1031-1039,1903-1905",max(collected_at) over that client's payments,date,Per-row (all-time),Yes,payments ⋈ clients,Row,N/A,LIVE,A,N/A,None,None.,LIVE,A
FULF-0699,Fulfillment → Payments,All mentees table,Renewal,RAW,public.clients.renewal_date — mentee-renewal-panel.tsx:1906,Direct column,date,Per-row,Yes,None,Row,N/A,LIVE,A,N/A,None,None.,LIVE,A
FULF-0700,Fulfillment → Payments,All mentees table,Stage,STATUS,public.clients.renewal_stage — mentee-renewal-panel.tsx:1907-1911,Direct column via stageLabel(),text (enum),Per-row,Yes,None,Row,N/A,LIVE,A,N/A,DuplicateOf FULF-0674-0680,None.,LIVE,A
FULF-0701,Fulfillment → Payments,All mentees table,Owner/next step,RAW,public.renewal_work_items.next_action — mentee-renewal-panel.tsx:1912-1914,Direct column ('Unassigned' fallback),text,Per-row,Yes,renewal_work_items ⋈ clients,Row,N/A,PARTIALLY CONNECTED,B,N/A,None,Same 'Owner:' text-prefix collision as FULF-0681.,PARTIALLY CONNECTED,B
FULF-0702,Fulfillment → Payments,All mentees table,Health,DERIVED,"src/lib/client-risk.ts evaluateTransparentHealth() — mentee-renewal-panel.tsx:1053-1080,1915-1932","Rule-based (not AI) health status from renewal proximity, whether a renewal conversation started, overdue $, failed-payment $, and days since last activity — always shows its real reasons, never a bare score alone",text (enum: healthy/watch/at_risk/critical/unavailable),Live,Yes,clients ⋈ payments (failed $) ⋈ payment_schedule_items (overdue),Row (title attribute shows reasons.join),N/A,LIVE,A,N/A,None,"'Transparent' by design — always shows human-readable reasons, not a bare number (code comment mentee-renewal-panel.tsx:1053-1055).",LIVE,A
FULF-0703,Fulfillment → Payments,LTV by offer,Mentees,AGGREGATED,mentee-renewal-panel.tsx:1142-1160,count(clients) grouped by offer_name,count,All-time (filtered view),Yes,None,Table row,N/A,LIVE,A,N/A,None,None.,LIVE,A
FULF-0704,Fulfillment → Payments,LTV by offer,Contracted,AGGREGATED,Same as 0703,sum(contract_value_cents) grouped by offer_name,$,All-time,Yes,None,Table row,N/A,LIVE,A,N/A,None,None.,LIVE,A
FULF-0705,Fulfillment → Payments,LTV by offer,Collected,AGGREGATED,src/lib/mentee-payments.ts:484-497 collectedLtvByOffer() — mentee-renewal-panel.tsx:1166-1173,sum(amount_cents) where status='paid' grouped by the client's offer_name,$ (given unit=count is wrong),All-time,Yes,payments ⋈ clients,Table row (Collected column),N/A,LIVE,A,N/A,None,"Confirms the plan file's note: this used to be a separate tab table, now merged as a second column next to Contracted (never summed into one number).",LIVE,A
FULF-0706,Fulfillment → Payments,LTV by offer,Avg deal,DERIVED,mentee-renewal-panel.tsx:1628-1630,"total contracted / mentee count, per offer",$ (given unit=% is wrong),All-time,Yes,None,Table row,N/A,LIVE,A,N/A,None,"Given unit=% is wrong — it's a dollar average, not a rate.",LIVE,A
FULF-0707,Fulfillment → Payments,LTV by offer,% of revenue,DERIVED,mentee-renewal-panel.tsx:1616,offer's contracted total / total portfolio contractedLtv * 100,%,All-time,Yes,None,Table row (progress bar),N/A,LIVE,A,N/A,None,None.,LIVE,A
FULF-0708,Fulfillment → Payments,Retention analytics,Renewal rate,DERIVED,"src/lib/mentee-payments.ts:407-418 renewalRatePct() — mentee-renewal-panel.tsx:1174,1664-1668","won / (won+churned) — decided-only, mid-pipeline mentees excluded from denominator",%,All-time (filtered view),Yes,None,None (stat card only),N/A,LIVE,A,N/A,None,None.,LIVE,A
FULF-0709,Fulfillment → Payments,Retention analytics,Renewal pipeline value,AGGREGATED,mentee-payments.ts:421-425 renewalPipelineValueCents(),sum(contract_value_cents) for clients in a non-terminal renewal_stage,$,All-time,Yes,None,None,N/A,LIVE,A,N/A,None,None.,LIVE,A
FULF-0710,Fulfillment → Payments,Retention analytics,Churned value,AGGREGATED,mentee-payments.ts:428-432 churnedValueCents(),sum(contract_value_cents) where renewal_stage='churned',$,All-time,Yes,None,None,N/A,LIVE,A,N/A,None,None.,LIVE,A
FULF-0711,Fulfillment → Payments,Retention analytics,Avg tenure at renewal decision,DERIVED,mentee-payments.ts:464-477 averageTenureAtRenewalOutcome(),"avg(renewal_date - start_date) in days, for decided (won/churned) clients with a real renewal_date",days (given unit=% is wrong),All-time,Yes,None,None,N/A,LIVE,A,N/A,None,"Given unit=% is wrong — it's a day count. Honestly labeled a 'tenure to first renewal decision proxy' in code, not a precise renewal-event timestamp claim (comment mentee-payments.ts:460-463).",LIVE,A
FULF-0712,Fulfillment → Payments,Retention analytics,conversion by offer/health/plan type/acquisition source/closer,DERIVED,"mentee-payments.ts:439-458 renewalConversionBy() (1 shared function, called 5x) — mentee-renewal-panel.tsx:1178-1224,1691-1710",won/(won+churned) grouped by 5 different keys,%,All-time,"Yes (health/plan-type computed from org-scoped data; acquisition/closer additionally joins leads/calls/profiles, all .eq(""org_id""/.in(leadIds) — mentee-renewal-panel.tsx:707-798)",clients ⋈ (leads ⋈ calls ⋈ profiles for source/closer cuts only),5 separate RenewalConversionTable widgets,Acquisition-source and closer cuts depend on clients.lead_id being populated and a resolvable call record — clients added manually (no lead) show 'Unknown / Unattributed' / 'Unknown' honestly.,LIVE,A,N/A,None,"One real function reused for all 5 cuts, not five near-duplicates (code comment mentee-renewal-panel.tsx:233-236).",LIVE,A
FULF-0713,Fulfillment → Payments,Retention analytics,Churn reason breakdown,AGGREGATED,"public.renewal_work_items.renewal_outcome — mentee-payments.ts:505-517 churnReasonBreakdown() — mentee-renewal-panel.tsx:1229-1236,1712-1739",count grouped by renewal_outcome for churned clients; defaults to 'Not tracked' when null,count,All-time,Yes,renewal_work_items ⋈ clients,Table,N/A,PARTIALLY CONNECTED,B,N/A,None,"renewal_outcome IS captured now (the churn-drag window.prompt(), FULF-0679) but is optional — most workspaces will honestly show 100% 'Not tracked' until reasons are consistently entered (code comment mentee-payments.ts:501-504, matches UI disclosure mentee-renewal-panel.tsx:1732-1738).",PARTIALLY CONNECTED,B
FULF-0714,Fulfillment → Payments,Not connected (disclosed),Gross/Net Revenue Retention,NOT AVAILABLE,"No source — explicitly disclosed as not shown, mentee-renewal-panel.tsx:1745-1752","N/A — this schema has no period-cohort snapshot table, so GRR/NRR would require guessing",$,N/A,N/A,N/A,N/A,N/A,NOT AVAILABLE,A,"Would require a new period-cohort revenue-snapshot table (schema/engineering work), not a data-connection.",None,Honestly disclosed inline rather than fabricated — matches the already-confirmed pattern in this repo of never inventing metrics without a real schema to back them.,NOT AVAILABLE,A
FULF-0715,Fulfillment → Payments,Not connected (disclosed),Save/Recovery Rate,NOT AVAILABLE,Same disclosure block as 0714,N/A — no historical risk-state-transition log exists to compute a true 'save rate',%,N/A,N/A,N/A,N/A,N/A,NOT AVAILABLE,A,Would require a persisted risk-state history table.,None,Honestly disclosed.,NOT AVAILABLE,A
FULF-0716,Fulfillment → Payments,Not connected (disclosed),Default vs Cancellation Rate,NOT AVAILABLE,Same disclosure block as 0714,N/A — same period-cohort gap,%,N/A,N/A,N/A,N/A,N/A,NOT AVAILABLE,A,Would require a period-cohort snapshot table.,None,Honestly disclosed.,NOT AVAILABLE,A
FULF-0717,Fulfillment → Payments,Not connected (disclosed),Avg Time to Pay in Full,NOT AVAILABLE,Same disclosure block as 0714,N/A — same period-cohort gap,days,N/A,N/A,N/A,N/A,N/A,NOT AVAILABLE,A,"Technically computable from payment_schedule_items + payments today (first-to-last-paid-installment gap), but currently not implemented — no evidence of an intended external source, just unbuilt logic.",None,Honestly disclosed rather than fabricated.,NOT AVAILABLE,A
FULF-0718,Fulfillment → Payments,Lifecycle evidence,Original Source,DIMENSION,"leads.source_platform (via clients.lead_id) resolved through src/lib/traffic-hierarchy.ts resolveLead() — mentee-renewal-panel.tsx:359-368,681-798",Resolved lead → content → traffic_source chain,text,Per-mentee,Yes — leads/calls/content_pieces/traffic_sources all queried with .in(leadIds)/.in(contentIds) filtered to this org's clients' lead_ids,clients ⋈ leads ⋈ content_pieces ⋈ traffic_sources ⋈ calls ⋈ profiles,'View Full Attribution →' link to /attribution,Yes — this IS the attribution tie-in for this domain,PARTIALLY CONNECTED,B,N/A,None,Renders 'Not Connected' honestly when client.lead_id is null (mentee-renewal-panel.tsx:364-366) — never guessed.,PARTIALLY CONNECTED,B
FULF-0719,Fulfillment → Payments,Lifecycle evidence,Setter/Dialer,DIMENSION,"calls.setter_id ⋈ profiles.display_name — mentee-renewal-panel.tsx:367,763-793",Most recent (or first closed) call for the mentee's lead → setter_id → profile name,text,Per-mentee,Yes (same join chain as 0718),clients ⋈ leads ⋈ calls ⋈ profiles,Same attribution strip,Yes,PARTIALLY CONNECTED,B,N/A,None,'Not Connected' when no lead_id or no matching call exists — same honesty pattern as 0718.,PARTIALLY CONNECTED,B
FULF-0720,Fulfillment → Payments,Lifecycle evidence,Closer,DIMENSION,calls.closer_id ⋈ profiles.display_name — same join chain as 0719,Same mechanism as 0719 (closer_id instead of setter_id),text,Per-mentee,Yes,Same,Same,Yes,PARTIALLY CONNECTED,B,N/A,None,Same pattern as 0719.,PARTIALLY CONNECTED,B
FULF-0721,Fulfillment → Payments,Lifecycle evidence,Offer,RAW,public.clients.offer_name — mentee-renewal-panel.tsx:369,Direct column,text,Per-mentee,Yes,None,Same strip,N/A,LIVE,A,N/A,None,None.,LIVE,A
FULF-0722,Fulfillment → Payments,Lifecycle evidence,Payment Plan,RAW,public.clients.payment_plan — mentee-renewal-panel.tsx:370-374,'Payment Plan' or 'Paid in full',text,Per-mentee,Yes,None,Same strip,N/A,LIVE,A,N/A,None,None.,LIVE,A
FULF-0723,Fulfillment → Payments,Lifecycle evidence,Cash,RAW,"src/lib/payments-ledger.ts:184-201 computeClientCashPosition() — mentee-renewal-panel.tsx:307,375",collectedCents for this client (sum of status='paid' payments),$,All-time,Yes,payments ⋈ clients,Same strip; 'Cash position' card below links to /payments,N/A,LIVE,A,N/A,None,Single source of truth shared with the Payments ledger (code comment payments-ledger.ts:180-183) — can't disagree between pages.,LIVE,A
FULF-0724,Fulfillment → Payments,Lifecycle evidence,Cash position,DERIVED,Same function as 0723 — mentee-renewal-panel.tsx:425-447,"'Owes $X' (outstandingCents>0) or 'Paid in full', plus 'collected of contracted' subtext",text + $,All-time,Yes,Same,Links to /payments?client=id,N/A,LIVE,A,N/A,None,None.,LIVE,A
FULF-0725,Fulfillment → Payments,Lifecycle evidence,per-installment status (Paid/Due today/Due soon/Scheduled/Overdue),DERIVED,src/lib/mentee-payments.ts:77-104 installmentUrgency() over payment_schedule_items — mentee-renewal-panel.tsx:454-493,Read-time classification layering 'due_today'/'due_soon' (<=3 days) on effectiveScheduleStatus()'s paid/overdue aging,text (enum),Live (relative to today),Yes,payment_schedule_items ⋈ clients,Full installment list rendered inline per mentee,N/A,LIVE,A,N/A,None,"Never fabricates a 'missed' state distinct from overdue — matches confirmed ground truth. This is the real, already-implemented per-installment visibility the plan file's §F called for.",LIVE,A
FULF-0726,Fulfillment → VSL Analytics,Per-tab (Main/Webinar/Post-booking/Testimonial),Total plays,RAW,"public.vsl_metric_snapshots.total_plays — src/routes/_authenticated.vsl.tsx:726-732, migration 20260704064935...sql:37+",Latest snapshot's column value,count,Latest captured_at snapshot (sparkline shows history),"Yes — vsls query .eq(""org_id"", org_id) src/lib/vsl.functions.ts:44-49; snapshots scoped by vsl_id (RLS presumably joins to vsls.org_id)",vsl_metric_snapshots ⋈ vsls,Sparkline only (no MetricDetailPanel),N/A,PARTIALLY CONNECTED,B,"Wistia (per UI subtitle/label, source: csv or manual)",None,"Explicitly labeled 'never a live API sync' in the UI (vsl.tsx:718-719) — every snapshot is either a manual entry or a CSV import (importCsvRows, vsl.functions.ts:215-...), never pulled live from Wistia's API.",PARTIALLY CONNECTED,B
FULF-0727,Fulfillment → VSL Analytics,Per-tab (Main/Webinar/Post-booking/Testimonial),Unique viewers,RAW,Same as 0726 — vsl_metric_snapshots.unique_viewers,Latest snapshot value,count,Latest snapshot,Yes (same),Same,Sparkline,N/A,PARTIALLY CONNECTED,B,Wistia (manual/CSV only),None,Same as 0726.,PARTIALLY CONNECTED,B
FULF-0728,Fulfillment → VSL Analytics,Per-tab (Main/Webinar/Post-booking/Testimonial),Play rate,RAW,Same as 0726 — vsl_metric_snapshots.play_rate,"Latest snapshot value (stored, not computed client-side despite type=DERIVED given)",%,Latest snapshot,Yes (same),Same,Sparkline,N/A,PARTIALLY CONNECTED,B,Wistia (manual/CSV only),None,"Stored directly on the row at import/manual-entry time (addSnapshot input, vsl.functions.ts:121) — not derived client-side from plays/loads, so classification is RAW, not DERIVED as given.",PARTIALLY CONNECTED,B
FULF-0729,Fulfillment → VSL Analytics,Per-tab (Main/Webinar/Post-booking/Testimonial),Avg % watched,RAW,Same as 0726 — vsl_metric_snapshots.avg_percent_watched,Latest snapshot value,%,Latest snapshot,Yes (same),Same,Sparkline,N/A,PARTIALLY CONNECTED,B,Wistia (manual/CSV only),None,"Same RAW-not-DERIVED correction as 0728; UI thresholds it <40% as destructive (vsl.tsx:751), a real (if hardcoded) quality bar.",PARTIALLY CONNECTED,B
FULF-0730,Fulfillment → VSL Analytics,Per-tab (Main/Webinar/Post-booking/Testimonial),Page loads,RAW,Same as 0726 — vsl_metric_snapshots.page_loads,Latest snapshot value,count,Latest snapshot,Yes (same),Same,Sparkline,N/A,PARTIALLY CONNECTED,B,Wistia (manual/CSV only),None,Same as 0726.,PARTIALLY CONNECTED,B
FULF-0731,Fulfillment → VSL Analytics,AI Insights,Largest leak,DERIVED (AI),src/lib/vsl.functions.ts:329-428 analyzeVsl() — Lovable AI Gateway (gemini-2.5-flash) over the last 20 vsl_metric_snapshots + transcript_json/script,AI identifies the biggest retention-milestone drop with a confidence score; null if data too sparse (per-prompt instruction vsl.functions.ts:400),text + confidence 0-1,Last 20 snapshots (all-time within that cap),"Yes — vsls.org_id scoped (vsl.functions.ts:333-338), snapshots by vsl_id",vsl_metric_snapshots ⋈ vsls,None (prose card only),N/A,LIVE,A,N/A,None,Confidence explicitly told never to be high from a single snapshot (system prompt vsl.functions.ts:402); throws 'No metric snapshots yet' if none exist (vsl.functions.ts:346) rather than fabricating an insight.,LIVE,A
FULF-0732,Fulfillment → VSL Analytics,AI Insights,Bottlenecks,DERIVED (AI),Same call as 0731,Same AI call — 'bottlenecks' array in response,text list + confidence,Same as 0731,Yes,Same,None,N/A,LIVE,A,N/A,None,Same call as 0731 (one request returns all 4 insight groups).,LIVE,A
FULF-0733,Fulfillment → VSL Analytics,AI Insights,Double down,DERIVED (AI),Same call as 0731,Same AI call — 'double_down' array,text list + confidence,Same as 0731,Yes,Same,None,N/A,LIVE,A,N/A,None,Same call as 0731.,LIVE,A
FULF-0734,Fulfillment → VSL Analytics,AI Insights,Drop-off moments,DERIVED (AI),Same call as 0731,Same AI call — 'drop_off_moments' array (timestamp + why + confidence),text list + confidence,Same as 0731,Yes,Same,None,N/A,LIVE,A,N/A,None,Same call as 0731.,LIVE,A
FULF-0735,Fulfillment → VSL Analytics,Full funnel,Landing → play → milestones → completion → CTA → booking → show → close → cash,DERIVED,src/lib/vsl.functions.ts:431-... getVslFunnelData() — Wistia-native stages from vsl_metric_snapshots (single latest snapshot); application/show/close/cash stages from leads/calls tagged via leads.source_vsl_id within the selected date range — vsl.tsx:151-268,Mixed-window funnel: first 4-5 stages are a single latest reading (not range-scoped); last 4 stages ARE range-scoped by source_vsl_id,$ (cash stage) / count (other stages),Wistia stages: latest snapshot only (not range-scoped); CRM stages: selected date range — BOTH facts disclosed in the subtitle (vsl.tsx:260),Yes,vsl_metric_snapshots ⋈ vsls ⋈ (leads ⋈ calls via source_vsl_id),MetricDetailPanel per CRM stage (Application/Show/Close) — vsl.tsx:214-245,"Yes — source_vsl_id is the attribution tie from lead/call to VSL, real but requires a booking flow to tag it",PARTIALLY CONNECTED,A,"Wistia (snapshot stages); booking-flow auto-tagging for source_vsl_id — no evidence of an intended automated tagger, currently a real 0 there just means 'checked, none tagged yet' per the UI's own disclosure (vsl.tsx:264-267)",None,Extremely well-disclosed: explicitly tells the user 'none of it is a live Wistia API sync' and that a real 0 in the CRM stages doesn't mean broken — a model example of honest metric labeling in this codebase.,PARTIALLY CONNECTED,A
FULF-0736,Fulfillment → VSL Analytics,FAQ Videos tab,Dominant Limiting Belief,DERIVED,"public.faq_videos — vsl.tsx:114-126,1277-1358, migration 20260809235545...sql:2","Top faq_videos row by clicks (max), title displayed as the ""dominant limiting belief""",text + count (clicks),All-time,"Yes — .eq(""org_id"", orgId!) vsl.tsx:1285",None,Card links via mechanism chip,N/A,PARTIALLY CONNECTED,B,N/A,None,"clicks/plays are logged MANUALLY (no post-booking delivery surface exists yet — UI subtitle vsl.tsx:1321), not from any real viewer-tracking pipeline.",PARTIALLY CONNECTED,B
FULF-0737,Fulfillment → VSL Analytics,FAQ Videos tab,per-video clicks/plays/% watched,RAW,public.faq_videos.clicks/plays/avg_watch_pct — vsl.tsx:114-126,"Manually-entered integer fields (edit dialog, vsl.tsx:1643-1660)",count / count / %,Per-video (no timestamp/history — single current value),Yes (same),None,Video edit dialog,N/A,PARTIALLY CONNECTED,B,N/A,None,"Given type=DERIVED is wrong — these are directly-entered raw fields, not computed from anything; no history/snapshot table, so there's no trend, only a current value.",PARTIALLY CONNECTED,B
OPSW-0738,Ops → Webinar Analytics,Executive KPIs,Total Leads,AGGREGATED,"public.webinar_metrics (paid_leads+organic_leads) — src/lib/webinar-analytics.ts:33-35, src/routes/_authenticated.webinar-analytics.tsx:426-431",paidLeads + organicLeads summed across all webinar_metrics rows in scope/range,count,Selected date range (captured_at),"Yes — .eq(""org_id"", orgId) webinar-analytics.tsx:179",webinar_metrics (⋈ webinars for scope filtering via webinar_id),"None (KpiBand tile, not clickable for this metric)",N/A,NEEDS INTEGRATION,A,"A webinar platform (WebinarJam/EverWebinar/Zoom Webinar/etc.) via CSV import or API, plus an in-app ""create webinar"" flow — neither exists yet",None,"CRITICAL, DOMAIN-WIDE FINDING: grep confirms there is NO insert() anywhere in this codebase into public.webinars, public.webinar_metrics, public.webinar_events, or public.acquisition_spend — webinar-analytics.tsx and use-webinars.ts are 100% read-only. There is no ""create webinar"" UI, no CSV import (unlike VSL's real importCsvRows), no webhook route, and record_webinar_event() (webinar-events.ts:77-96) has ZERO callers anywhere in the app. RLS policies DO permit org-member writes (migration 20260827090000...sql:45-51,69-76,118-125), so the schema is ready, but nothing in the application ever calls them. In a real (non-manually-seeded-via-SQL) workspace this entire page permanently shows the ""No webinars yet"" empty state (webinar-analytics.tsx:398-403). Every downstream metric below inherits this same status; the read/aggregation code itself (aggregateWebinarMetrics, webinar-analytics.ts) is honest and well-built (no fabrication, correct null-vs-zero handling) — this is a pure ingestion gap, not a logic bug. webinar-mock-data.ts is confirmed used ONLY under devBypass (webinar-analytics.tsx:151-154,172-174,196,213-215,241-243), never as a live-workspace fallback.",NEEDS INTEGRATION,A
OPSW-0739,Ops → Webinar Analytics,Executive KPIs,Show-up Rate,DERIVED,"webinar-analytics.ts:38-39,70 — liveAttendees/registered, preferring real webinar_events (event_type in live/joined/attended ÷ registered) over the webinar_metrics aggregate columns when events exist","divide(liveAttendees, registered)",%,Selected date range,Yes,webinar_events or webinar_metrics,None,N/A,NEEDS INTEGRATION,A,Same as 0738 (webinar platform + event pipeline),None,Correctly shows 'Unavailable' with hint 'Requires event-backed live-attendance data' when no events exist (webinar-analytics.tsx:436-445) — never fabricated. See OPSW-0738 for the root cause.,NEEDS INTEGRATION,A
OPSW-0740,Ops → Webinar Analytics,Executive KPIs,Live at Pitch,AGGREGATED,"webinar_events event_type='pitch' (preferred) or webinar_metrics.pitch_attendees — webinar-analytics.ts:40-41,72",count(pitch events) or sum(pitch_attendees),count,Selected date range,Yes,webinar_events ⋈ webinars,"MetricDetailPanel with real per-lead rows — ONLY when real webinar_events exist for this webinar (webinar-analytics.tsx:452-461,539-573) — every other KPI on this page has no row-level drilldown at all",Yes (lead_id per pitch event),NEEDS INTEGRATION,A,Same as 0738,None,The ONE Executive KPI with a real per-lead join available (code comment webinar-analytics.tsx:121-126) — but still blocked by the same zero-writers gap (0738).,NEEDS INTEGRATION,A
OPSW-0741,Ops → Webinar Analytics,Executive KPIs,Total Revenue,AGGREGATED,"webinar_metrics.core_revenue_cents+order_bump_revenue_cents+upsell_revenue_cents — webinar-analytics.ts:42-46,99-101",Sum across the 3 revenue columns for rows in range,$,Selected date range,Yes,webinar_metrics,None,N/A,NEEDS INTEGRATION,A,Same as 0738,None,Same root cause as 0738.,NEEDS INTEGRATION,A
OPSW-0742,Ops → Webinar Analytics,Executive KPIs,Cash Collected,PLACEHOLDER,"None — explicitly disclosed 'Not tracked', webinar-analytics.tsx:470-485",N/A — no column on webinar_metrics or the event pipeline distinguishes cash collected from contracted/closed revenue (unlike calls.cash_collected_cents used elsewhere in this app),$,N/A,N/A,N/A,N/A,N/A,NOT AVAILABLE,A,"Requires linking webinar leads to a closed call's cash collected (per the UI's own emptyHint text) — schema/engineering work, not a data connection.",None,Honestly disclosed as 'Not tracked' (empty:true) rather than reusing totalRevenueCents under a new label (code comment webinar-analytics.tsx:471-477) — a model example of not fabricating a metric.,NOT AVAILABLE,A
OPSW-0743,Ops → Webinar Analytics,Executive KPIs,Ad Cash Collected,PLACEHOLDER,Same disclosure as 0742 — webinar-analytics.tsx:486-500,"N/A — even narrower gap than 0742: no per-lead paid-vs-organic split of dollars exists, only lead COUNTS are split",$,N/A,N/A,N/A,N/A,N/A,NOT AVAILABLE,A,Would require per-lead revenue attribution split by paid/organic.,None,Honestly disclosed 'Not tracked'.,NOT AVAILABLE,A
OPSW-0744,Ops → Webinar Analytics,Executive KPIs,Ad Total Revenue,PLACEHOLDER,Same disclosure as 0742-0743 — webinar-analytics.tsx:501-509,N/A — same per-lead paid/organic revenue split gap,$,N/A,N/A,N/A,N/A,N/A,NOT AVAILABLE,A,Same as 0743.,None,Honestly disclosed 'Not tracked'.,NOT AVAILABLE,A
OPSW-0745,Ops → Webinar Analytics,Executive KPIs,Ad Spend,RAW,"public.acquisition_spend.spend_amount_cents — webinar-analytics.tsx:237-276,510-519, src/lib/acquisition.ts calculateAcquisitionMetrics()",sum(spend_amount_cents) for rows in range/scope,$,Selected date range (spend_date),"Yes — .eq(""org_id"", orgId) webinar-analytics.tsx:250",acquisition_spend ⋈ webinars (by webinar_id when scoped),None,Yes — this is the ad-spend side of the webinar-to-cash attribution chain,NEEDS INTEGRATION,A,"Meta/Google/TikTok ads API or CSV import — no writer exists (grep confirmed: only 2 read call sites in the whole app, webinar-analytics.tsx and dashboard.tsx)",None,Same zero-writer gap as webinars/webinar_metrics — acquisition_spend has no insert() anywhere in the codebase either.,NEEDS INTEGRATION,A
OPSW-0746,Ops → Webinar Analytics,Executive KPIs,ROAS,DERIVED,"webinar-analytics.ts:102 — spendCents>0 && revenueCents>0 ? revenueCents/spendCents : null, webinar-analytics.tsx:339-348,520-536",revenueCents / spendCents,"x (multiplier, given unit=% is imprecise)",Selected date range,Yes,acquisition_spend ⋈ webinar_metrics,None,Yes,NEEDS INTEGRATION,A,Same as 0738/0745,None,"Correctly shows 'N/A — Organic' for organic-only scope and 'Unavailable' otherwise, never a fabricated ratio (webinar-analytics.tsx:339-348).",NEEDS INTEGRATION,A
OPSW-0747,Ops → Webinar Analytics,Acquisition efficiency,Lead Capture Investment,RAW,Same acquisition_spend source as 0745 — webinar-analytics.tsx:583-592,sum(spend_amount_cents),$,Selected date range,Yes,acquisition_spend,None,N/A,NEEDS INTEGRATION,A,Same as 0745,None,Same root cause as 0745.,NEEDS INTEGRATION,A
OPSW-0748,Ops → Webinar Analytics,Acquisition efficiency,Impressions,RAW,acquisition_spend.impressions — webinar-analytics.tsx:593-599,sum(impressions),count,Selected date range,Yes,acquisition_spend,None,N/A,NEEDS INTEGRATION,A,Same as 0745,None,None.,NEEDS INTEGRATION,A
OPSW-0749,Ops → Webinar Analytics,Acquisition efficiency,Clicks,RAW,acquisition_spend.clicks — webinar-analytics.tsx:600-606,sum(clicks),count,Selected date range,Yes,acquisition_spend,None,N/A,NEEDS INTEGRATION,A,Same as 0745,None,None.,NEEDS INTEGRATION,A
OPSW-0750,Ops → Webinar Analytics,Acquisition efficiency,CTR,DERIVED,src/lib/acquisition.ts calculateAcquisitionMetrics() — webinar-analytics.tsx:607-617,clicks / paidVisits,% (given unit=count is wrong),Selected date range,Yes,acquisition_spend,None,N/A,NEEDS INTEGRATION,A,Same as 0745,None,Given unit=count should be %.,NEEDS INTEGRATION,A
OPSW-0751,Ops → Webinar Analytics,Acquisition efficiency,CPC,DERIVED,Same as 0750,spendCents / clicks,$ (given unit=count is wrong),Selected date range,Yes,acquisition_spend,None,N/A,NEEDS INTEGRATION,A,Same as 0745,None,Given unit=count should be $.,NEEDS INTEGRATION,A
OPSW-0752,Ops → Webinar Analytics,Acquisition efficiency,CPL,DERIVED,Same as 0750,spendCents / paidLeads,$ (given unit=count is wrong),Selected date range,Yes,acquisition_spend ⋈ webinar_metrics,None,N/A,NEEDS INTEGRATION,A,Same as 0745,None,Given unit=count should be $.,NEEDS INTEGRATION,A
OPSW-0753,Ops → Webinar Analytics,Acquisition efficiency,CPA,DERIVED,Same as 0750,spendCents / sales,$ (given unit=count is wrong),Selected date range,Yes,acquisition_spend ⋈ (webinar_metrics or webinar_events sales),None,N/A,NEEDS INTEGRATION,A,Same as 0745,None,Given unit=count should be $.,NEEDS INTEGRATION,A
OPSW-0754,Ops → Webinar Analytics,Acquisition efficiency,ROAS,DERIVED,Same as 0750 (acquisition.roas),Same formula as OPSW-0746 (a second ROAS computation using acquisition-ledger totals rather than webinar_metrics totals),x,Selected date range,Yes,Same,None,Yes,NEEDS INTEGRATION,A,Same as 0745,DuplicateOf OPSW-0746,"Two separate ROAS numbers exist on this page (Executive KPIs' and Acquisition efficiency's) — both real formulas but computed from different input sets (webinar_metrics-derived revenue vs. the acquisition-ledger's own revenue figure), which COULD diverge; worth flagging as a near-duplicate the way the plan file flagged Payments' Contracted/Portfolio conflict.",NEEDS INTEGRATION,A
OPSW-0755,Ops → Webinar Analytics,Paid vs organic,Total Leads,AGGREGATED,webinar_metrics.paid_leads+organic_leads — webinar-analytics.tsx:687-691,Same as OPSW-0738's totalLeads,count,Selected date range,Yes,webinar_metrics,None,N/A,NEEDS INTEGRATION,A,Same as 0738,DuplicateOf OPSW-0738,Same underlying number re-shown in a second section.,NEEDS INTEGRATION,A
OPSW-0756,Ops → Webinar Analytics,Paid vs organic,Paid Leads,RAW,webinar_metrics.paid_leads — webinar-analytics.tsx:692-699,sum(paid_leads),count,Selected date range,Yes,webinar_metrics,None,N/A,NEEDS INTEGRATION,A,Same as 0738,None,None.,NEEDS INTEGRATION,A
OPSW-0757,Ops → Webinar Analytics,Paid vs organic,Organic Leads,RAW,webinar_metrics.organic_leads — webinar-analytics.tsx:700-707,sum(organic_leads),count,Selected date range,Yes,webinar_metrics,None,N/A,NEEDS INTEGRATION,A,Same as 0738,None,None.,NEEDS INTEGRATION,A
OPSW-0758,Ops → Webinar Analytics,Paid vs organic,Cost per Paid Lead,DERIVED,webinar-analytics.tsx:708-718 (summary.capture.cplCents),spendCents / paidLeads,$,Selected date range,Yes,acquisition_spend ⋈ webinar_metrics,None,N/A,NEEDS INTEGRATION,A,Same as 0745,DuplicateOf OPSW-0752 (CPL),"Same formula/number as Acquisition efficiency's CPL, shown a second time.",NEEDS INTEGRATION,A
OPSW-0759,Ops → Webinar Analytics,Traffic analytics,Visitors,RAW,"acquisition_spend.paid_visits (acquisition.paidVisits) — webinar-analytics.tsx:729,898-941",sum(paid_visits),count,Selected date range,Yes,acquisition_spend,None,N/A,NEEDS INTEGRATION,A,Same as 0745,None,"Note: this is PAID visits only — organic traffic/visits have no source at all in this schema, so 'Visitors' silently only reflects the paid channel.",NEEDS INTEGRATION,A
OPSW-0760,Ops → Webinar Analytics,Traffic analytics,Sign up rate,DERIVED,webinar-analytics.tsx:909-912,registered / visitors,%,Selected date range,Yes,acquisition_spend ⋈ webinar_metrics/webinar_events,None,N/A,NEEDS INTEGRATION,A,Same as 0745/0738,None,None.,NEEDS INTEGRATION,A
OPSW-0761,Ops → Webinar Analytics,Traffic analytics,Registrants,AGGREGATED,webinar_metrics.registered or webinar_events (event_type='registered') — webinar-analytics.ts:38,Preferring real events when present,count,Selected date range,Yes,webinar_metrics or webinar_events,None,N/A,NEEDS INTEGRATION,A,Same as 0738,DuplicateOf OPSW-0772 (Audience retention 'Registered'),Same underlying number shown twice.,NEEDS INTEGRATION,A
OPSW-0762,Ops → Webinar Analytics,Traffic analytics,Show up rate,DERIVED,Same as OPSW-0739,liveAttendees/registered,%,Selected date range,Yes,Same as 0739,None,N/A,NEEDS INTEGRATION,A,Same as 0738,DuplicateOf OPSW-0739,Same number shown twice.,NEEDS INTEGRATION,A
OPSW-0763,Ops → Webinar Analytics,Traffic analytics,Live attendees,AGGREGATED,Same as 0738's liveAttendees,Same formula as 0738,count,Selected date range,Yes,Same,None,N/A,NEEDS INTEGRATION,A,Same as 0738,"DuplicateOf OPSW-0766, OPSW-0773, OPSW-0792 (same number shown 4 times across sections)",Same number shown in 4 different sections of this page.,NEEDS INTEGRATION,A
OPSW-0764,Ops → Webinar Analytics,Traffic analytics,Replay share,DERIVED,"retention array (retentionCurve/retentionFromEvents, webinar-events.ts:227-258) — webinar-analytics.tsx:732-735,916-919",replayAttendees / registered — replayAttendees itself only populates when a 'replay' point exists in the event-derived retention curve,%,Selected date range,Yes,webinar_events,None,N/A,NEEDS INTEGRATION,A,"Same as 0738 (plus requires real event data specifically, more so than the aggregate-column KPIs)",None,"retentionFromEvents() only ever emits Registered/Live attendance/At pitch points (webinar-events.ts:239-253) — there is NO 'replay' point in the real implementation despite the UI trying to find one via label.includes('replay') (webinar-analytics.tsx:733), so this is ALWAYS null/Unavailable today even if events existed — a real, additional gap beyond the zero-writer issue.",NEEDS INTEGRATION,A
OPSW-0765,Ops → Webinar Analytics,Traffic analytics,Replay attendees,RAW,Same as 0764,Same lookup as 0764 — always null per the note above (no 'replay' label ever emitted by retentionFromEvents),count,Selected date range,Yes,webinar_events,None,N/A,NOT AVAILABLE,A,Same as 0764,None,"Code exists to look for it but the producing function never emits a matching point — effectively dead code, not just unpopulated.",NOT AVAILABLE,A
OPSW-0766,Ops → Webinar Analytics,Key metrics,Live attendees,AGGREGATED,"Same liveAttendees as 0738 — webinar-analytics.tsx:744,1024",Same formula,count,Selected date range,Yes,Same,None,N/A,NEEDS INTEGRATION,A,Same as 0738,DuplicateOf OPSW-0738/0763/0773/0792,Same number shown yet again.,NEEDS INTEGRATION,A
OPSW-0767,Ops → Webinar Analytics,Key metrics,Session length,PLACEHOLDER,"None — hardcoded string 'Unavailable', webinar-analytics.tsx:1025",N/A — no column/derivation exists anywhere in this schema for session length,N/A,N/A,N/A,N/A,N/A,N/A,NOT AVAILABLE,A,Would require per-session join/leave timestamps from a real webinar platform integration.,None,"Literally a hardcoded ""Unavailable"" string, not backed by any query — but honestly disclosed, not fabricated.",NOT AVAILABLE,A
OPSW-0768,Ops → Webinar Analytics,Key metrics,Avg time on live room,PLACEHOLDER,"None — hardcoded 'Unavailable', webinar-analytics.tsx:1026",N/A — same gap as 0767,N/A,N/A,N/A,N/A,N/A,N/A,NOT AVAILABLE,A,Same as 0767,None,"Hardcoded placeholder string, honestly disclosed.",NOT AVAILABLE,A
OPSW-0769,Ops → Webinar Analytics,Key metrics,Saw full webinar,DERIVED,"summary.webinar.retentionUntilPitch — webinar-analytics.ts:73, webinar-analytics.tsx:1029-1031",pitchAttendees / liveAttendees,%,Selected date range,Yes,webinar_events,None,N/A,NEEDS INTEGRATION,A,Same as 0738 (requires real events),DuplicateOf OPSW-0775 (Audience retention 'Retention')/OPSW-0787-adjacent,"Labeled 'Saw the full webinar' but the real formula is pitch-attendance ÷ live-attendance (not literally 'watched to the end') — a naming imprecision, though the underlying number is real once events exist.",NEEDS INTEGRATION,A
OPSW-0770,Ops → Webinar Analytics,Key metrics,Sales,AGGREGATED,"webinar_metrics.sales or webinar_events close/sale count — webinar-analytics.ts:48,100",Same totalSales as used in Revenue/ROAS,count,Selected date range,Yes,webinar_metrics or webinar_events,None,N/A,NEEDS INTEGRATION,A,Same as 0738,DuplicateOf OPSW-0777/0795,Same number shown in 3 places.,NEEDS INTEGRATION,A
OPSW-0771,Ops → Webinar Analytics,Key metrics,Revenue,AGGREGATED,Same as OPSW-0741,Same totalRevenueCents,$,Selected date range,Yes,webinar_metrics,None,N/A,NEEDS INTEGRATION,A,Same as 0738,DuplicateOf OPSW-0741/0778/0796,Same number shown 4 times across the page.,NEEDS INTEGRATION,A
OPSW-0772,Ops → Webinar Analytics,Audience retention,Registered,AGGREGATED,Same as OPSW-0761 — webinar-analytics.tsx:1179,Same formula,count,Selected date range,Yes,Same,None,N/A,NEEDS INTEGRATION,A,Same as 0738,DuplicateOf OPSW-0761,Same number a 3rd time.,NEEDS INTEGRATION,A
OPSW-0773,Ops → Webinar Analytics,Audience retention,Live attendees,AGGREGATED,Same as OPSW-0738 — webinar-analytics.tsx:1180,Same formula,count,Selected date range,Yes,Same,None,N/A,NEEDS INTEGRATION,A,Same as 0738,DuplicateOf OPSW-0738/0763/0766/0792,Same number a 5th time.,NEEDS INTEGRATION,A
OPSW-0774,Ops → Webinar Analytics,Audience retention,At pitch,AGGREGATED,Same as OPSW-0740 (pitchAttendees) — webinar-analytics.tsx:1181,Same formula,count,Selected date range,Yes,Same,None,N/A,NEEDS INTEGRATION,A,Same as 0738,DuplicateOf OPSW-0740/0793,Same number a 3rd time.,NEEDS INTEGRATION,A
OPSW-0775,Ops → Webinar Analytics,Audience retention,Retention,DERIVED,Same as OPSW-0769 (retentionUntilPitch) — webinar-analytics.tsx:1182-1186,pitchAttendees / liveAttendees,%,Selected date range,Yes,webinar_events,None,N/A,NEEDS INTEGRATION,A,Same as 0738,DuplicateOf OPSW-0769,"Labeled here more honestly: 'Attendees still present at the pitch, as a share of live attendees — not of total registered' (hint text webinar-analytics.tsx:1185) — same number as 0769, clearer label.",NEEDS INTEGRATION,A
OPSW-0776,Ops → Webinar Analytics,Closing & return,Deposits,AGGREGATED,"webinar_metrics.deposits or webinar_events deposit count — webinar-analytics.ts:47,80, webinar-analytics.tsx:769",Same deposits value used in salesSetting,"count (given unit=$ is wrong — deposits is a COUNT of deposit events/rows, not a dollar figure)",Selected date range,Yes,webinar_metrics or webinar_events,None,N/A,NEEDS INTEGRATION,A,Same as 0738,DuplicateOf OPSW-0794,"Given unit=$ is wrong: aggregateWebinarMetrics() defines deposits as an event/row COUNT (webinar-analytics.ts:47,80), not a dollar amount — there is no deposit-dollar-amount column anywhere in this schema.",NEEDS INTEGRATION,A
OPSW-0777,Ops → Webinar Analytics,Closing & return,Sales,AGGREGATED,Same as OPSW-0770 (totalSales) — webinar-analytics.tsx:770,Same formula,count,Selected date range,Yes,Same,None,N/A,NEEDS INTEGRATION,A,Same as 0738,DuplicateOf OPSW-0770/0795,Same number a 3rd time.,NEEDS INTEGRATION,A
OPSW-0778,Ops → Webinar Analytics,Closing & return,Contracted revenue,AGGREGATED,Same as OPSW-0741 (totalRevenueCents) — webinar-analytics.tsx:771,Same formula,$,Selected date range,Yes,webinar_metrics,None,N/A,NEEDS INTEGRATION,A,Same as 0738,DuplicateOf OPSW-0741/0771/0796,Same number a 5th time.,NEEDS INTEGRATION,A
OPSW-0779,Ops → Webinar Analytics,Closing & return,Core offer revenue,RAW,webinar_metrics.core_revenue_cents — webinar-analytics.tsx:772,sum(core_revenue_cents),$,Selected date range,Yes,webinar_metrics,None,N/A,NEEDS INTEGRATION,A,Same as 0738,None,"Distinct from Total/Contracted revenue — excludes order-bump and upsell revenue, a genuinely different real number (not a duplicate).",NEEDS INTEGRATION,A
OPSW-0780,Ops → Webinar Analytics,Closing & return,Refunds,RAW,webinar_metrics.refunds_cents — webinar-analytics.tsx:773,sum(refunds_cents),$ (given unit=count is wrong),Selected date range,Yes,webinar_metrics,None,N/A,NEEDS INTEGRATION,A,Same as 0738,None,Given unit=count should be $.,NEEDS INTEGRATION,A
OPSW-0781,Ops → Webinar Analytics,Closing & return,Order bump revenue,RAW,webinar_metrics.order_bump_revenue_cents — webinar-analytics.tsx:774,sum(order_bump_revenue_cents),$,Selected date range,Yes,webinar_metrics,None,N/A,NEEDS INTEGRATION,A,Same as 0738,None,None.,NEEDS INTEGRATION,A
OPSW-0782,Ops → Webinar Analytics,Closing & return,Upsell revenue,RAW,webinar_metrics.upsell_revenue_cents — webinar-analytics.tsx:775,sum(upsell_revenue_cents),$,Selected date range,Yes,webinar_metrics,None,N/A,NEEDS INTEGRATION,A,Same as 0738,None,None.,NEEDS INTEGRATION,A
OPSW-0783,Ops → Webinar Analytics,Closing & return,ROAS,DERIVED,Same as OPSW-0746 — webinar-analytics.tsx:776-783,Same formula (core+bump+upsell revenue / spend),x,Selected date range,Yes,webinar_metrics ⋈ acquisition_spend,None,Yes,NEEDS INTEGRATION,A,Same as 0745,DuplicateOf OPSW-0746/0754,Same ROAS number a 3rd time.,NEEDS INTEGRATION,A
OPSW-0784,Ops → Webinar Analytics,Closing & return,Net profit,RAW,"src/lib/operating-workflows.ts webinarProfit() — webinar-analytics.tsx:301-315,784-789",coreRevenueCents - attributableCostsCents (cashCollectedCents explicitly left null — see note),$ (given unit=count is wrong),Selected date range,Yes,webinar_metrics ⋈ acquisition_spend,None,Yes,NEEDS INTEGRATION,A,Same as 0738/0745,None,"cashCollectedCents is deliberately passed as null (code comment webinar-analytics.tsx:305-310) — no column distinguishes cash collected from contracted revenue, so 'Net profit' here is computed on a realized/contracted basis, not a true cash-collected basis; shown as 'Unavailable — cost data not connected' when spend is missing.",NEEDS INTEGRATION,A
OPSW-0785,Ops → Webinar Analytics,During/after pitch,During-pitch sales/revenue,DERIVED,src/lib/webinar-events.ts:133-225 splitPitchOutcomes() — webinar-analytics.tsx:796-802,close/sale events with no prior booked_call event for that lead_id; revenue only summed from events whose metadata.amount_cents is present,count + $ (null when 0 of N sale events carry an amount),Selected date range,Yes,webinar_events,None,Yes (lead_id-based classification),NEEDS INTEGRATION,A,Same as 0738 (requires real webinar_events specifically — no webinar_metrics fallback exists for this metric),None,Very well-built: honestly reports revenue as 'Unavailable — 0 of N sale event(s) carry an amount' rather than assuming $0 (webinar-analytics.tsx:799-802) — but has the same zero-writer root cause as everything else in this domain.,NEEDS INTEGRATION,A
OPSW-0786,Ops → Webinar Analytics,During/after pitch,After-pitch sales/revenue,DERIVED,Same as 0785,close/sale events WITH a prior booked_call event for that lead,count + $ (same null-honesty rule),Selected date range,Yes,webinar_events,None,Yes,NEEDS INTEGRATION,A,Same as 0785,None,Same mechanism as 0785.,NEEDS INTEGRATION,A
OPSW-0787,Ops → Webinar Analytics,During/after pitch,After-pitch conversion,DERIVED,webinar-events.ts splitPitchOutcomes() — webinar-analytics.tsx:810-815,afterPitchSales / (afterPitchSales+duringPitchSales),%,Selected date range,Yes,webinar_events,None,Yes,NEEDS INTEGRATION,A,Same as 0785,None,None.,NEEDS INTEGRATION,A
OPSW-0788,Ops → Webinar Analytics,During/after pitch,Unclassified sales/revenue,DERIVED,Same as 0785 (unclassifiedSales — close/sale events with NO lead_id at all),Counted separately rather than guessed as during- or after-pitch,count + $ (null-honesty rule),Selected date range,Yes,webinar_events,None,No (explicitly un-attributable by design),NEEDS INTEGRATION,A,Same as 0785,None,"Explicitly never guessed into either bucket — 'assigning them to either would be a guess presented as a fact' (code comment webinar-events.ts:140-144), a strong honesty pattern.",NEEDS INTEGRATION,A
OPSW-0789,Ops → Webinar Analytics,Compare webinars table,Paid/Organic/Total leads,AGGREGATED,"ComparisonPanel (webinar-analytics.tsx:1201-1350), fed by compareWebinars() — webinar-analytics.ts:113-123, requires picking a 2nd real webinar from the org's own list","Same paidLeads/organicLeads/totalLeads formulas as 0755-0757, computed for 2 webinars side by side",count,Selected date range (both sides),Yes,webinar_metrics/webinar_events per selected webinar,None (bar-chart-in-table visualization only),N/A,NEEDS INTEGRATION,A,Same as 0738,None,"This is a real 2-webinar COMPARISON (needs >=2 webinars and a manual pick), not an N-row 'all webinars' grid — 'webinars.length < 2' shows an honest 'Add another webinar to enable a comparison' message (webinar-analytics.tsx:840-843) rather than a fake table.",NEEDS INTEGRATION,A
OPSW-0790,Ops → Webinar Analytics,Compare webinars table,Capture conversion,DERIVED,Same ComparisonPanel — webinar-analytics.tsx:1240-1249,totalLeads / paidVisits (aggregateWebinarMetrics capture.conversionRate),%,Selected date range,Yes,Same,None,N/A,NEEDS INTEGRATION,A,Same as 0738/0745,None,None.,NEEDS INTEGRATION,A
OPSW-0791,Ops → Webinar Analytics,Compare webinars table,Show-up rate,DERIVED,Same ComparisonPanel — webinar-analytics.tsx:1250-1260,Same as OPSW-0739,%,Selected date range,Yes,Same,None,N/A,NEEDS INTEGRATION,A,Same as 0738,DuplicateOf OPSW-0739/0762,"Same formula shown a 3rd time (this time per-webinar, side by side).",NEEDS INTEGRATION,A
OPSW-0792,Ops → Webinar Analytics,Compare webinars table,Live attendees,AGGREGATED,Same ComparisonPanel — webinar-analytics.tsx:1261-1267,Same as 0738,count,Selected date range,Yes,Same,None,N/A,NEEDS INTEGRATION,A,Same as 0738,DuplicateOf OPSW-0738/0763/0766/0773,Same number a 6th time.,NEEDS INTEGRATION,A
OPSW-0793,Ops → Webinar Analytics,Compare webinars table,Pitch attendees,AGGREGATED,Same ComparisonPanel — webinar-analytics.tsx:1268-1274,Same as 0740,count,Selected date range,Yes,Same,None,N/A,NEEDS INTEGRATION,A,Same as 0738,DuplicateOf OPSW-0740/0774,Same number a 4th time.,NEEDS INTEGRATION,A
OPSW-0794,Ops → Webinar Analytics,Compare webinars table,Deposits,AGGREGATED,Same ComparisonPanel — webinar-analytics.tsx:1275-1281,Same as 0776,count (given unit=$ is wrong — see 0776),Selected date range,Yes,Same,None,N/A,NEEDS INTEGRATION,A,Same as 0738,DuplicateOf OPSW-0776,Same count shown a 2nd time; same unit correction as 0776.,NEEDS INTEGRATION,A
OPSW-0795,Ops → Webinar Analytics,Compare webinars table,Total sales,AGGREGATED,Same ComparisonPanel — webinar-analytics.tsx:1282-1288,Same as OPSW-0770,count,Selected date range,Yes,Same,None,N/A,NEEDS INTEGRATION,A,Same as 0738,DuplicateOf OPSW-0770/0777,Same number a 4th time.,NEEDS INTEGRATION,A
OPSW-0796,Ops → Webinar Analytics,Compare webinars table,Revenue,AGGREGATED,Same ComparisonPanel — webinar-analytics.tsx:1289-1295,Same as OPSW-0741,$,Selected date range,Yes,Same,None,N/A,NEEDS INTEGRATION,A,Same as 0738,DuplicateOf OPSW-0741/0771/0778,Same number a 6th time.,NEEDS INTEGRATION,A
OPSW-0797,Ops → Webinar Analytics,Compare webinars table,ROAS,DERIVED,Same ComparisonPanel — webinar-analytics.tsx:1296-1310,Same formula as OPSW-0746,x,Selected date range,Yes,webinar_metrics ⋈ acquisition_spend,None,Yes,NEEDS INTEGRATION,A,Same as 0745,DuplicateOf OPSW-0746/0754/0783,Same ROAS number a 4th time.,NEEDS INTEGRATION,A
